season,round,raceName,circuitId,circuitName,country,driverId,code,givenName,familyName,constructorId,constructorName,grid_position,final_position,positionText,points,laps,status,time_millis,time_text,positions_gained
2020,1,Austrian Grand Prix,red_bull_ring,Red Bull Ring,Austria,bottas,BOT,Valtteri,Bottas,mercedes,Mercedes,1,1,1,25.0,71,Finished,5455739,1:30:55.739,0
2020,1,Austrian Grand Prix,red_bull_ring,Red Bull Ring,Austria,leclerc,LEC,Charles,Leclerc,ferrari,Ferrari,7,2,2,18.0,71,Finished,5458439,+2.700,5
2020,1,Austrian Grand Prix,red_bull_ring,Red Bull Ring,Austria,norris,NOR,Lando,Norris,mclaren,McLaren,3,3,3,16.0,71,Finished,5461230,+5.491,0
2020,1,Austrian Grand Prix,red_bull_ring,Red Bull Ring,Austria,hamilton,HAM,Lewis,Hamilton,mercedes,Mercedes,5,4,4,12.0,71,Finished,5461428,+5.689,1
2020,1,Austrian Grand Prix,red_bull_ring,Red Bull Ring,Austria,sainz,SAI,Carlos,Sainz,mclaren,McLaren,8,5,5,10.0,71,Finished,5464642,+8.903,3
2020,1,Austrian Grand Prix,red_bull_ring,Red Bull Ring,Austria,perez,PER,Sergio,Pérez,racing_point,Racing Point,6,6,6,8.0,71,Finished,5470831,+15.092,0
2020,1,Austrian Grand Prix,red_bull_ring,Red Bull Ring,Austria,gasly,GAS,Pierre,Gasly,alphatauri,AlphaTauri,12,7,7,6.0,71,Finished,5472421,+16.682,5
2020,1,Austrian Grand Prix,red_bull_ring,Red Bull Ring,Austria,ocon,OCO,Esteban,Ocon,renault,Renault,14,8,8,4.0,71,Finished,5473195,+17.456,6
2020,1,Austrian Grand Prix,red_bull_ring,Red Bull Ring,Austria,giovinazzi,GIO,Antonio,Giovinazzi,alfa,Alfa Romeo,18,9,9,2.0,71,Finished,5476885,+21.146,9
2020,1,Austrian Grand Prix,red_bull_ring,Red Bull Ring,Austria,vettel,VET,Sebastian,Vettel,ferrari,Ferrari,11,10,10,1.0,71,Finished,5480284,+24.545,1
2020,1,Austrian Grand Prix,red_bull_ring,Red Bull Ring,Austria,latifi,LAT,Nicholas,Latifi,williams,Williams,20,11,11,0.0,71,Finished,5487389,+31.650,9
2020,1,Austrian Grand Prix,red_bull_ring,Red Bull Ring,Austria,kvyat,KVY,Daniil,Kvyat,alphatauri,AlphaTauri,13,12,12,0.0,69,Suspension,,,1
2020,1,Austrian Grand Prix,red_bull_ring,Red Bull Ring,Austria,albon,ALB,Alexander,Albon,red_bull,Red Bull,4,13,13,0.0,67,Electronics,,,-9
2020,1,Austrian Grand Prix,red_bull_ring,Red Bull Ring,Austria,raikkonen,RAI,Kimi,Räikkönen,alfa,Alfa Romeo,19,14,R,0.0,53,Wheel,,,5
2020,1,Austrian Grand Prix,red_bull_ring,Red Bull Ring,Austria,russell,RUS,George,Russell,williams,Williams,17,15,R,0.0,49,Fuel pressure,,,2
2020,1,Austrian Grand Prix,red_bull_ring,Red Bull Ring,Austria,grosjean,GRO,Romain,Grosjean,haas,Haas F1 Team,15,16,R,0.0,49,Brakes,,,-1
2020,1,Austrian Grand Prix,red_bull_ring,Red Bull Ring,Austria,kevin_magnussen,MAG,Kevin,Magnussen,haas,Haas F1 Team,16,17,R,0.0,24,Brakes,,,-1
2020,1,Austrian Grand Prix,red_bull_ring,Red Bull Ring,Austria,stroll,STR,Lance,Stroll,racing_point,Racing Point,9,18,R,0.0,20,Engine,,,-9
2020,1,Austrian Grand Prix,red_bull_ring,Red Bull Ring,Austria,ricciardo,RIC,Daniel,Ricciardo,renault,Renault,10,19,R,0.0,17,Overheating,,,-9
2020,1,Austrian Grand Prix,red_bull_ring,Red Bull Ring,Austria,max_verstappen,VER,Max,Verstappen,red_bull,Red Bull,2,20,R,0.0,11,Electronics,,,-18
2020,2,Styrian Grand Prix,red_bull_ring,Red Bull Ring,Austria,hamilton,HAM,Lewis,Hamilton,mercedes,Mercedes,1,1,1,25.0,71,Finished,4970683,1:22:50.683,0
2020,2,Styrian Grand Prix,red_bull_ring,Red Bull Ring,Austria,bottas,BOT,Valtteri,Bottas,mercedes,Mercedes,4,2,2,18.0,71,Finished,4984402,+13.719,2
2020,2,Styrian Grand Prix,red_bull_ring,Red Bull Ring,Austria,max_verstappen,VER,Max,Verstappen,red_bull,Red Bull,2,3,3,15.0,71,Finished,5004381,+33.698,-1
2020,2,Styrian Grand Prix,red_bull_ring,Red Bull Ring,Austria,albon,ALB,Alexander,Albon,red_bull,Red Bull,6,4,4,12.0,71,Finished,5015083,+44.400,2
2020,2,Styrian Grand Prix,red_bull_ring,Red Bull Ring,Austria,norris,NOR,Lando,Norris,mclaren,McLaren,9,5,5,10.0,71,Finished,5032153,+1:01.470,4
2020,2,Styrian Grand Prix,red_bull_ring,Red Bull Ring,Austria,perez,PER,Sergio,Pérez,racing_point,Racing Point,17,6,6,8.0,71,Finished,5033070,+1:02.387,11
2020,2,Styrian Grand Prix,red_bull_ring,Red Bull Ring,Austria,stroll,STR,Lance,Stroll,racing_point,Racing Point,12,7,7,6.0,71,Finished,5033136,+1:02.453,5
2020,2,Styrian Grand Prix,red_bull_ring,Red Bull Ring,Austria,ricciardo,RIC,Daniel,Ricciardo,renault,Renault,8,8,8,4.0,71,Finished,5033274,+1:02.591,0
2020,2,Styrian Grand Prix,red_bull_ring,Red Bull Ring,Austria,sainz,SAI,Carlos,Sainz,mclaren,McLaren,3,9,9,3.0,70,+1 Lap,,,-6
2020,2,Styrian Grand Prix,red_bull_ring,Red Bull Ring,Austria,kvyat,KVY,Daniil,Kvyat,alphatauri,AlphaTauri,13,10,10,1.0,70,+1 Lap,,,3
2020,2,Styrian Grand Prix,red_bull_ring,Red Bull Ring,Austria,raikkonen,RAI,Kimi,Räikkönen,alfa,Alfa Romeo,16,11,11,0.0,70,+1 Lap,,,5
2020,2,Styrian Grand Prix,red_bull_ring,Red Bull Ring,Austria,kevin_magnussen,MAG,Kevin,Magnussen,haas,Haas F1 Team,15,12,12,0.0,70,+1 Lap,,,3
2020,2,Styrian Grand Prix,red_bull_ring,Red Bull Ring,Austria,grosjean,GRO,Romain,Grosjean,haas,Haas F1 Team,0,13,13,0.0,70,+1 Lap,,,-13
2020,2,Styrian Grand Prix,red_bull_ring,Red Bull Ring,Austria,giovinazzi,GIO,Antonio,Giovinazzi,alfa,Alfa Romeo,19,14,14,0.0,70,+1 Lap,,,5
2020,2,Styrian Grand Prix,red_bull_ring,Red Bull Ring,Austria,gasly,GAS,Pierre,Gasly,alphatauri,AlphaTauri,7,15,15,0.0,70,+1 Lap,,,-8
2020,2,Styrian Grand Prix,red_bull_ring,Red Bull Ring,Austria,russell,RUS,George,Russell,williams,Williams,11,16,16,0.0,69,+2 Laps,,,-5
2020,2,Styrian Grand Prix,red_bull_ring,Red Bull Ring,Austria,latifi,LAT,Nicholas,Latifi,williams,Williams,18,17,17,0.0,69,+2 Laps,,,1
2020,2,Styrian Grand Prix,red_bull_ring,Red Bull Ring,Austria,ocon,OCO,Esteban,Ocon,renault,Renault,5,18,R,0.0,25,Overheating,,,-13
2020,2,Styrian Grand Prix,red_bull_ring,Red Bull Ring,Austria,leclerc,LEC,Charles,Leclerc,ferrari,Ferrari,14,19,R,0.0,4,Collision damage,,,-5
2020,2,Styrian Grand Prix,red_bull_ring,Red Bull Ring,Austria,vettel,VET,Sebastian,Vettel,ferrari,Ferrari,10,20,R,0.0,1,Collision damage,,,-10
2020,3,Hungarian Grand Prix,hungaroring,Hungaroring,Hungary,hamilton,HAM,Lewis,Hamilton,mercedes,Mercedes,1,1,1,26.0,70,Finished,5772473,1:36:12.473,0
2020,3,Hungarian Grand Prix,hungaroring,Hungaroring,Hungary,max_verstappen,VER,Max,Verstappen,red_bull,Red Bull,7,2,2,18.0,70,Finished,5781175,+8.702,5
2020,3,Hungarian Grand Prix,hungaroring,Hungaroring,Hungary,bottas,BOT,Valtteri,Bottas,mercedes,Mercedes,2,3,3,15.0,70,Finished,5781925,+9.452,-1
2020,3,Hungarian Grand Prix,hungaroring,Hungaroring,Hungary,stroll,STR,Lance,Stroll,racing_point,Racing Point,3,4,4,12.0,70,Finished,5830052,+57.579,-1
2020,3,Hungarian Grand Prix,hungaroring,Hungaroring,Hungary,albon,ALB,Alexander,Albon,red_bull,Red Bull,13,5,5,10.0,70,Finished,5850789,+1:18.316,8
2020,3,Hungarian Grand Prix,hungaroring,Hungaroring,Hungary,vettel,VET,Sebastian,Vettel,ferrari,Ferrari,5,6,6,8.0,69,+1 Lap,,,-1
2020,3,Hungarian Grand Prix,hungaroring,Hungaroring,Hungary,perez,PER,Sergio,Pérez,racing_point,Racing Point,4,7,7,6.0,69,+1 Lap,,,-3
2020,3,Hungarian Grand Prix,hungaroring,Hungaroring,Hungary,ricciardo,RIC,Daniel,Ricciardo,renault,Renault,11,8,8,4.0,69,+1 Lap,,,3
2020,3,Hungarian Grand Prix,hungaroring,Hungaroring,Hungary,sainz,SAI,Carlos,Sainz,mclaren,McLaren,9,9,9,2.0,69,+1 Lap,,,0
2020,3,Hungarian Grand Prix,hungaroring,Hungaroring,Hungary,kevin_magnussen,MAG,Kevin,Magnussen,haas,Haas F1 Team,0,10,10,1.0,69,+1 Lap,,,-10
2020,3,Hungarian Grand Prix,hungaroring,Hungaroring,Hungary,leclerc,LEC,Charles,Leclerc,ferrari,Ferrari,6,11,11,0.0,69,+1 Lap,,,-5
2020,3,Hungarian Grand Prix,hungaroring,Hungaroring,Hungary,kvyat,KVY,Daniil,Kvyat,alphatauri,AlphaTauri,17,12,12,0.0,69,+1 Lap,,,5
2020,3,Hungarian Grand Prix,hungaroring,Hungaroring,Hungary,norris,NOR,Lando,Norris,mclaren,McLaren,8,13,13,0.0,69,+1 Lap,,,-5
2020,3,Hungarian Grand Prix,hungaroring,Hungaroring,Hungary,ocon,OCO,Esteban,Ocon,renault,Renault,14,14,14,0.0,69,+1 Lap,,,0
2020,3,Hungarian Grand Prix,hungaroring,Hungaroring,Hungary,raikkonen,RAI,Kimi,Räikkönen,alfa,Alfa Romeo,20,15,15,0.0,69,+1 Lap,,,5
2020,3,Hungarian Grand Prix,hungaroring,Hungaroring,Hungary,grosjean,GRO,Romain,Grosjean,haas,Haas F1 Team,0,16,16,0.0,69,+1 Lap,,,-16
2020,3,Hungarian Grand Prix,hungaroring,Hungaroring,Hungary,giovinazzi,GIO,Antonio,Giovinazzi,alfa,Alfa Romeo,19,17,17,0.0,69,+1 Lap,,,2
2020,3,Hungarian Grand Prix,hungaroring,Hungaroring,Hungary,russell,RUS,George,Russell,williams,Williams,12,18,18,0.0,69,+1 Lap,,,-6
2020,3,Hungarian Grand Prix,hungaroring,Hungaroring,Hungary,latifi,LAT,Nicholas,Latifi,williams,Williams,15,19,19,0.0,65,+5 Laps,,,-4
2020,3,Hungarian Grand Prix,hungaroring,Hungaroring,Hungary,gasly,GAS,Pierre,Gasly,alphatauri,AlphaTauri,10,20,R,0.0,15,Engine,,,-10
2020,4,British Grand Prix,silverstone,Silverstone Circuit,UK,hamilton,HAM,Lewis,Hamilton,mercedes,Mercedes,1,1,1,25.0,52,Finished,5281283,1:28:01.283,0
2020,4,British Grand Prix,silverstone,Silverstone Circuit,UK,max_verstappen,VER,Max,Verstappen,red_bull,Red Bull,3,2,2,19.0,52,Finished,5287139,+5.856,1
2020,4,British Grand Prix,silverstone,Silverstone Circuit,UK,leclerc,LEC,Charles,Leclerc,ferrari,Ferrari,4,3,3,15.0,52,Finished,5299757,+18.474,1
2020,4,British Grand Prix,silverstone,Silverstone Circuit,UK,ricciardo,RIC,Daniel,Ricciardo,renault,Renault,8,4,4,12.0,52,Finished,5300933,+19.650,4
2020,4,British Grand Prix,silverstone,Silverstone Circuit,UK,norris,NOR,Lando,Norris,mclaren,McLaren,5,5,5,10.0,52,Finished,5303560,+22.277,0
2020,4,British Grand Prix,silverstone,Silverstone Circuit,UK,ocon,OCO,Esteban,Ocon,renault,Renault,9,6,6,8.0,52,Finished,5308220,+26.937,3
2020,4,British Grand Prix,silverstone,Silverstone Circuit,UK,gasly,GAS,Pierre,Gasly,alphatauri,AlphaTauri,11,7,7,6.0,52,Finished,5312471,+31.188,4
2020,4,British Grand Prix,silverstone,Silverstone Circuit,UK,albon,ALB,Alexander,Albon,red_bull,Red Bull,12,8,8,4.0,52,Finished,5313953,+32.670,4
2020,4,British Grand Prix,silverstone,Silverstone Circuit,UK,stroll,STR,Lance,Stroll,racing_point,Racing Point,6,9,9,2.0,52,Finished,5318594,+37.311,-3
2020,4,British Grand Prix,silverstone,Silverstone Circuit,UK,vettel,VET,Sebastian,Vettel,ferrari,Ferrari,10,10,10,1.0,52,Finished,5323140,+41.857,0
2020,4,British Grand Prix,silverstone,Silverstone Circuit,UK,bottas,BOT,Valtteri,Bottas,mercedes,Mercedes,2,11,11,0.0,52,Finished,5323450,+42.167,-9
2020,4,British Grand Prix,silverstone,Silverstone Circuit,UK,russell,RUS,George,Russell,williams,Williams,20,12,12,0.0,52,Finished,5333287,+52.004,8
2020,4,British Grand Prix,silverstone,Silverstone Circuit,UK,sainz,SAI,Carlos,Sainz,mclaren,McLaren,7,13,13,0.0,52,Finished,5334653,+53.370,-6
2020,4,British Grand Prix,silverstone,Silverstone Circuit,UK,giovinazzi,GIO,Antonio,Giovinazzi,alfa,Alfa Romeo,15,14,14,0.0,52,Finished,5335488,+54.205,1
2020,4,British Grand Prix,silverstone,Silverstone Circuit,UK,latifi,LAT,Nicholas,Latifi,williams,Williams,18,15,15,0.0,52,Finished,5335832,+54.549,3
2020,4,British Grand Prix,silverstone,Silverstone Circuit,UK,grosjean,GRO,Romain,Grosjean,haas,Haas F1 Team,17,16,16,0.0,52,Finished,5336333,+55.050,1
2020,4,British Grand Prix,silverstone,Silverstone Circuit,UK,raikkonen,RAI,Kimi,Räikkönen,alfa,Alfa Romeo,16,17,17,0.0,51,+1 Lap,,,-1
2020,4,British Grand Prix,silverstone,Silverstone Circuit,UK,kvyat,KVY,Daniil,Kvyat,alphatauri,AlphaTauri,19,18,R,0.0,11,Accident,,,1
2020,4,British Grand Prix,silverstone,Silverstone Circuit,UK,kevin_magnussen,MAG,Kevin,Magnussen,haas,Haas F1 Team,14,19,R,0.0,1,Collision,,,-5
2020,4,British Grand Prix,silverstone,Silverstone Circuit,UK,hulkenberg,HUL,Nico,Hülkenberg,racing_point,Racing Point,13,20,W,0.0,0,Power Unit,,,-7
2020,5,70th Anniversary Grand Prix,silverstone,Silverstone Circuit,UK,max_verstappen,VER,Max,Verstappen,red_bull,Red Bull,4,1,1,25.0,52,Finished,4781993,1:19:41.993,3
2020,5,70th Anniversary Grand Prix,silverstone,Silverstone Circuit,UK,hamilton,HAM,Lewis,Hamilton,mercedes,Mercedes,2,2,2,19.0,52,Finished,4793319,+11.326,0
2020,5,70th Anniversary Grand Prix,silverstone,Silverstone Circuit,UK,bottas,BOT,Valtteri,Bottas,mercedes,Mercedes,1,3,3,15.0,52,Finished,4801224,+19.231,-2
2020,5,70th Anniversary Grand Prix,silverstone,Silverstone Circuit,UK,leclerc,LEC,Charles,Leclerc,ferrari,Ferrari,8,4,4,12.0,52,Finished,4811282,+29.289,4
2020,5,70th Anniversary Grand Prix,silverstone,Silverstone Circuit,UK,albon,ALB,Alexander,Albon,red_bull,Red Bull,9,5,5,10.0,52,Finished,4821139,+39.146,4
2020,5,70th Anniversary Grand Prix,silverstone,Silverstone Circuit,UK,stroll,STR,Lance,Stroll,racing_point,Racing Point,6,6,6,8.0,52,Finished,4824531,+42.538,0
2020,5,70th Anniversary Grand Prix,silverstone,Silverstone Circuit,UK,hulkenberg,HUL,Nico,Hülkenberg,racing_point,Racing Point,3,7,7,6.0,52,Finished,4837944,+55.951,-4
2020,5,70th Anniversary Grand Prix,silverstone,Silverstone Circuit,UK,ocon,OCO,Esteban,Ocon,renault,Renault,14,8,8,4.0,52,Finished,4846766,+1:04.773,6
2020,5,70th Anniversary Grand Prix,silverstone,Silverstone Circuit,UK,norris,NOR,Lando,Norris,mclaren,McLaren,10,9,9,2.0,52,Finished,4847537,+1:05.544,1
2020,5,70th Anniversary Grand Prix,silverstone,Silverstone Circuit,UK,kvyat,KVY,Daniil,Kvyat,alphatauri,AlphaTauri,16,10,10,1.0,52,Finished,4851662,+1:09.669,6
2020,5,70th Anniversary Grand Prix,silverstone,Silverstone Circuit,UK,gasly,GAS,Pierre,Gasly,alphatauri,AlphaTauri,7,11,11,0.0,52,Finished,4852635,+1:10.642,-4
2020,5,70th Anniversary Grand Prix,silverstone,Silverstone Circuit,UK,vettel,VET,Sebastian,Vettel,ferrari,Ferrari,11,12,12,0.0,52,Finished,4855363,+1:13.370,-1
2020,5,70th Anniversary Grand Prix,silverstone,Silverstone Circuit,UK,sainz,SAI,Carlos,Sainz,mclaren,McLaren,12,13,13,0.0,52,Finished,4856063,+1:14.070,-1
2020,5,70th Anniversary Grand Prix,silverstone,Silverstone Circuit,UK,ricciardo,RIC,Daniel,Ricciardo,renault,Renault,5,14,14,0.0,51,+1 Lap,,,-9
2020,5,70th Anniversary Grand Prix,silverstone,Silverstone Circuit,UK,raikkonen,RAI,Kimi,Räikkönen,alfa,Alfa Romeo,20,15,15,0.0,51,+1 Lap,,,5
2020,5,70th Anniversary Grand Prix,silverstone,Silverstone Circuit,UK,grosjean,GRO,Romain,Grosjean,haas,Haas F1 Team,13,16,16,0.0,51,+1 Lap,,,-3
2020,5,70th Anniversary Grand Prix,silverstone,Silverstone Circuit,UK,giovinazzi,GIO,Antonio,Giovinazzi,alfa,Alfa Romeo,19,17,17,0.0,51,+1 Lap,,,2
2020,5,70th Anniversary Grand Prix,silverstone,Silverstone Circuit,UK,russell,RUS,George,Russell,williams,Williams,15,18,18,0.0,51,+1 Lap,,,-3
2020,5,70th Anniversary Grand Prix,silverstone,Silverstone Circuit,UK,latifi,LAT,Nicholas,Latifi,williams,Williams,18,19,19,0.0,51,+1 Lap,,,-1
2020,5,70th Anniversary Grand Prix,silverstone,Silverstone Circuit,UK,kevin_magnussen,MAG,Kevin,Magnussen,haas,Haas F1 Team,17,20,R,0.0,43,Retired,,,-3
2020,6,Spanish Grand Prix,catalunya,Circuit de Barcelona-Catalunya,Spain,hamilton,HAM,Lewis,Hamilton,mercedes,Mercedes,1,1,1,25.0,66,Finished,5505279,1:31:45.279,0
2020,6,Spanish Grand Prix,catalunya,Circuit de Barcelona-Catalunya,Spain,max_verstappen,VER,Max,Verstappen,red_bull,Red Bull,3,2,2,18.0,66,Finished,5529456,+24.177,1
2020,6,Spanish Grand Prix,catalunya,Circuit de Barcelona-Catalunya,Spain,bottas,BOT,Valtteri,Bottas,mercedes,Mercedes,2,3,3,16.0,66,Finished,5550031,+44.752,-1
2020,6,Spanish Grand Prix,catalunya,Circuit de Barcelona-Catalunya,Spain,stroll,STR,Lance,Stroll,racing_point,Racing Point,5,4,4,12.0,65,+1 Lap,,,1
2020,6,Spanish Grand Prix,catalunya,Circuit de Barcelona-Catalunya,Spain,perez,PER,Sergio,Pérez,racing_point,Racing Point,4,5,5,10.0,65,+1 Lap,,,-1
2020,6,Spanish Grand Prix,catalunya,Circuit de Barcelona-Catalunya,Spain,sainz,SAI,Carlos,Sainz,mclaren,McLaren,7,6,6,8.0,65,+1 Lap,,,1
2020,6,Spanish Grand Prix,catalunya,Circuit de Barcelona-Catalunya,Spain,vettel,VET,Sebastian,Vettel,ferrari,Ferrari,11,7,7,6.0,65,+1 Lap,,,4
2020,6,Spanish Grand Prix,catalunya,Circuit de Barcelona-Catalunya,Spain,albon,ALB,Alexander,Albon,red_bull,Red Bull,6,8,8,4.0,65,+1 Lap,,,-2
2020,6,Spanish Grand Prix,catalunya,Circuit de Barcelona-Catalunya,Spain,gasly,GAS,Pierre,Gasly,alphatauri,AlphaTauri,10,9,9,2.0,65,+1 Lap,,,1
2020,6,Spanish Grand Prix,catalunya,Circuit de Barcelona-Catalunya,Spain,norris,NOR,Lando,Norris,mclaren,McLaren,8,10,10,1.0,65,+1 Lap,,,-2
2020,6,Spanish Grand Prix,catalunya,Circuit de Barcelona-Catalunya,Spain,ricciardo,RIC,Daniel,Ricciardo,renault,Renault,13,11,11,0.0,65,+1 Lap,,,2
2020,6,Spanish Grand Prix,catalunya,Circuit de Barcelona-Catalunya,Spain,kvyat,KVY,Daniil,Kvyat,alphatauri,AlphaTauri,12,12,12,0.0,65,+1 Lap,,,0
2020,6,Spanish Grand Prix,catalunya,Circuit de Barcelona-Catalunya,Spain,ocon,OCO,Esteban,Ocon,renault,Renault,15,13,13,0.0,65,+1 Lap,,,2
2020,6,Spanish Grand Prix,catalunya,Circuit de Barcelona-Catalunya,Spain,raikkonen,RAI,Kimi,Räikkönen,alfa,Alfa Romeo,14,14,14,0.0,65,+1 Lap,,,0
2020,6,Spanish Grand Prix,catalunya,Circuit de Barcelona-Catalunya,Spain,kevin_magnussen,MAG,Kevin,Magnussen,haas,Haas F1 Team,16,15,15,0.0,65,+1 Lap,,,1
2020,6,Spanish Grand Prix,catalunya,Circuit de Barcelona-Catalunya,Spain,giovinazzi,GIO,Antonio,Giovinazzi,alfa,Alfa Romeo,20,16,16,0.0,65,+1 Lap,,,4
2020,6,Spanish Grand Prix,catalunya,Circuit de Barcelona-Catalunya,Spain,russell,RUS,George,Russell,williams,Williams,18,17,17,0.0,65,+1 Lap,,,1
2020,6,Spanish Grand Prix,catalunya,Circuit de Barcelona-Catalunya,Spain,latifi,LAT,Nicholas,Latifi,williams,Williams,19,18,18,0.0,64,+2 Laps,,,1
2020,6,Spanish Grand Prix,catalunya,Circuit de Barcelona-Catalunya,Spain,grosjean,GRO,Romain,Grosjean,haas,Haas F1 Team,17,19,19,0.0,64,+2 Laps,,,-2
2020,6,Spanish Grand Prix,catalunya,Circuit de Barcelona-Catalunya,Spain,leclerc,LEC,Charles,Leclerc,ferrari,Ferrari,9,20,R,0.0,38,Electronics,,,-11
2020,7,Belgian Grand Prix,spa,Circuit de Spa-Francorchamps,Belgium,hamilton,HAM,Lewis,Hamilton,mercedes,Mercedes,1,1,1,25.0,44,Finished,5048761,1:24:08.761,0
2020,7,Belgian Grand Prix,spa,Circuit de Spa-Francorchamps,Belgium,bottas,BOT,Valtteri,Bottas,mercedes,Mercedes,2,2,2,18.0,44,Finished,5057209,+8.448,0
2020,7,Belgian Grand Prix,spa,Circuit de Spa-Francorchamps,Belgium,max_verstappen,VER,Max,Verstappen,red_bull,Red Bull,3,3,3,15.0,44,Finished,5064216,+15.455,0
2020,7,Belgian Grand Prix,spa,Circuit de Spa-Francorchamps,Belgium,ricciardo,RIC,Daniel,Ricciardo,renault,Renault,4,4,4,13.0,44,Finished,5067638,+18.877,0
2020,7,Belgian Grand Prix,spa,Circuit de Spa-Francorchamps,Belgium,ocon,OCO,Esteban,Ocon,renault,Renault,6,5,5,10.0,44,Finished,5089411,+40.650,1
2020,7,Belgian Grand Prix,spa,Circuit de Spa-Francorchamps,Belgium,albon,ALB,Alexander,Albon,red_bull,Red Bull,5,6,6,8.0,44,Finished,5091473,+42.712,-1
2020,7,Belgian Grand Prix,spa,Circuit de Spa-Francorchamps,Belgium,norris,NOR,Lando,Norris,mclaren,McLaren,10,7,7,6.0,44,Finished,5092535,+43.774,3
2020,7,Belgian Grand Prix,spa,Circuit de Spa-Francorchamps,Belgium,gasly,GAS,Pierre,Gasly,alphatauri,AlphaTauri,12,8,8,4.0,44,Finished,5096132,+47.371,4
2020,7,Belgian Grand Prix,spa,Circuit de Spa-Francorchamps,Belgium,stroll,STR,Lance,Stroll,racing_point,Racing Point,9,9,9,2.0,44,Finished,5101364,+52.603,0
2020,7,Belgian Grand Prix,spa,Circuit de Spa-Francorchamps,Belgium,perez,PER,Sergio,Pérez,racing_point,Racing Point,8,10,10,1.0,44,Finished,5101940,+53.179,-2
2020,7,Belgian Grand Prix,spa,Circuit de Spa-Francorchamps,Belgium,kvyat,KVY,Daniil,Kvyat,alphatauri,AlphaTauri,11,11,11,0.0,44,Finished,5118961,+1:10.200,0
2020,7,Belgian Grand Prix,spa,Circuit de Spa-Francorchamps,Belgium,raikkonen,RAI,Kimi,Räikkönen,alfa,Alfa Romeo,16,12,12,0.0,44,Finished,5120265,+1:11.504,4
2020,7,Belgian Grand Prix,spa,Circuit de Spa-Francorchamps,Belgium,vettel,VET,Sebastian,Vettel,ferrari,Ferrari,14,13,13,0.0,44,Finished,5121655,+1:12.894,1
2020,7,Belgian Grand Prix,spa,Circuit de Spa-Francorchamps,Belgium,leclerc,LEC,Charles,Leclerc,ferrari,Ferrari,13,14,14,0.0,44,Finished,5123681,+1:14.920,-1
2020,7,Belgian Grand Prix,spa,Circuit de Spa-Francorchamps,Belgium,grosjean,GRO,Romain,Grosjean,haas,Haas F1 Team,17,15,15,0.0,44,Finished,5125554,+1:16.793,2
2020,7,Belgian Grand Prix,spa,Circuit de Spa-Francorchamps,Belgium,latifi,LAT,Nicholas,Latifi,williams,Williams,19,16,16,0.0,44,Finished,5126556,+1:17.795,3
2020,7,Belgian Grand Prix,spa,Circuit de Spa-Francorchamps,Belgium,kevin_magnussen,MAG,Kevin,Magnussen,haas,Haas F1 Team,20,17,17,0.0,44,Finished,5134301,+1:25.540,3
2020,7,Belgian Grand Prix,spa,Circuit de Spa-Francorchamps,Belgium,giovinazzi,GIO,Antonio,Giovinazzi,alfa,Alfa Romeo,18,18,R,0.0,9,Accident,,,0
2020,7,Belgian Grand Prix,spa,Circuit de Spa-Francorchamps,Belgium,russell,RUS,George,Russell,williams,Williams,15,19,R,0.0,9,Debris,,,-4
2020,7,Belgian Grand Prix,spa,Circuit de Spa-Francorchamps,Belgium,sainz,SAI,Carlos,Sainz,mclaren,McLaren,7,20,W,0.0,0,Exhaust,,,-13
2020,8,Italian Grand Prix,monza,Autodromo Nazionale di Monza,Italy,gasly,GAS,Pierre,Gasly,alphatauri,AlphaTauri,10,1,1,25.0,53,Finished,6426056,1:47:06.056,9
2020,8,Italian Grand Prix,monza,Autodromo Nazionale di Monza,Italy,sainz,SAI,Carlos,Sainz,mclaren,McLaren,3,2,2,18.0,53,Finished,6426471,+0.415,1
2020,8,Italian Grand Prix,monza,Autodromo Nazionale di Monza,Italy,stroll,STR,Lance,Stroll,racing_point,Racing Point,8,3,3,15.0,53,Finished,6429414,+3.358,5
2020,8,Italian Grand Prix,monza,Autodromo Nazionale di Monza,Italy,norris,NOR,Lando,Norris,mclaren,McLaren,6,4,4,12.0,53,Finished,6432056,+6.000,2
2020,8,Italian Grand Prix,monza,Autodromo Nazionale di Monza,Italy,bottas,BOT,Valtteri,Bottas,mercedes,Mercedes,2,5,5,10.0,53,Finished,6433164,+7.108,-3
2020,8,Italian Grand Prix,monza,Autodromo Nazionale di Monza,Italy,ricciardo,RIC,Daniel,Ricciardo,renault,Renault,7,6,6,8.0,53,Finished,6434447,+8.391,1
2020,8,Italian Grand Prix,monza,Autodromo Nazionale di Monza,Italy,hamilton,HAM,Lewis,Hamilton,mercedes,Mercedes,1,7,7,7.0,53,Finished,6443301,+17.245,-6
2020,8,Italian Grand Prix,monza,Autodromo Nazionale di Monza,Italy,ocon,OCO,Esteban,Ocon,renault,Renault,12,8,8,4.0,53,Finished,6444747,+18.691,4
2020,8,Italian Grand Prix,monza,Autodromo Nazionale di Monza,Italy,kvyat,KVY,Daniil,Kvyat,alphatauri,AlphaTauri,11,9,9,2.0,53,Finished,6448264,+22.208,2
2020,8,Italian Grand Prix,monza,Autodromo Nazionale di Monza,Italy,perez,PER,Sergio,Pérez,racing_point,Racing Point,4,10,10,1.0,53,Finished,6449280,+23.224,-6
2020,8,Italian Grand Prix,monza,Autodromo Nazionale di Monza,Italy,latifi,LAT,Nicholas,Latifi,williams,Williams,20,11,11,0.0,53,Finished,6458932,+32.876,9
2020,8,Italian Grand Prix,monza,Autodromo Nazionale di Monza,Italy,grosjean,GRO,Romain,Grosjean,haas,Haas F1 Team,16,12,12,0.0,53,Finished,6461220,+35.164,4
2020,8,Italian Grand Prix,monza,Autodromo Nazionale di Monza,Italy,raikkonen,RAI,Kimi,Räikkönen,alfa,Alfa Romeo,14,13,13,0.0,53,Finished,6462368,+36.312,1
2020,8,Italian Grand Prix,monza,Autodromo Nazionale di Monza,Italy,russell,RUS,George,Russell,williams,Williams,19,14,14,0.0,53,Finished,6462649,+36.593,5
2020,8,Italian Grand Prix,monza,Autodromo Nazionale di Monza,Italy,albon,ALB,Alexander,Albon,red_bull,Red Bull,9,15,15,0.0,53,Finished,6463589,+37.533,-6
2020,8,Italian Grand Prix,monza,Autodromo Nazionale di Monza,Italy,giovinazzi,GIO,Antonio,Giovinazzi,alfa,Alfa Romeo,18,16,16,0.0,53,Finished,6481255,+55.199,2
2020,8,Italian Grand Prix,monza,Autodromo Nazionale di Monza,Italy,max_verstappen,VER,Max,Verstappen,red_bull,Red Bull,5,17,R,0.0,30,Power Unit,,,-12
2020,8,Italian Grand Prix,monza,Autodromo Nazionale di Monza,Italy,leclerc,LEC,Charles,Leclerc,ferrari,Ferrari,13,18,R,0.0,23,Accident,,,-5
2020,8,Italian Grand Prix,monza,Autodromo Nazionale di Monza,Italy,kevin_magnussen,MAG,Kevin,Magnussen,haas,Haas F1 Team,15,19,R,0.0,17,Power Unit,,,-4
2020,8,Italian Grand Prix,monza,Autodromo Nazionale di Monza,Italy,vettel,VET,Sebastian,Vettel,ferrari,Ferrari,17,20,R,0.0,6,Brakes,,,-3
2020,9,Tuscan Grand Prix,mugello,Autodromo Internazionale del Mugello,Italy,hamilton,HAM,Lewis,Hamilton,mercedes,Mercedes,1,1,1,26.0,59,Finished,8375059,2:19:35.060,0
2020,9,Tuscan Grand Prix,mugello,Autodromo Internazionale del Mugello,Italy,bottas,BOT,Valtteri,Bottas,mercedes,Mercedes,2,2,2,18.0,59,Finished,8379940,+4.880,0
2020,9,Tuscan Grand Prix,mugello,Autodromo Internazionale del Mugello,Italy,albon,ALB,Alexander,Albon,red_bull,Red Bull,4,3,3,15.0,59,Finished,8383124,+8.064,1
2020,9,Tuscan Grand Prix,mugello,Autodromo Internazionale del Mugello,Italy,ricciardo,RIC,Daniel,Ricciardo,renault,Renault,8,4,4,12.0,59,Finished,8385477,+10.417,4
2020,9,Tuscan Grand Prix,mugello,Autodromo Internazionale del Mugello,Italy,perez,PER,Sergio,Pérez,racing_point,Racing Point,7,5,5,10.0,59,Finished,8390710,+15.650,2
2020,9,Tuscan Grand Prix,mugello,Autodromo Internazionale del Mugello,Italy,norris,NOR,Lando,Norris,mclaren,McLaren,11,6,6,8.0,59,Finished,8393943,+18.883,5
2020,9,Tuscan Grand Prix,mugello,Autodromo Internazionale del Mugello,Italy,kvyat,KVY,Daniil,Kvyat,alphatauri,AlphaTauri,12,7,7,6.0,59,Finished,8396816,+21.756,5
2020,9,Tuscan Grand Prix,mugello,Autodromo Internazionale del Mugello,Italy,leclerc,LEC,Charles,Leclerc,ferrari,Ferrari,5,8,8,4.0,59,Finished,8403405,+28.345,-3
2020,9,Tuscan Grand Prix,mugello,Autodromo Internazionale del Mugello,Italy,raikkonen,RAI,Kimi,Räikkönen,alfa,Alfa Romeo,13,9,9,2.0,59,Finished,8404830,+29.770,4
2020,9,Tuscan Grand Prix,mugello,Autodromo Internazionale del Mugello,Italy,vettel,VET,Sebastian,Vettel,ferrari,Ferrari,14,10,10,1.0,59,Finished,8405043,+29.983,4
2020,9,Tuscan Grand Prix,mugello,Autodromo Internazionale del Mugello,Italy,russell,RUS,George,Russell,williams,Williams,18,11,11,0.0,59,Finished,8407464,+32.404,7
2020,9,Tuscan Grand Prix,mugello,Autodromo Internazionale del Mugello,Italy,grosjean,GRO,Romain,Grosjean,haas,Haas F1 Team,15,12,12,0.0,59,Finished,8417096,+42.036,3
2020,9,Tuscan Grand Prix,mugello,Autodromo Internazionale del Mugello,Italy,stroll,STR,Lance,Stroll,racing_point,Racing Point,6,13,R,0.0,42,Puncture,,,-7
2020,9,Tuscan Grand Prix,mugello,Autodromo Internazionale del Mugello,Italy,ocon,OCO,Esteban,Ocon,renault,Renault,10,14,R,0.0,7,Brakes,,,-4
2020,9,Tuscan Grand Prix,mugello,Autodromo Internazionale del Mugello,Italy,latifi,LAT,Nicholas,Latifi,williams,Williams,19,15,R,0.0,6,Collision,,,4
2020,9,Tuscan Grand Prix,mugello,Autodromo Internazionale del Mugello,Italy,kevin_magnussen,MAG,Kevin,Magnussen,haas,Haas F1 Team,20,16,R,0.0,5,Collision,,,4
2020,9,Tuscan Grand Prix,mugello,Autodromo Internazionale del Mugello,Italy,giovinazzi,GIO,Antonio,Giovinazzi,alfa,Alfa Romeo,17,17,R,0.0,5,Collision,,,0
2020,9,Tuscan Grand Prix,mugello,Autodromo Internazionale del Mugello,Italy,sainz,SAI,Carlos,Sainz,mclaren,McLaren,9,18,R,0.0,5,Collision,,,-9
2020,9,Tuscan Grand Prix,mugello,Autodromo Internazionale del Mugello,Italy,max_verstappen,VER,Max,Verstappen,red_bull,Red Bull,3,19,R,0.0,0,Collision,,,-16
2020,9,Tuscan Grand Prix,mugello,Autodromo Internazionale del Mugello,Italy,gasly,GAS,Pierre,Gasly,alphatauri,AlphaTauri,16,20,R,0.0,0,Collision,,,-4
2020,10,Russian Grand Prix,sochi,Sochi Autodrom,Russia,bottas,BOT,Valtteri,Bottas,mercedes,Mercedes,3,1,1,26.0,53,Finished,5640364,1:34:00.364,2
2020,10,Russian Grand Prix,sochi,Sochi Autodrom,Russia,max_verstappen,VER,Max,Verstappen,red_bull,Red Bull,2,2,2,18.0,53,Finished,5648093,+7.729,0
2020,10,Russian Grand Prix,sochi,Sochi Autodrom,Russia,hamilton,HAM,Lewis,Hamilton,mercedes,Mercedes,1,3,3,15.0,53,Finished,5663093,+22.729,-2
2020,10,Russian Grand Prix,sochi,Sochi Autodrom,Russia,perez,PER,Sergio,Pérez,racing_point,Racing Point,4,4,4,12.0,53,Finished,5670922,+30.558,0
2020,10,Russian Grand Prix,sochi,Sochi Autodrom,Russia,ricciardo,RIC,Daniel,Ricciardo,renault,Renault,5,5,5,10.0,53,Finished,5692429,+52.065,0
2020,10,Russian Grand Prix,sochi,Sochi Autodrom,Russia,leclerc,LEC,Charles,Leclerc,ferrari,Ferrari,10,6,6,8.0,53,Finished,5702550,+1:02.186,4
2020,10,Russian Grand Prix,sochi,Sochi Autodrom,Russia,ocon,OCO,Esteban,Ocon,renault,Renault,7,7,7,6.0,53,Finished,5708370,+1:08.006,0
2020,10,Russian Grand Prix,sochi,Sochi Autodrom,Russia,kvyat,KVY,Daniil,Kvyat,alphatauri,AlphaTauri,11,8,8,4.0,53,Finished,5709104,+1:08.740,3
2020,10,Russian Grand Prix,sochi,Sochi Autodrom,Russia,gasly,GAS,Pierre,Gasly,alphatauri,AlphaTauri,9,9,9,2.0,53,Finished,5730130,+1:29.766,0
2020,10,Russian Grand Prix,sochi,Sochi Autodrom,Russia,albon,ALB,Alexander,Albon,red_bull,Red Bull,15,10,10,1.0,53,Finished,5738224,+1:37.860,5
2020,10,Russian Grand Prix,sochi,Sochi Autodrom,Russia,giovinazzi,GIO,Antonio,Giovinazzi,alfa,Alfa Romeo,17,11,11,0.0,52,+1 Lap,,,6
2020,10,Russian Grand Prix,sochi,Sochi Autodrom,Russia,kevin_magnussen,MAG,Kevin,Magnussen,haas,Haas F1 Team,18,12,12,0.0,52,+1 Lap,,,6
2020,10,Russian Grand Prix,sochi,Sochi Autodrom,Russia,vettel,VET,Sebastian,Vettel,ferrari,Ferrari,14,13,13,0.0,52,+1 Lap,,,1
2020,10,Russian Grand Prix,sochi,Sochi Autodrom,Russia,raikkonen,RAI,Kimi,Räikkönen,alfa,Alfa Romeo,19,14,14,0.0,52,+1 Lap,,,5
2020,10,Russian Grand Prix,sochi,Sochi Autodrom,Russia,norris,NOR,Lando,Norris,mclaren,McLaren,8,15,15,0.0,52,+1 Lap,,,-7
2020,10,Russian Grand Prix,sochi,Sochi Autodrom,Russia,latifi,LAT,Nicholas,Latifi,williams,Williams,20,16,16,0.0,52,+1 Lap,,,4
2020,10,Russian Grand Prix,sochi,Sochi Autodrom,Russia,grosjean,GRO,Romain,Grosjean,haas,Haas F1 Team,16,17,17,0.0,52,+1 Lap,,,-1
2020,10,Russian Grand Prix,sochi,Sochi Autodrom,Russia,russell,RUS,George,Russell,williams,Williams,13,18,18,0.0,52,+1 Lap,,,-5
2020,10,Russian Grand Prix,sochi,Sochi Autodrom,Russia,sainz,SAI,Carlos,Sainz,mclaren,McLaren,6,19,R,0.0,0,Accident,,,-13
2020,10,Russian Grand Prix,sochi,Sochi Autodrom,Russia,stroll,STR,Lance,Stroll,racing_point,Racing Point,12,20,R,0.0,0,Collision,,,-8
2020,11,Eifel Grand Prix,nurburgring,Nürburgring,Germany,hamilton,HAM,Lewis,Hamilton,mercedes,Mercedes,2,1,1,25.0,60,Finished,5749641,1:35:49.641,1
2020,11,Eifel Grand Prix,nurburgring,Nürburgring,Germany,max_verstappen,VER,Max,Verstappen,red_bull,Red Bull,3,2,2,19.0,60,Finished,5754111,+4.470,1
2020,11,Eifel Grand Prix,nurburgring,Nürburgring,Germany,ricciardo,RIC,Daniel,Ricciardo,renault,Renault,6,3,3,15.0,60,Finished,5764254,+14.613,3
2020,11,Eifel Grand Prix,nurburgring,Nürburgring,Germany,perez,PER,Sergio,Pérez,racing_point,Racing Point,9,4,4,12.0,60,Finished,5765711,+16.070,5
2020,11,Eifel Grand Prix,nurburgring,Nürburgring,Germany,sainz,SAI,Carlos,Sainz,mclaren,McLaren,10,5,5,10.0,60,Finished,5771546,+21.905,5
2020,11,Eifel Grand Prix,nurburgring,Nürburgring,Germany,gasly,GAS,Pierre,Gasly,alphatauri,AlphaTauri,12,6,6,8.0,60,Finished,5772407,+22.766,6
2020,11,Eifel Grand Prix,nurburgring,Nürburgring,Germany,leclerc,LEC,Charles,Leclerc,ferrari,Ferrari,4,7,7,6.0,60,Finished,5780455,+30.814,-3
2020,11,Eifel Grand Prix,nurburgring,Nürburgring,Germany,hulkenberg,HUL,Nico,Hülkenberg,racing_point,Racing Point,20,8,8,4.0,60,Finished,5782237,+32.596,12
2020,11,Eifel Grand Prix,nurburgring,Nürburgring,Germany,grosjean,GRO,Romain,Grosjean,haas,Haas F1 Team,16,9,9,2.0,60,Finished,5788722,+39.081,7
2020,11,Eifel Grand Prix,nurburgring,Nürburgring,Germany,giovinazzi,GIO,Antonio,Giovinazzi,alfa,Alfa Romeo,14,10,10,1.0,60,Finished,5789676,+40.035,4
2020,11,Eifel Grand Prix,nurburgring,Nürburgring,Germany,vettel,VET,Sebastian,Vettel,ferrari,Ferrari,11,11,11,0.0,60,Finished,5790451,+40.810,0
2020,11,Eifel Grand Prix,nurburgring,Nürburgring,Germany,raikkonen,RAI,Kimi,Räikkönen,alfa,Alfa Romeo,19,12,12,0.0,60,Finished,5791117,+41.476,7
2020,11,Eifel Grand Prix,nurburgring,Nürburgring,Germany,kevin_magnussen,MAG,Kevin,Magnussen,haas,Haas F1 Team,15,13,13,0.0,60,Finished,5799226,+49.585,2
2020,11,Eifel Grand Prix,nurburgring,Nürburgring,Germany,latifi,LAT,Nicholas,Latifi,williams,Williams,18,14,14,0.0,60,Finished,5804090,+54.449,4
2020,11,Eifel Grand Prix,nurburgring,Nürburgring,Germany,kvyat,KVY,Daniil,Kvyat,alphatauri,AlphaTauri,13,15,15,0.0,60,Finished,5805229,+55.588,-2
2020,11,Eifel Grand Prix,nurburgring,Nürburgring,Germany,norris,NOR,Lando,Norris,mclaren,McLaren,8,16,R,0.0,42,Power Unit,,,-8
2020,11,Eifel Grand Prix,nurburgring,Nürburgring,Germany,albon,ALB,Alexander,Albon,red_bull,Red Bull,5,17,R,0.0,23,Radiator,,,-12
2020,11,Eifel Grand Prix,nurburgring,Nürburgring,Germany,ocon,OCO,Esteban,Ocon,renault,Renault,7,18,R,0.0,22,Gearbox,,,-11
2020,11,Eifel Grand Prix,nurburgring,Nürburgring,Germany,bottas,BOT,Valtteri,Bottas,mercedes,Mercedes,1,19,R,0.0,18,Power Unit,,,-18
2020,11,Eifel Grand Prix,nurburgring,Nürburgring,Germany,russell,RUS,George,Russell,williams,Williams,17,20,R,0.0,12,Collision,,,-3
2020,12,Portuguese Grand Prix,portimao,Autódromo Internacional do Algarve,Portugal,hamilton,HAM,Lewis,Hamilton,mercedes,Mercedes,1,1,1,26.0,66,Finished,5396828,1:29:56.828,0
2020,12,Portuguese Grand Prix,portimao,Autódromo Internacional do Algarve,Portugal,bottas,BOT,Valtteri,Bottas,mercedes,Mercedes,2,2,2,18.0,66,Finished,5422420,+25.592,0
2020,12,Portuguese Grand Prix,portimao,Autódromo Internacional do Algarve,Portugal,max_verstappen,VER,Max,Verstappen,red_bull,Red Bull,3,3,3,15.0,66,Finished,5431336,+34.508,0
2020,12,Portuguese Grand Prix,portimao,Autódromo Internacional do Algarve,Portugal,leclerc,LEC,Charles,Leclerc,ferrari,Ferrari,4,4,4,12.0,66,Finished,5462140,+1:05.312,0
2020,12,Portuguese Grand Prix,portimao,Autódromo Internacional do Algarve,Portugal,gasly,GAS,Pierre,Gasly,alphatauri,AlphaTauri,9,5,5,10.0,65,+1 Lap,,,4
2020,12,Portuguese Grand Prix,portimao,Autódromo Internacional do Algarve,Portugal,sainz,SAI,Carlos,Sainz,mclaren,McLaren,7,6,6,8.0,65,+1 Lap,,,1
2020,12,Portuguese Grand Prix,portimao,Autódromo Internacional do Algarve,Portugal,perez,PER,Sergio,Pérez,racing_point,Racing Point,5,7,7,6.0,65,+1 Lap,,,-2
2020,12,Portuguese Grand Prix,portimao,Autódromo Internacional do Algarve,Portugal,ocon,OCO,Esteban,Ocon,renault,Renault,11,8,8,4.0,65,+1 Lap,,,3
2020,12,Portuguese Grand Prix,portimao,Autódromo Internacional do Algarve,Portugal,ricciardo,RIC,Daniel,Ricciardo,renault,Renault,10,9,9,2.0,65,+1 Lap,,,1
2020,12,Portuguese Grand Prix,portimao,Autódromo Internacional do Algarve,Portugal,vettel,VET,Sebastian,Vettel,ferrari,Ferrari,15,10,10,1.0,65,+1 Lap,,,5
2020,12,Portuguese Grand Prix,portimao,Autódromo Internacional do Algarve,Portugal,raikkonen,RAI,Kimi,Räikkönen,alfa,Alfa Romeo,16,11,11,0.0,65,+1 Lap,,,5
2020,12,Portuguese Grand Prix,portimao,Autódromo Internacional do Algarve,Portugal,albon,ALB,Alexander,Albon,red_bull,Red Bull,6,12,12,0.0,65,+1 Lap,,,-6
2020,12,Portuguese Grand Prix,portimao,Autódromo Internacional do Algarve,Portugal,norris,NOR,Lando,Norris,mclaren,McLaren,8,13,13,0.0,65,+1 Lap,,,-5
2020,12,Portuguese Grand Prix,portimao,Autódromo Internacional do Algarve,Portugal,russell,RUS,George,Russell,williams,Williams,14,14,14,0.0,65,+1 Lap,,,0
2020,12,Portuguese Grand Prix,portimao,Autódromo Internacional do Algarve,Portugal,giovinazzi,GIO,Antonio,Giovinazzi,alfa,Alfa Romeo,17,15,15,0.0,65,+1 Lap,,,2
2020,12,Portuguese Grand Prix,portimao,Autódromo Internacional do Algarve,Portugal,kevin_magnussen,MAG,Kevin,Magnussen,haas,Haas F1 Team,19,16,16,0.0,65,+1 Lap,,,3
2020,12,Portuguese Grand Prix,portimao,Autódromo Internacional do Algarve,Portugal,grosjean,GRO,Romain,Grosjean,haas,Haas F1 Team,18,17,17,0.0,65,+1 Lap,,,1
2020,12,Portuguese Grand Prix,portimao,Autódromo Internacional do Algarve,Portugal,latifi,LAT,Nicholas,Latifi,williams,Williams,20,18,18,0.0,64,+2 Laps,,,2
2020,12,Portuguese Grand Prix,portimao,Autódromo Internacional do Algarve,Portugal,kvyat,KVY,Daniil,Kvyat,alphatauri,AlphaTauri,13,19,19,0.0,64,+2 Laps,,,-6
2020,12,Portuguese Grand Prix,portimao,Autódromo Internacional do Algarve,Portugal,stroll,STR,Lance,Stroll,racing_point,Racing Point,12,20,R,0.0,51,Collision damage,,,-8
2020,13,Emilia Romagna Grand Prix,imola,Autodromo Enzo e Dino Ferrari,Italy,hamilton,HAM,Lewis,Hamilton,mercedes,Mercedes,2,1,1,26.0,63,Finished,5312430,1:28:32.430,1
2020,13,Emilia Romagna Grand Prix,imola,Autodromo Enzo e Dino Ferrari,Italy,bottas,BOT,Valtteri,Bottas,mercedes,Mercedes,1,2,2,18.0,63,Finished,5318213,+5.783,-1
2020,13,Emilia Romagna Grand Prix,imola,Autodromo Enzo e Dino Ferrari,Italy,ricciardo,RIC,Daniel,Ricciardo,renault,Renault,5,3,3,15.0,63,Finished,5326750,+14.320,2
2020,13,Emilia Romagna Grand Prix,imola,Autodromo Enzo e Dino Ferrari,Italy,kvyat,KVY,Daniil,Kvyat,alphatauri,AlphaTauri,8,4,4,12.0,63,Finished,5327571,+15.141,4
2020,13,Emilia Romagna Grand Prix,imola,Autodromo Enzo e Dino Ferrari,Italy,leclerc,LEC,Charles,Leclerc,ferrari,Ferrari,7,5,5,10.0,63,Finished,5331541,+19.111,2
2020,13,Emilia Romagna Grand Prix,imola,Autodromo Enzo e Dino Ferrari,Italy,perez,PER,Sergio,Pérez,racing_point,Racing Point,11,6,6,8.0,63,Finished,5332082,+19.652,5
2020,13,Emilia Romagna Grand Prix,imola,Autodromo Enzo e Dino Ferrari,Italy,sainz,SAI,Carlos,Sainz,mclaren,McLaren,10,7,7,6.0,63,Finished,5332660,+20.230,3
2020,13,Emilia Romagna Grand Prix,imola,Autodromo Enzo e Dino Ferrari,Italy,norris,NOR,Lando,Norris,mclaren,McLaren,9,8,8,4.0,63,Finished,5333561,+21.131,1
2020,13,Emilia Romagna Grand Prix,imola,Autodromo Enzo e Dino Ferrari,Italy,raikkonen,RAI,Kimi,Räikkönen,alfa,Alfa Romeo,18,9,9,2.0,63,Finished,5334654,+22.224,9
2020,13,Emilia Romagna Grand Prix,imola,Autodromo Enzo e Dino Ferrari,Italy,giovinazzi,GIO,Antonio,Giovinazzi,alfa,Alfa Romeo,20,10,10,1.0,63,Finished,5338828,+26.398,10
2020,13,Emilia Romagna Grand Prix,imola,Autodromo Enzo e Dino Ferrari,Italy,latifi,LAT,Nicholas,Latifi,williams,Williams,19,11,11,0.0,63,Finished,5339565,+27.135,8
2020,13,Emilia Romagna Grand Prix,imola,Autodromo Enzo e Dino Ferrari,Italy,vettel,VET,Sebastian,Vettel,ferrari,Ferrari,14,12,12,0.0,63,Finished,5340883,+28.453,2
2020,13,Emilia Romagna Grand Prix,imola,Autodromo Enzo e Dino Ferrari,Italy,stroll,STR,Lance,Stroll,racing_point,Racing Point,15,13,13,0.0,63,Finished,5341593,+29.163,2
2020,13,Emilia Romagna Grand Prix,imola,Autodromo Enzo e Dino Ferrari,Italy,grosjean,GRO,Romain,Grosjean,haas,Haas F1 Team,16,14,14,0.0,63,Finished,5345365,+32.935,2
2020,13,Emilia Romagna Grand Prix,imola,Autodromo Enzo e Dino Ferrari,Italy,albon,ALB,Alexander,Albon,red_bull,Red Bull,6,15,15,0.0,63,Finished,5369714,+57.284,-9
2020,13,Emilia Romagna Grand Prix,imola,Autodromo Enzo e Dino Ferrari,Italy,russell,RUS,George,Russell,williams,Williams,13,16,R,0.0,51,Accident,,,-3
2020,13,Emilia Romagna Grand Prix,imola,Autodromo Enzo e Dino Ferrari,Italy,max_verstappen,VER,Max,Verstappen,red_bull,Red Bull,3,17,R,0.0,50,Puncture,,,-14
2020,13,Emilia Romagna Grand Prix,imola,Autodromo Enzo e Dino Ferrari,Italy,kevin_magnussen,MAG,Kevin,Magnussen,haas,Haas F1 Team,17,18,R,0.0,47,Illness,,,-1
2020,13,Emilia Romagna Grand Prix,imola,Autodromo Enzo e Dino Ferrari,Italy,ocon,OCO,Esteban,Ocon,renault,Renault,12,19,R,0.0,27,Gearbox,,,-7
2020,13,Emilia Romagna Grand Prix,imola,Autodromo Enzo e Dino Ferrari,Italy,gasly,GAS,Pierre,Gasly,alphatauri,AlphaTauri,4,20,R,0.0,8,Water pressure,,,-16
2020,14,Turkish Grand Prix,istanbul,Istanbul Park,Turkey,hamilton,HAM,Lewis,Hamilton,mercedes,Mercedes,6,1,1,25.0,58,Finished,6139313,1:42:19.313,5
2020,14,Turkish Grand Prix,istanbul,Istanbul Park,Turkey,perez,PER,Sergio,Pérez,racing_point,Racing Point,3,2,2,18.0,58,Finished,6170946,+31.633,1
2020,14,Turkish Grand Prix,istanbul,Istanbul Park,Turkey,vettel,VET,Sebastian,Vettel,ferrari,Ferrari,11,3,3,15.0,58,Finished,6171273,+31.960,8
2020,14,Turkish Grand Prix,istanbul,Istanbul Park,Turkey,leclerc,LEC,Charles,Leclerc,ferrari,Ferrari,12,4,4,12.0,58,Finished,6173171,+33.858,8
2020,14,Turkish Grand Prix,istanbul,Istanbul Park,Turkey,sainz,SAI,Carlos,Sainz,mclaren,McLaren,15,5,5,10.0,58,Finished,6173676,+34.363,10
2020,14,Turkish Grand Prix,istanbul,Istanbul Park,Turkey,max_verstappen,VER,Max,Verstappen,red_bull,Red Bull,2,6,6,8.0,58,Finished,6184186,+44.873,-4
2020,14,Turkish Grand Prix,istanbul,Istanbul Park,Turkey,albon,ALB,Alexander,Albon,red_bull,Red Bull,4,7,7,6.0,58,Finished,6185797,+46.484,-3
2020,14,Turkish Grand Prix,istanbul,Istanbul Park,Turkey,norris,NOR,Lando,Norris,mclaren,McLaren,14,8,8,5.0,58,Finished,6200572,+1:01.259,6
2020,14,Turkish Grand Prix,istanbul,Istanbul Park,Turkey,stroll,STR,Lance,Stroll,racing_point,Racing Point,1,9,9,2.0,58,Finished,6211666,+1:12.353,-8
2020,14,Turkish Grand Prix,istanbul,Istanbul Park,Turkey,ricciardo,RIC,Daniel,Ricciardo,renault,Renault,5,10,10,1.0,58,Finished,6234773,+1:35.460,-5
2020,14,Turkish Grand Prix,istanbul,Istanbul Park,Turkey,ocon,OCO,Esteban,Ocon,renault,Renault,7,11,11,0.0,57,+1 Lap,,,-4
2020,14,Turkish Grand Prix,istanbul,Istanbul Park,Turkey,kvyat,KVY,Daniil,Kvyat,alphatauri,AlphaTauri,16,12,12,0.0,57,+1 Lap,,,4
2020,14,Turkish Grand Prix,istanbul,Istanbul Park,Turkey,gasly,GAS,Pierre,Gasly,alphatauri,AlphaTauri,19,13,13,0.0,57,+1 Lap,,,6
2020,14,Turkish Grand Prix,istanbul,Istanbul Park,Turkey,bottas,BOT,Valtteri,Bottas,mercedes,Mercedes,9,14,14,0.0,57,+1 Lap,,,-5
2020,14,Turkish Grand Prix,istanbul,Istanbul Park,Turkey,raikkonen,RAI,Kimi,Räikkönen,alfa,Alfa Romeo,8,15,15,0.0,57,+1 Lap,,,-7
2020,14,Turkish Grand Prix,istanbul,Istanbul Park,Turkey,russell,RUS,George,Russell,williams,Williams,0,16,16,0.0,57,+1 Lap,,,-16
2020,14,Turkish Grand Prix,istanbul,Istanbul Park,Turkey,kevin_magnussen,MAG,Kevin,Magnussen,haas,Haas F1 Team,13,17,17,0.0,55,Withdrew,,,-4
2020,14,Turkish Grand Prix,istanbul,Istanbul Park,Turkey,grosjean,GRO,Romain,Grosjean,haas,Haas F1 Team,17,18,R,0.0,49,Collision damage,,,-1
2020,14,Turkish Grand Prix,istanbul,Istanbul Park,Turkey,latifi,LAT,Nicholas,Latifi,williams,Williams,0,19,R,0.0,39,Collision damage,,,-19
2020,14,Turkish Grand Prix,istanbul,Istanbul Park,Turkey,giovinazzi,GIO,Antonio,Giovinazzi,alfa,Alfa Romeo,10,20,R,0.0,11,Gearbox,,,-10
2020,15,Bahrain Grand Prix,bahrain,Bahrain International Circuit,Bahrain,hamilton,HAM,Lewis,Hamilton,mercedes,Mercedes,1,1,1,25.0,57,Finished,10787515,2:59:47.515,0
2020,15,Bahrain Grand Prix,bahrain,Bahrain International Circuit,Bahrain,max_verstappen,VER,Max,Verstappen,red_bull,Red Bull,3,2,2,19.0,57,Finished,10788769,+1.254,1
2020,15,Bahrain Grand Prix,bahrain,Bahrain International Circuit,Bahrain,albon,ALB,Alexander,Albon,red_bull,Red Bull,4,3,3,15.0,57,Finished,10795520,+8.005,1
2020,15,Bahrain Grand Prix,bahrain,Bahrain International Circuit,Bahrain,norris,NOR,Lando,Norris,mclaren,McLaren,9,4,4,12.0,57,Finished,10798852,+11.337,5
2020,15,Bahrain Grand Prix,bahrain,Bahrain International Circuit,Bahrain,sainz,SAI,Carlos,Sainz,mclaren,McLaren,15,5,5,10.0,57,Finished,10799302,+11.787,10
2020,15,Bahrain Grand Prix,bahrain,Bahrain International Circuit,Bahrain,gasly,GAS,Pierre,Gasly,alphatauri,AlphaTauri,8,6,6,8.0,57,Finished,10799457,+11.942,2
2020,15,Bahrain Grand Prix,bahrain,Bahrain International Circuit,Bahrain,ricciardo,RIC,Daniel,Ricciardo,renault,Renault,6,7,7,6.0,57,Finished,10806883,+19.368,-1
2020,15,Bahrain Grand Prix,bahrain,Bahrain International Circuit,Bahrain,bottas,BOT,Valtteri,Bottas,mercedes,Mercedes,2,8,8,4.0,57,Finished,10807195,+19.680,-6
2020,15,Bahrain Grand Prix,bahrain,Bahrain International Circuit,Bahrain,ocon,OCO,Esteban,Ocon,renault,Renault,7,9,9,2.0,57,Finished,10810318,+22.803,-2
2020,15,Bahrain Grand Prix,bahrain,Bahrain International Circuit,Bahrain,leclerc,LEC,Charles,Leclerc,ferrari,Ferrari,12,10,10,1.0,56,+1 Lap,,,2
2020,15,Bahrain Grand Prix,bahrain,Bahrain International Circuit,Bahrain,kvyat,KVY,Daniil,Kvyat,alphatauri,AlphaTauri,10,11,11,0.0,56,+1 Lap,,,-1
2020,15,Bahrain Grand Prix,bahrain,Bahrain International Circuit,Bahrain,russell,RUS,George,Russell,williams,Williams,14,12,12,0.0,56,+1 Lap,,,2
2020,15,Bahrain Grand Prix,bahrain,Bahrain International Circuit,Bahrain,vettel,VET,Sebastian,Vettel,ferrari,Ferrari,11,13,13,0.0,56,+1 Lap,,,-2
2020,15,Bahrain Grand Prix,bahrain,Bahrain International Circuit,Bahrain,latifi,LAT,Nicholas,Latifi,williams,Williams,20,14,14,0.0,56,+1 Lap,,,6
2020,15,Bahrain Grand Prix,bahrain,Bahrain International Circuit,Bahrain,raikkonen,RAI,Kimi,Räikkönen,alfa,Alfa Romeo,17,15,15,0.0,56,+1 Lap,,,2
2020,15,Bahrain Grand Prix,bahrain,Bahrain International Circuit,Bahrain,giovinazzi,GIO,Antonio,Giovinazzi,alfa,Alfa Romeo,16,16,16,0.0,56,+1 Lap,,,0
2020,15,Bahrain Grand Prix,bahrain,Bahrain International Circuit,Bahrain,kevin_magnussen,MAG,Kevin,Magnussen,haas,Haas F1 Team,18,17,17,0.0,56,+1 Lap,,,1
2020,15,Bahrain Grand Prix,bahrain,Bahrain International Circuit,Bahrain,perez,PER,Sergio,Pérez,racing_point,Racing Point,5,18,18,0.0,53,Engine,,,-13
2020,15,Bahrain Grand Prix,bahrain,Bahrain International Circuit,Bahrain,stroll,STR,Lance,Stroll,racing_point,Racing Point,13,19,R,0.0,2,Collision,,,-6
2020,15,Bahrain Grand Prix,bahrain,Bahrain International Circuit,Bahrain,grosjean,GRO,Romain,Grosjean,haas,Haas F1 Team,19,20,R,0.0,0,Collision,,,-1
2020,16,Sakhir Grand Prix,bahrain,Bahrain International Circuit,Bahrain,perez,PER,Sergio,Pérez,racing_point,Racing Point,5,1,1,25.0,87,Finished,5475114,1:31:15.114,4
2020,16,Sakhir Grand Prix,bahrain,Bahrain International Circuit,Bahrain,ocon,OCO,Esteban,Ocon,renault,Renault,11,2,2,18.0,87,Finished,5485632,+10.518,9
2020,16,Sakhir Grand Prix,bahrain,Bahrain International Circuit,Bahrain,stroll,STR,Lance,Stroll,racing_point,Racing Point,10,3,3,15.0,87,Finished,5486983,+11.869,7
2020,16,Sakhir Grand Prix,bahrain,Bahrain International Circuit,Bahrain,sainz,SAI,Carlos,Sainz,mclaren,McLaren,8,4,4,12.0,87,Finished,5487694,+12.580,4
2020,16,Sakhir Grand Prix,bahrain,Bahrain International Circuit,Bahrain,ricciardo,RIC,Daniel,Ricciardo,renault,Renault,7,5,5,10.0,87,Finished,5488444,+13.330,2
2020,16,Sakhir Grand Prix,bahrain,Bahrain International Circuit,Bahrain,albon,ALB,Alexander,Albon,red_bull,Red Bull,12,6,6,8.0,87,Finished,5488956,+13.842,6
2020,16,Sakhir Grand Prix,bahrain,Bahrain International Circuit,Bahrain,kvyat,KVY,Daniil,Kvyat,alphatauri,AlphaTauri,6,7,7,6.0,87,Finished,5489648,+14.534,-1
2020,16,Sakhir Grand Prix,bahrain,Bahrain International Circuit,Bahrain,bottas,BOT,Valtteri,Bottas,mercedes,Mercedes,1,8,8,4.0,87,Finished,5490503,+15.389,-7
2020,16,Sakhir Grand Prix,bahrain,Bahrain International Circuit,Bahrain,russell,RUS,George,Russell,mercedes,Mercedes,2,9,9,3.0,87,Finished,5493670,+18.556,-7
2020,16,Sakhir Grand Prix,bahrain,Bahrain International Circuit,Bahrain,norris,NOR,Lando,Norris,mclaren,McLaren,19,10,10,1.0,87,Finished,5494655,+19.541,9
2020,16,Sakhir Grand Prix,bahrain,Bahrain International Circuit,Bahrain,gasly,GAS,Pierre,Gasly,alphatauri,AlphaTauri,9,11,11,0.0,87,Finished,5495641,+20.527,-2
2020,16,Sakhir Grand Prix,bahrain,Bahrain International Circuit,Bahrain,vettel,VET,Sebastian,Vettel,ferrari,Ferrari,13,12,12,0.0,87,Finished,5497725,+22.611,1
2020,16,Sakhir Grand Prix,bahrain,Bahrain International Circuit,Bahrain,giovinazzi,GIO,Antonio,Giovinazzi,alfa,Alfa Romeo,14,13,13,0.0,87,Finished,5499225,+24.111,1
2020,16,Sakhir Grand Prix,bahrain,Bahrain International Circuit,Bahrain,raikkonen,RAI,Kimi,Räikkönen,alfa,Alfa Romeo,18,14,14,0.0,87,Finished,5501267,+26.153,4
2020,16,Sakhir Grand Prix,bahrain,Bahrain International Circuit,Bahrain,kevin_magnussen,MAG,Kevin,Magnussen,haas,Haas F1 Team,15,15,15,0.0,87,Finished,5507484,+32.370,0
2020,16,Sakhir Grand Prix,bahrain,Bahrain International Circuit,Bahrain,aitken,AIT,Jack,Aitken,williams,Williams,17,16,16,0.0,87,Finished,5508788,+33.674,1
2020,16,Sakhir Grand Prix,bahrain,Bahrain International Circuit,Bahrain,pietro_fittipaldi,FIT,Pietro,Fittipaldi,haas,Haas F1 Team,20,17,17,0.0,87,Finished,5511972,+36.858,3
2020,16,Sakhir Grand Prix,bahrain,Bahrain International Circuit,Bahrain,latifi,LAT,Nicholas,Latifi,williams,Williams,16,18,R,0.0,52,Engine,,,-2
2020,16,Sakhir Grand Prix,bahrain,Bahrain International Circuit,Bahrain,max_verstappen,VER,Max,Verstappen,red_bull,Red Bull,3,19,R,0.0,0,Accident,,,-16
2020,16,Sakhir Grand Prix,bahrain,Bahrain International Circuit,Bahrain,leclerc,LEC,Charles,Leclerc,ferrari,Ferrari,4,20,R,0.0,0,Collision,,,-16
2020,17,Abu Dhabi Grand Prix,yas_marina,Yas Marina Circuit,UAE,max_verstappen,VER,Max,Verstappen,red_bull,Red Bull,1,1,1,25.0,55,Finished,5788645,1:36:28.645,0
2020,17,Abu Dhabi Grand Prix,yas_marina,Yas Marina Circuit,UAE,bottas,BOT,Valtteri,Bottas,mercedes,Mercedes,2,2,2,18.0,55,Finished,5804621,+15.976,0
2020,17,Abu Dhabi Grand Prix,yas_marina,Yas Marina Circuit,UAE,hamilton,HAM,Lewis,Hamilton,mercedes,Mercedes,3,3,3,15.0,55,Finished,5807060,+18.415,0
2020,17,Abu Dhabi Grand Prix,yas_marina,Yas Marina Circuit,UAE,albon,ALB,Alexander,Albon,red_bull,Red Bull,5,4,4,12.0,55,Finished,5808632,+19.987,1
2020,17,Abu Dhabi Grand Prix,yas_marina,Yas Marina Circuit,UAE,norris,NOR,Lando,Norris,mclaren,McLaren,4,5,5,10.0,55,Finished,5849374,+1:00.729,-1
2020,17,Abu Dhabi Grand Prix,yas_marina,Yas Marina Circuit,UAE,sainz,SAI,Carlos,Sainz,mclaren,McLaren,6,6,6,8.0,55,Finished,5854307,+1:05.662,0
2020,17,Abu Dhabi Grand Prix,yas_marina,Yas Marina Circuit,UAE,ricciardo,RIC,Daniel,Ricciardo,renault,Renault,11,7,7,7.0,55,Finished,5862393,+1:13.748,4
2020,17,Abu Dhabi Grand Prix,yas_marina,Yas Marina Circuit,UAE,gasly,GAS,Pierre,Gasly,alphatauri,AlphaTauri,9,8,8,4.0,55,Finished,5878363,+1:29.718,1
2020,17,Abu Dhabi Grand Prix,yas_marina,Yas Marina Circuit,UAE,ocon,OCO,Esteban,Ocon,renault,Renault,10,9,9,2.0,55,Finished,5799996,+11.351,1
2020,17,Abu Dhabi Grand Prix,yas_marina,Yas Marina Circuit,UAE,stroll,STR,Lance,Stroll,racing_point,Racing Point,8,10,10,1.0,55,Finished,5790314,+1.669,-2
2020,17,Abu Dhabi Grand Prix,yas_marina,Yas Marina Circuit,UAE,kvyat,KVY,Daniil,Kvyat,alphatauri,AlphaTauri,7,11,11,0.0,54,+1 Lap,,,-4
2020,17,Abu Dhabi Grand Prix,yas_marina,Yas Marina Circuit,UAE,raikkonen,RAI,Kimi,Räikkönen,alfa,Alfa Romeo,15,12,12,0.0,54,+1 Lap,,,3
2020,17,Abu Dhabi Grand Prix,yas_marina,Yas Marina Circuit,UAE,leclerc,LEC,Charles,Leclerc,ferrari,Ferrari,12,13,13,0.0,54,+1 Lap,,,-1
2020,17,Abu Dhabi Grand Prix,yas_marina,Yas Marina Circuit,UAE,vettel,VET,Sebastian,Vettel,ferrari,Ferrari,13,14,14,0.0,54,+1 Lap,,,-1
2020,17,Abu Dhabi Grand Prix,yas_marina,Yas Marina Circuit,UAE,russell,RUS,George,Russell,williams,Williams,16,15,15,0.0,54,+1 Lap,,,1
2020,17,Abu Dhabi Grand Prix,yas_marina,Yas Marina Circuit,UAE,giovinazzi,GIO,Antonio,Giovinazzi,alfa,Alfa Romeo,14,16,16,0.0,54,+1 Lap,,,-2
2020,17,Abu Dhabi Grand Prix,yas_marina,Yas Marina Circuit,UAE,latifi,LAT,Nicholas,Latifi,williams,Williams,18,17,17,0.0,54,+1 Lap,,,1
2020,17,Abu Dhabi Grand Prix,yas_marina,Yas Marina Circuit,UAE,kevin_magnussen,MAG,Kevin,Magnussen,haas,Haas F1 Team,20,18,18,0.0,54,+1 Lap,,,2
2020,17,Abu Dhabi Grand Prix,yas_marina,Yas Marina Circuit,UAE,pietro_fittipaldi,FIT,Pietro,Fittipaldi,haas,Haas F1 Team,17,19,19,0.0,53,+2 Laps,,,-2
2020,17,Abu Dhabi Grand Prix,yas_marina,Yas Marina Circuit,UAE,perez,PER,Sergio,Pérez,racing_point,Racing Point,19,20,R,0.0,8,Transmission,,,-1
2021,1,Bahrain Grand Prix,bahrain,Bahrain International Circuit,Bahrain,hamilton,HAM,Lewis,Hamilton,mercedes,Mercedes,2,1,1,25.0,56,Finished,5523897,1:32:03.897,1
2021,1,Bahrain Grand Prix,bahrain,Bahrain International Circuit,Bahrain,max_verstappen,VER,Max,Verstappen,red_bull,Red Bull,1,2,2,18.0,56,Finished,5524642,+0.745,-1
2021,1,Bahrain Grand Prix,bahrain,Bahrain International Circuit,Bahrain,bottas,BOT,Valtteri,Bottas,mercedes,Mercedes,3,3,3,16.0,56,Finished,5561280,+37.383,0
2021,1,Bahrain Grand Prix,bahrain,Bahrain International Circuit,Bahrain,norris,NOR,Lando,Norris,mclaren,McLaren,7,4,4,12.0,56,Finished,5570363,+46.466,3
2021,1,Bahrain Grand Prix,bahrain,Bahrain International Circuit,Bahrain,perez,PER,Sergio,Pérez,red_bull,Red Bull,0,5,5,10.0,56,Finished,5575944,+52.047,-5
2021,1,Bahrain Grand Prix,bahrain,Bahrain International Circuit,Bahrain,leclerc,LEC,Charles,Leclerc,ferrari,Ferrari,4,6,6,8.0,56,Finished,5582987,+59.090,-2
2021,1,Bahrain Grand Prix,bahrain,Bahrain International Circuit,Bahrain,ricciardo,RIC,Daniel,Ricciardo,mclaren,McLaren,6,7,7,6.0,56,Finished,5589901,+1:06.004,-1
2021,1,Bahrain Grand Prix,bahrain,Bahrain International Circuit,Bahrain,sainz,SAI,Carlos,Sainz,ferrari,Ferrari,8,8,8,4.0,56,Finished,5590997,+1:07.100,0
2021,1,Bahrain Grand Prix,bahrain,Bahrain International Circuit,Bahrain,tsunoda,TSU,Yuki,Tsunoda,alphatauri,AlphaTauri,13,9,9,2.0,56,Finished,5609589,+1:25.692,4
2021,1,Bahrain Grand Prix,bahrain,Bahrain International Circuit,Bahrain,stroll,STR,Lance,Stroll,aston_martin,Aston Martin,10,10,10,1.0,56,Finished,5610610,+1:26.713,0
2021,1,Bahrain Grand Prix,bahrain,Bahrain International Circuit,Bahrain,raikkonen,RAI,Kimi,Räikkönen,alfa,Alfa Romeo,14,11,11,0.0,56,Finished,5612761,+1:28.864,3
2021,1,Bahrain Grand Prix,bahrain,Bahrain International Circuit,Bahrain,giovinazzi,GIO,Antonio,Giovinazzi,alfa,Alfa Romeo,12,12,12,0.0,55,+1 Lap,,,0
2021,1,Bahrain Grand Prix,bahrain,Bahrain International Circuit,Bahrain,ocon,OCO,Esteban,Ocon,alpine,Alpine F1 Team,16,13,13,0.0,55,+1 Lap,,,3
2021,1,Bahrain Grand Prix,bahrain,Bahrain International Circuit,Bahrain,russell,RUS,George,Russell,williams,Williams,15,14,14,0.0,55,+1 Lap,,,1
2021,1,Bahrain Grand Prix,bahrain,Bahrain International Circuit,Bahrain,vettel,VET,Sebastian,Vettel,aston_martin,Aston Martin,20,15,15,0.0,55,+1 Lap,,,5
2021,1,Bahrain Grand Prix,bahrain,Bahrain International Circuit,Bahrain,mick_schumacher,MSC,Mick,Schumacher,haas,Haas F1 Team,18,16,16,0.0,55,+1 Lap,,,2
2021,1,Bahrain Grand Prix,bahrain,Bahrain International Circuit,Bahrain,gasly,GAS,Pierre,Gasly,alphatauri,AlphaTauri,5,17,17,0.0,52,Retired,,,-12
2021,1,Bahrain Grand Prix,bahrain,Bahrain International Circuit,Bahrain,latifi,LAT,Nicholas,Latifi,williams,Williams,17,18,18,0.0,51,Retired,,,-1
2021,1,Bahrain Grand Prix,bahrain,Bahrain International Circuit,Bahrain,alonso,ALO,Fernando,Alonso,alpine,Alpine F1 Team,9,19,R,0.0,32,Brakes,,,-10
2021,1,Bahrain Grand Prix,bahrain,Bahrain International Circuit,Bahrain,mazepin,MAZ,Nikita,Mazepin,haas,Haas F1 Team,19,20,R,0.0,0,Accident,,,-1
2021,2,Emilia Romagna Grand Prix,imola,Autodromo Enzo e Dino Ferrari,Italy,max_verstappen,VER,Max,Verstappen,red_bull,Red Bull,3,1,1,25.0,63,Finished,7354598,2:02:34.598,2
2021,2,Emilia Romagna Grand Prix,imola,Autodromo Enzo e Dino Ferrari,Italy,hamilton,HAM,Lewis,Hamilton,mercedes,Mercedes,1,2,2,19.0,63,Finished,7376598,+22.000,-1
2021,2,Emilia Romagna Grand Prix,imola,Autodromo Enzo e Dino Ferrari,Italy,norris,NOR,Lando,Norris,mclaren,McLaren,7,3,3,15.0,63,Finished,7378300,+23.702,4
2021,2,Emilia Romagna Grand Prix,imola,Autodromo Enzo e Dino Ferrari,Italy,leclerc,LEC,Charles,Leclerc,ferrari,Ferrari,4,4,4,12.0,63,Finished,7380177,+25.579,0
2021,2,Emilia Romagna Grand Prix,imola,Autodromo Enzo e Dino Ferrari,Italy,sainz,SAI,Carlos,Sainz,ferrari,Ferrari,11,5,5,10.0,63,Finished,7381634,+27.036,6
2021,2,Emilia Romagna Grand Prix,imola,Autodromo Enzo e Dino Ferrari,Italy,ricciardo,RIC,Daniel,Ricciardo,mclaren,McLaren,6,6,6,8.0,63,Finished,7405818,+51.220,0
2021,2,Emilia Romagna Grand Prix,imola,Autodromo Enzo e Dino Ferrari,Italy,gasly,GAS,Pierre,Gasly,alphatauri,AlphaTauri,5,7,7,6.0,63,Finished,7407416,+52.818,-2
2021,2,Emilia Romagna Grand Prix,imola,Autodromo Enzo e Dino Ferrari,Italy,stroll,STR,Lance,Stroll,aston_martin,Aston Martin,10,8,8,4.0,63,Finished,7411507,+56.909,2
2021,2,Emilia Romagna Grand Prix,imola,Autodromo Enzo e Dino Ferrari,Italy,ocon,OCO,Esteban,Ocon,alpine,Alpine F1 Team,9,9,9,2.0,63,Finished,7420302,+1:05.704,0
2021,2,Emilia Romagna Grand Prix,imola,Autodromo Enzo e Dino Ferrari,Italy,alonso,ALO,Fernando,Alonso,alpine,Alpine F1 Team,15,10,10,1.0,63,Finished,7421159,+1:06.561,5
2021,2,Emilia Romagna Grand Prix,imola,Autodromo Enzo e Dino Ferrari,Italy,perez,PER,Sergio,Pérez,red_bull,Red Bull,2,11,11,0.0,63,Finished,7421749,+1:07.151,-9
2021,2,Emilia Romagna Grand Prix,imola,Autodromo Enzo e Dino Ferrari,Italy,tsunoda,TSU,Yuki,Tsunoda,alphatauri,AlphaTauri,20,12,12,0.0,63,Finished,7427782,+1:13.184,8
2021,2,Emilia Romagna Grand Prix,imola,Autodromo Enzo e Dino Ferrari,Italy,raikkonen,RAI,Kimi,Räikkönen,alfa,Alfa Romeo,16,13,13,0.0,63,Finished,7449371,+1:34.773,3
2021,2,Emilia Romagna Grand Prix,imola,Autodromo Enzo e Dino Ferrari,Italy,giovinazzi,GIO,Antonio,Giovinazzi,alfa,Alfa Romeo,17,14,14,0.0,62,+1 Lap,,,3
2021,2,Emilia Romagna Grand Prix,imola,Autodromo Enzo e Dino Ferrari,Italy,vettel,VET,Sebastian,Vettel,aston_martin,Aston Martin,0,15,15,0.0,61,Gearbox,,,-15
2021,2,Emilia Romagna Grand Prix,imola,Autodromo Enzo e Dino Ferrari,Italy,mick_schumacher,MSC,Mick,Schumacher,haas,Haas F1 Team,18,16,16,0.0,61,+2 Laps,,,2
2021,2,Emilia Romagna Grand Prix,imola,Autodromo Enzo e Dino Ferrari,Italy,mazepin,MAZ,Nikita,Mazepin,haas,Haas F1 Team,19,17,17,0.0,61,+2 Laps,,,2
2021,2,Emilia Romagna Grand Prix,imola,Autodromo Enzo e Dino Ferrari,Italy,bottas,BOT,Valtteri,Bottas,mercedes,Mercedes,8,18,R,0.0,30,Collision,,,-10
2021,2,Emilia Romagna Grand Prix,imola,Autodromo Enzo e Dino Ferrari,Italy,russell,RUS,George,Russell,williams,Williams,12,19,R,0.0,30,Collision,,,-7
2021,2,Emilia Romagna Grand Prix,imola,Autodromo Enzo e Dino Ferrari,Italy,latifi,LAT,Nicholas,Latifi,williams,Williams,14,20,R,0.0,0,Collision,,,-6
2021,3,Portuguese Grand Prix,portimao,Autódromo Internacional do Algarve,Portugal,hamilton,HAM,Lewis,Hamilton,mercedes,Mercedes,2,1,1,25.0,66,Finished,5671421,1:34:31.421,1
2021,3,Portuguese Grand Prix,portimao,Autódromo Internacional do Algarve,Portugal,max_verstappen,VER,Max,Verstappen,red_bull,Red Bull,3,2,2,18.0,66,Finished,5700569,+29.148,1
2021,3,Portuguese Grand Prix,portimao,Autódromo Internacional do Algarve,Portugal,bottas,BOT,Valtteri,Bottas,mercedes,Mercedes,1,3,3,16.0,66,Finished,5704951,+33.530,-2
2021,3,Portuguese Grand Prix,portimao,Autódromo Internacional do Algarve,Portugal,perez,PER,Sergio,Pérez,red_bull,Red Bull,4,4,4,12.0,66,Finished,5711156,+39.735,0
2021,3,Portuguese Grand Prix,portimao,Autódromo Internacional do Algarve,Portugal,norris,NOR,Lando,Norris,mclaren,McLaren,7,5,5,10.0,66,Finished,5722790,+51.369,2
2021,3,Portuguese Grand Prix,portimao,Autódromo Internacional do Algarve,Portugal,leclerc,LEC,Charles,Leclerc,ferrari,Ferrari,8,6,6,8.0,66,Finished,5727202,+55.781,2
2021,3,Portuguese Grand Prix,portimao,Autódromo Internacional do Algarve,Portugal,ocon,OCO,Esteban,Ocon,alpine,Alpine F1 Team,6,7,7,6.0,66,Finished,5735170,+1:03.749,-1
2021,3,Portuguese Grand Prix,portimao,Autódromo Internacional do Algarve,Portugal,alonso,ALO,Fernando,Alonso,alpine,Alpine F1 Team,13,8,8,4.0,66,Finished,5673229,+1.808,5
2021,3,Portuguese Grand Prix,portimao,Autódromo Internacional do Algarve,Portugal,ricciardo,RIC,Daniel,Ricciardo,mclaren,McLaren,16,9,9,2.0,66,Finished,5746790,+1:15.369,7
2021,3,Portuguese Grand Prix,portimao,Autódromo Internacional do Algarve,Portugal,gasly,GAS,Pierre,Gasly,alphatauri,AlphaTauri,9,10,10,1.0,66,Finished,5747884,+1:16.463,-1
2021,3,Portuguese Grand Prix,portimao,Autódromo Internacional do Algarve,Portugal,sainz,SAI,Carlos,Sainz,ferrari,Ferrari,5,11,11,0.0,66,Finished,5750376,+1:18.955,-6
2021,3,Portuguese Grand Prix,portimao,Autódromo Internacional do Algarve,Portugal,giovinazzi,GIO,Antonio,Giovinazzi,alfa,Alfa Romeo,12,12,12,0.0,65,+1 Lap,,,0
2021,3,Portuguese Grand Prix,portimao,Autódromo Internacional do Algarve,Portugal,vettel,VET,Sebastian,Vettel,aston_martin,Aston Martin,10,13,13,0.0,65,+1 Lap,,,-3
2021,3,Portuguese Grand Prix,portimao,Autódromo Internacional do Algarve,Portugal,stroll,STR,Lance,Stroll,aston_martin,Aston Martin,17,14,14,0.0,65,+1 Lap,,,3
2021,3,Portuguese Grand Prix,portimao,Autódromo Internacional do Algarve,Portugal,tsunoda,TSU,Yuki,Tsunoda,alphatauri,AlphaTauri,14,15,15,0.0,65,+1 Lap,,,-1
2021,3,Portuguese Grand Prix,portimao,Autódromo Internacional do Algarve,Portugal,russell,RUS,George,Russell,williams,Williams,11,16,16,0.0,65,+1 Lap,,,-5
2021,3,Portuguese Grand Prix,portimao,Autódromo Internacional do Algarve,Portugal,mick_schumacher,MSC,Mick,Schumacher,haas,Haas F1 Team,19,17,17,0.0,64,+2 Laps,,,2
2021,3,Portuguese Grand Prix,portimao,Autódromo Internacional do Algarve,Portugal,latifi,LAT,Nicholas,Latifi,williams,Williams,18,18,18,0.0,64,+2 Laps,,,0
2021,3,Portuguese Grand Prix,portimao,Autódromo Internacional do Algarve,Portugal,mazepin,MAZ,Nikita,Mazepin,haas,Haas F1 Team,20,19,19,0.0,64,+2 Laps,,,1
2021,3,Portuguese Grand Prix,portimao,Autódromo Internacional do Algarve,Portugal,raikkonen,RAI,Kimi,Räikkönen,alfa,Alfa Romeo,15,20,R,0.0,1,Collision damage,,,-5
2021,4,Spanish Grand Prix,catalunya,Circuit de Barcelona-Catalunya,Spain,hamilton,HAM,Lewis,Hamilton,mercedes,Mercedes,1,1,1,25.0,66,Finished,5587680,1:33:07.680,0
2021,4,Spanish Grand Prix,catalunya,Circuit de Barcelona-Catalunya,Spain,max_verstappen,VER,Max,Verstappen,red_bull,Red Bull,2,2,2,19.0,66,Finished,5603521,+15.841,0
2021,4,Spanish Grand Prix,catalunya,Circuit de Barcelona-Catalunya,Spain,bottas,BOT,Valtteri,Bottas,mercedes,Mercedes,3,3,3,15.0,66,Finished,5614290,+26.610,0
2021,4,Spanish Grand Prix,catalunya,Circuit de Barcelona-Catalunya,Spain,leclerc,LEC,Charles,Leclerc,ferrari,Ferrari,4,4,4,12.0,66,Finished,5642296,+54.616,0
2021,4,Spanish Grand Prix,catalunya,Circuit de Barcelona-Catalunya,Spain,perez,PER,Sergio,Pérez,red_bull,Red Bull,8,5,5,10.0,66,Finished,5651351,+1:03.671,3
2021,4,Spanish Grand Prix,catalunya,Circuit de Barcelona-Catalunya,Spain,ricciardo,RIC,Daniel,Ricciardo,mclaren,McLaren,7,6,6,8.0,66,Finished,5661448,+1:13.768,1
2021,4,Spanish Grand Prix,catalunya,Circuit de Barcelona-Catalunya,Spain,sainz,SAI,Carlos,Sainz,ferrari,Ferrari,6,7,7,6.0,66,Finished,5662350,+1:14.670,-1
2021,4,Spanish Grand Prix,catalunya,Circuit de Barcelona-Catalunya,Spain,norris,NOR,Lando,Norris,mclaren,McLaren,9,8,8,4.0,65,+1 Lap,,,1
2021,4,Spanish Grand Prix,catalunya,Circuit de Barcelona-Catalunya,Spain,ocon,OCO,Esteban,Ocon,alpine,Alpine F1 Team,5,9,9,2.0,65,+1 Lap,,,-4
2021,4,Spanish Grand Prix,catalunya,Circuit de Barcelona-Catalunya,Spain,gasly,GAS,Pierre,Gasly,alphatauri,AlphaTauri,12,10,10,1.0,65,+1 Lap,,,2
2021,4,Spanish Grand Prix,catalunya,Circuit de Barcelona-Catalunya,Spain,stroll,STR,Lance,Stroll,aston_martin,Aston Martin,11,11,11,0.0,65,+1 Lap,,,0
2021,4,Spanish Grand Prix,catalunya,Circuit de Barcelona-Catalunya,Spain,raikkonen,RAI,Kimi,Räikkönen,alfa,Alfa Romeo,17,12,12,0.0,65,+1 Lap,,,5
2021,4,Spanish Grand Prix,catalunya,Circuit de Barcelona-Catalunya,Spain,vettel,VET,Sebastian,Vettel,aston_martin,Aston Martin,13,13,13,0.0,65,+1 Lap,,,0
2021,4,Spanish Grand Prix,catalunya,Circuit de Barcelona-Catalunya,Spain,russell,RUS,George,Russell,williams,Williams,15,14,14,0.0,65,+1 Lap,,,1
2021,4,Spanish Grand Prix,catalunya,Circuit de Barcelona-Catalunya,Spain,giovinazzi,GIO,Antonio,Giovinazzi,alfa,Alfa Romeo,14,15,15,0.0,65,+1 Lap,,,-1
2021,4,Spanish Grand Prix,catalunya,Circuit de Barcelona-Catalunya,Spain,latifi,LAT,Nicholas,Latifi,williams,Williams,19,16,16,0.0,65,+1 Lap,,,3
2021,4,Spanish Grand Prix,catalunya,Circuit de Barcelona-Catalunya,Spain,alonso,ALO,Fernando,Alonso,alpine,Alpine F1 Team,10,17,17,0.0,65,+1 Lap,,,-7
2021,4,Spanish Grand Prix,catalunya,Circuit de Barcelona-Catalunya,Spain,mick_schumacher,MSC,Mick,Schumacher,haas,Haas F1 Team,18,18,18,0.0,64,+2 Laps,,,0
2021,4,Spanish Grand Prix,catalunya,Circuit de Barcelona-Catalunya,Spain,mazepin,MAZ,Nikita,Mazepin,haas,Haas F1 Team,20,19,19,0.0,64,+2 Laps,,,1
2021,4,Spanish Grand Prix,catalunya,Circuit de Barcelona-Catalunya,Spain,tsunoda,TSU,Yuki,Tsunoda,alphatauri,AlphaTauri,16,20,R,0.0,6,Electrical,,,-4
2021,5,Monaco Grand Prix,monaco,Circuit de Monaco,Monaco,max_verstappen,VER,Max,Verstappen,red_bull,Red Bull,2,1,1,25.0,78,Finished,5936820,1:38:56.820,1
2021,5,Monaco Grand Prix,monaco,Circuit de Monaco,Monaco,sainz,SAI,Carlos,Sainz,ferrari,Ferrari,4,2,2,18.0,78,Finished,5945788,+8.968,2
2021,5,Monaco Grand Prix,monaco,Circuit de Monaco,Monaco,norris,NOR,Lando,Norris,mclaren,McLaren,5,3,3,15.0,78,Finished,5956247,+19.427,2
2021,5,Monaco Grand Prix,monaco,Circuit de Monaco,Monaco,perez,PER,Sergio,Pérez,red_bull,Red Bull,9,4,4,12.0,78,Finished,5957310,+20.490,5
2021,5,Monaco Grand Prix,monaco,Circuit de Monaco,Monaco,vettel,VET,Sebastian,Vettel,aston_martin,Aston Martin,8,5,5,10.0,78,Finished,5989411,+52.591,3
2021,5,Monaco Grand Prix,monaco,Circuit de Monaco,Monaco,gasly,GAS,Pierre,Gasly,alphatauri,AlphaTauri,6,6,6,8.0,78,Finished,5990716,+53.896,0
2021,5,Monaco Grand Prix,monaco,Circuit de Monaco,Monaco,hamilton,HAM,Lewis,Hamilton,mercedes,Mercedes,7,7,7,7.0,78,Finished,6005051,+1:08.231,0
2021,5,Monaco Grand Prix,monaco,Circuit de Monaco,Monaco,stroll,STR,Lance,Stroll,aston_martin,Aston Martin,13,8,8,4.0,77,+1 Lap,,,5
2021,5,Monaco Grand Prix,monaco,Circuit de Monaco,Monaco,ocon,OCO,Esteban,Ocon,alpine,Alpine F1 Team,11,9,9,2.0,77,+1 Lap,,,2
2021,5,Monaco Grand Prix,monaco,Circuit de Monaco,Monaco,giovinazzi,GIO,Antonio,Giovinazzi,alfa,Alfa Romeo,10,10,10,1.0,77,+1 Lap,,,0
2021,5,Monaco Grand Prix,monaco,Circuit de Monaco,Monaco,raikkonen,RAI,Kimi,Räikkönen,alfa,Alfa Romeo,14,11,11,0.0,77,+1 Lap,,,3
2021,5,Monaco Grand Prix,monaco,Circuit de Monaco,Monaco,ricciardo,RIC,Daniel,Ricciardo,mclaren,McLaren,12,12,12,0.0,77,+1 Lap,,,0
2021,5,Monaco Grand Prix,monaco,Circuit de Monaco,Monaco,alonso,ALO,Fernando,Alonso,alpine,Alpine F1 Team,17,13,13,0.0,77,+1 Lap,,,4
2021,5,Monaco Grand Prix,monaco,Circuit de Monaco,Monaco,russell,RUS,George,Russell,williams,Williams,15,14,14,0.0,77,+1 Lap,,,1
2021,5,Monaco Grand Prix,monaco,Circuit de Monaco,Monaco,latifi,LAT,Nicholas,Latifi,williams,Williams,18,15,15,0.0,77,+1 Lap,,,3
2021,5,Monaco Grand Prix,monaco,Circuit de Monaco,Monaco,tsunoda,TSU,Yuki,Tsunoda,alphatauri,AlphaTauri,16,16,16,0.0,77,+1 Lap,,,0
2021,5,Monaco Grand Prix,monaco,Circuit de Monaco,Monaco,mazepin,MAZ,Nikita,Mazepin,haas,Haas F1 Team,19,17,17,0.0,75,+3 Laps,,,2
2021,5,Monaco Grand Prix,monaco,Circuit de Monaco,Monaco,mick_schumacher,MSC,Mick,Schumacher,haas,Haas F1 Team,20,18,18,0.0,75,+3 Laps,,,2
2021,5,Monaco Grand Prix,monaco,Circuit de Monaco,Monaco,bottas,BOT,Valtteri,Bottas,mercedes,Mercedes,3,19,R,0.0,29,Wheel nut,,,-16
2021,5,Monaco Grand Prix,monaco,Circuit de Monaco,Monaco,leclerc,LEC,Charles,Leclerc,ferrari,Ferrari,1,20,W,0.0,0,Driveshaft,,,-19
2021,6,Azerbaijan Grand Prix,baku,Baku City Circuit,Azerbaijan,perez,PER,Sergio,Pérez,red_bull,Red Bull,6,1,1,25.0,51,Finished,8016410,2:13:36.410,5
2021,6,Azerbaijan Grand Prix,baku,Baku City Circuit,Azerbaijan,vettel,VET,Sebastian,Vettel,aston_martin,Aston Martin,11,2,2,18.0,51,Finished,8017795,+1.385,9
2021,6,Azerbaijan Grand Prix,baku,Baku City Circuit,Azerbaijan,gasly,GAS,Pierre,Gasly,alphatauri,AlphaTauri,4,3,3,15.0,51,Finished,8019172,+2.762,1
2021,6,Azerbaijan Grand Prix,baku,Baku City Circuit,Azerbaijan,leclerc,LEC,Charles,Leclerc,ferrari,Ferrari,1,4,4,12.0,51,Finished,8020238,+3.828,-3
2021,6,Azerbaijan Grand Prix,baku,Baku City Circuit,Azerbaijan,norris,NOR,Lando,Norris,mclaren,McLaren,9,5,5,10.0,51,Finished,8021164,+4.754,4
2021,6,Azerbaijan Grand Prix,baku,Baku City Circuit,Azerbaijan,alonso,ALO,Fernando,Alonso,alpine,Alpine F1 Team,8,6,6,8.0,51,Finished,8022792,+6.382,2
2021,6,Azerbaijan Grand Prix,baku,Baku City Circuit,Azerbaijan,tsunoda,TSU,Yuki,Tsunoda,alphatauri,AlphaTauri,7,7,7,6.0,51,Finished,8023034,+6.624,0
2021,6,Azerbaijan Grand Prix,baku,Baku City Circuit,Azerbaijan,sainz,SAI,Carlos,Sainz,ferrari,Ferrari,5,8,8,4.0,51,Finished,8024119,+7.709,-3
2021,6,Azerbaijan Grand Prix,baku,Baku City Circuit,Azerbaijan,ricciardo,RIC,Daniel,Ricciardo,mclaren,McLaren,13,9,9,2.0,51,Finished,8025284,+8.874,4
2021,6,Azerbaijan Grand Prix,baku,Baku City Circuit,Azerbaijan,raikkonen,RAI,Kimi,Räikkönen,alfa,Alfa Romeo,14,10,10,1.0,51,Finished,8025986,+9.576,4
2021,6,Azerbaijan Grand Prix,baku,Baku City Circuit,Azerbaijan,giovinazzi,GIO,Antonio,Giovinazzi,alfa,Alfa Romeo,20,11,11,0.0,51,Finished,8026664,+10.254,9
2021,6,Azerbaijan Grand Prix,baku,Baku City Circuit,Azerbaijan,bottas,BOT,Valtteri,Bottas,mercedes,Mercedes,10,12,12,0.0,51,Finished,8027674,+11.264,-2
2021,6,Azerbaijan Grand Prix,baku,Baku City Circuit,Azerbaijan,mick_schumacher,MSC,Mick,Schumacher,haas,Haas F1 Team,17,13,13,0.0,51,Finished,8030651,+14.241,4
2021,6,Azerbaijan Grand Prix,baku,Baku City Circuit,Azerbaijan,mazepin,MAZ,Nikita,Mazepin,haas,Haas F1 Team,18,14,14,0.0,51,Finished,8030725,+14.315,4
2021,6,Azerbaijan Grand Prix,baku,Baku City Circuit,Azerbaijan,hamilton,HAM,Lewis,Hamilton,mercedes,Mercedes,2,15,15,0.0,51,Finished,8034078,+17.668,-13
2021,6,Azerbaijan Grand Prix,baku,Baku City Circuit,Azerbaijan,latifi,LAT,Nicholas,Latifi,williams,Williams,16,16,16,0.0,51,Finished,8059789,+43.379,0
2021,6,Azerbaijan Grand Prix,baku,Baku City Circuit,Azerbaijan,russell,RUS,George,Russell,williams,Williams,15,17,R,0.0,48,Gearbox,,,-2
2021,6,Azerbaijan Grand Prix,baku,Baku City Circuit,Azerbaijan,max_verstappen,VER,Max,Verstappen,red_bull,Red Bull,3,18,R,0.0,45,Accident,,,-15
2021,6,Azerbaijan Grand Prix,baku,Baku City Circuit,Azerbaijan,stroll,STR,Lance,Stroll,aston_martin,Aston Martin,19,19,R,0.0,29,Accident,,,0
2021,6,Azerbaijan Grand Prix,baku,Baku City Circuit,Azerbaijan,ocon,OCO,Esteban,Ocon,alpine,Alpine F1 Team,12,20,R,0.0,3,Turbo,,,-8
2021,7,French Grand Prix,ricard,Circuit Paul Ricard,France,max_verstappen,VER,Max,Verstappen,red_bull,Red Bull,1,1,1,26.0,53,Finished,5245770,1:27:25.770,0
2021,7,French Grand Prix,ricard,Circuit Paul Ricard,France,hamilton,HAM,Lewis,Hamilton,mercedes,Mercedes,2,2,2,18.0,53,Finished,5248674,+2.904,0
2021,7,French Grand Prix,ricard,Circuit Paul Ricard,France,perez,PER,Sergio,Pérez,red_bull,Red Bull,4,3,3,15.0,53,Finished,5254581,+8.811,1
2021,7,French Grand Prix,ricard,Circuit Paul Ricard,France,bottas,BOT,Valtteri,Bottas,mercedes,Mercedes,3,4,4,12.0,53,Finished,5260388,+14.618,-1
2021,7,French Grand Prix,ricard,Circuit Paul Ricard,France,norris,NOR,Lando,Norris,mclaren,McLaren,8,5,5,10.0,53,Finished,5309802,+1:04.032,3
2021,7,French Grand Prix,ricard,Circuit Paul Ricard,France,ricciardo,RIC,Daniel,Ricciardo,mclaren,McLaren,10,6,6,8.0,53,Finished,5321627,+1:15.857,4
2021,7,French Grand Prix,ricard,Circuit Paul Ricard,France,gasly,GAS,Pierre,Gasly,alphatauri,AlphaTauri,6,7,7,6.0,53,Finished,5322366,+1:16.596,-1
2021,7,French Grand Prix,ricard,Circuit Paul Ricard,France,alonso,ALO,Fernando,Alonso,alpine,Alpine F1 Team,9,8,8,4.0,53,Finished,5323465,+1:17.695,1
2021,7,French Grand Prix,ricard,Circuit Paul Ricard,France,vettel,VET,Sebastian,Vettel,aston_martin,Aston Martin,12,9,9,2.0,53,Finished,5325436,+1:19.666,3
2021,7,French Grand Prix,ricard,Circuit Paul Ricard,France,stroll,STR,Lance,Stroll,aston_martin,Aston Martin,19,10,10,1.0,53,Finished,5337716,+1:31.946,9
2021,7,French Grand Prix,ricard,Circuit Paul Ricard,France,sainz,SAI,Carlos,Sainz,ferrari,Ferrari,5,11,11,0.0,53,Finished,5345107,+1:39.337,-6
2021,7,French Grand Prix,ricard,Circuit Paul Ricard,France,russell,RUS,George,Russell,williams,Williams,14,12,12,0.0,52,+1 Lap,,,2
2021,7,French Grand Prix,ricard,Circuit Paul Ricard,France,tsunoda,TSU,Yuki,Tsunoda,alphatauri,AlphaTauri,0,13,13,0.0,52,+1 Lap,,,-13
2021,7,French Grand Prix,ricard,Circuit Paul Ricard,France,ocon,OCO,Esteban,Ocon,alpine,Alpine F1 Team,11,14,14,0.0,52,+1 Lap,,,-3
2021,7,French Grand Prix,ricard,Circuit Paul Ricard,France,giovinazzi,GIO,Antonio,Giovinazzi,alfa,Alfa Romeo,13,15,15,0.0,52,+1 Lap,,,-2
2021,7,French Grand Prix,ricard,Circuit Paul Ricard,France,leclerc,LEC,Charles,Leclerc,ferrari,Ferrari,7,16,16,0.0,52,+1 Lap,,,-9
2021,7,French Grand Prix,ricard,Circuit Paul Ricard,France,raikkonen,RAI,Kimi,Räikkönen,alfa,Alfa Romeo,17,17,17,0.0,52,+1 Lap,,,0
2021,7,French Grand Prix,ricard,Circuit Paul Ricard,France,latifi,LAT,Nicholas,Latifi,williams,Williams,16,18,18,0.0,52,+1 Lap,,,-2
2021,7,French Grand Prix,ricard,Circuit Paul Ricard,France,mick_schumacher,MSC,Mick,Schumacher,haas,Haas F1 Team,15,19,19,0.0,52,+1 Lap,,,-4
2021,7,French Grand Prix,ricard,Circuit Paul Ricard,France,mazepin,MAZ,Nikita,Mazepin,haas,Haas F1 Team,18,20,20,0.0,52,+1 Lap,,,-2
2021,8,Styrian Grand Prix,red_bull_ring,Red Bull Ring,Austria,max_verstappen,VER,Max,Verstappen,red_bull,Red Bull,1,1,1,25.0,71,Finished,4938925,1:22:18.925,0
2021,8,Styrian Grand Prix,red_bull_ring,Red Bull Ring,Austria,hamilton,HAM,Lewis,Hamilton,mercedes,Mercedes,2,2,2,19.0,71,Finished,4974668,+35.743,0
2021,8,Styrian Grand Prix,red_bull_ring,Red Bull Ring,Austria,bottas,BOT,Valtteri,Bottas,mercedes,Mercedes,5,3,3,15.0,71,Finished,4985832,+46.907,2
2021,8,Styrian Grand Prix,red_bull_ring,Red Bull Ring,Austria,perez,PER,Sergio,Pérez,red_bull,Red Bull,4,4,4,12.0,71,Finished,4986359,+47.434,0
2021,8,Styrian Grand Prix,red_bull_ring,Red Bull Ring,Austria,norris,NOR,Lando,Norris,mclaren,McLaren,3,5,5,10.0,70,+1 Lap,,,-2
2021,8,Styrian Grand Prix,red_bull_ring,Red Bull Ring,Austria,sainz,SAI,Carlos,Sainz,ferrari,Ferrari,12,6,6,8.0,70,+1 Lap,,,6
2021,8,Styrian Grand Prix,red_bull_ring,Red Bull Ring,Austria,leclerc,LEC,Charles,Leclerc,ferrari,Ferrari,7,7,7,6.0,70,+1 Lap,,,0
2021,8,Styrian Grand Prix,red_bull_ring,Red Bull Ring,Austria,stroll,STR,Lance,Stroll,aston_martin,Aston Martin,9,8,8,4.0,70,+1 Lap,,,1
2021,8,Styrian Grand Prix,red_bull_ring,Red Bull Ring,Austria,alonso,ALO,Fernando,Alonso,alpine,Alpine F1 Team,8,9,9,2.0,70,+1 Lap,,,-1
2021,8,Styrian Grand Prix,red_bull_ring,Red Bull Ring,Austria,tsunoda,TSU,Yuki,Tsunoda,alphatauri,AlphaTauri,11,10,10,1.0,70,+1 Lap,,,1
2021,8,Styrian Grand Prix,red_bull_ring,Red Bull Ring,Austria,raikkonen,RAI,Kimi,Räikkönen,alfa,Alfa Romeo,18,11,11,0.0,70,+1 Lap,,,7
2021,8,Styrian Grand Prix,red_bull_ring,Red Bull Ring,Austria,vettel,VET,Sebastian,Vettel,aston_martin,Aston Martin,14,12,12,0.0,70,+1 Lap,,,2
2021,8,Styrian Grand Prix,red_bull_ring,Red Bull Ring,Austria,ricciardo,RIC,Daniel,Ricciardo,mclaren,McLaren,13,13,13,0.0,70,+1 Lap,,,0
2021,8,Styrian Grand Prix,red_bull_ring,Red Bull Ring,Austria,ocon,OCO,Esteban,Ocon,alpine,Alpine F1 Team,17,14,14,0.0,70,+1 Lap,,,3
2021,8,Styrian Grand Prix,red_bull_ring,Red Bull Ring,Austria,giovinazzi,GIO,Antonio,Giovinazzi,alfa,Alfa Romeo,15,15,15,0.0,70,+1 Lap,,,0
2021,8,Styrian Grand Prix,red_bull_ring,Red Bull Ring,Austria,mick_schumacher,MSC,Mick,Schumacher,haas,Haas F1 Team,19,16,16,0.0,69,+2 Laps,,,3
2021,8,Styrian Grand Prix,red_bull_ring,Red Bull Ring,Austria,latifi,LAT,Nicholas,Latifi,williams,Williams,16,17,17,0.0,68,+3 Laps,,,-1
2021,8,Styrian Grand Prix,red_bull_ring,Red Bull Ring,Austria,mazepin,MAZ,Nikita,Mazepin,haas,Haas F1 Team,20,18,18,0.0,68,+3 Laps,,,2
2021,8,Styrian Grand Prix,red_bull_ring,Red Bull Ring,Austria,russell,RUS,George,Russell,williams,Williams,10,19,R,0.0,36,Engine,,,-9
2021,8,Styrian Grand Prix,red_bull_ring,Red Bull Ring,Austria,gasly,GAS,Pierre,Gasly,alphatauri,AlphaTauri,6,20,R,0.0,1,Collision,,,-14
2021,9,Austrian Grand Prix,red_bull_ring,Red Bull Ring,Austria,max_verstappen,VER,Max,Verstappen,red_bull,Red Bull,1,1,1,26.0,71,Finished,5034543,1:23:54.543,0
2021,9,Austrian Grand Prix,red_bull_ring,Red Bull Ring,Austria,bottas,BOT,Valtteri,Bottas,mercedes,Mercedes,5,2,2,18.0,71,Finished,5052516,+17.973,3
2021,9,Austrian Grand Prix,red_bull_ring,Red Bull Ring,Austria,norris,NOR,Lando,Norris,mclaren,McLaren,2,3,3,15.0,71,Finished,5054562,+20.019,-1
2021,9,Austrian Grand Prix,red_bull_ring,Red Bull Ring,Austria,hamilton,HAM,Lewis,Hamilton,mercedes,Mercedes,4,4,4,12.0,71,Finished,5080995,+46.452,0
2021,9,Austrian Grand Prix,red_bull_ring,Red Bull Ring,Austria,sainz,SAI,Carlos,Sainz,ferrari,Ferrari,10,5,5,10.0,71,Finished,5091687,+57.144,5
2021,9,Austrian Grand Prix,red_bull_ring,Red Bull Ring,Austria,perez,PER,Sergio,Pérez,red_bull,Red Bull,3,6,6,8.0,71,Finished,5092458,+57.915,-3
2021,9,Austrian Grand Prix,red_bull_ring,Red Bull Ring,Austria,ricciardo,RIC,Daniel,Ricciardo,mclaren,McLaren,13,7,7,6.0,71,Finished,5094938,+1:00.395,6
2021,9,Austrian Grand Prix,red_bull_ring,Red Bull Ring,Austria,leclerc,LEC,Charles,Leclerc,ferrari,Ferrari,12,8,8,4.0,71,Finished,5095738,+1:01.195,4
2021,9,Austrian Grand Prix,red_bull_ring,Red Bull Ring,Austria,gasly,GAS,Pierre,Gasly,alphatauri,AlphaTauri,6,9,9,2.0,71,Finished,5096387,+1:01.844,-3
2021,9,Austrian Grand Prix,red_bull_ring,Red Bull Ring,Austria,alonso,ALO,Fernando,Alonso,alpine,Alpine F1 Team,14,10,10,1.0,70,+1 Lap,,,4
2021,9,Austrian Grand Prix,red_bull_ring,Red Bull Ring,Austria,russell,RUS,George,Russell,williams,Williams,8,11,11,0.0,70,+1 Lap,,,-3
2021,9,Austrian Grand Prix,red_bull_ring,Red Bull Ring,Austria,tsunoda,TSU,Yuki,Tsunoda,alphatauri,AlphaTauri,7,12,12,0.0,70,+1 Lap,,,-5
2021,9,Austrian Grand Prix,red_bull_ring,Red Bull Ring,Austria,stroll,STR,Lance,Stroll,aston_martin,Aston Martin,9,13,13,0.0,70,+1 Lap,,,-4
2021,9,Austrian Grand Prix,red_bull_ring,Red Bull Ring,Austria,giovinazzi,GIO,Antonio,Giovinazzi,alfa,Alfa Romeo,15,14,14,0.0,70,+1 Lap,,,1
2021,9,Austrian Grand Prix,red_bull_ring,Red Bull Ring,Austria,raikkonen,RAI,Kimi,Räikkönen,alfa,Alfa Romeo,16,15,15,0.0,70,+1 Lap,,,1
2021,9,Austrian Grand Prix,red_bull_ring,Red Bull Ring,Austria,latifi,LAT,Nicholas,Latifi,williams,Williams,18,16,16,0.0,70,+1 Lap,,,2
2021,9,Austrian Grand Prix,red_bull_ring,Red Bull Ring,Austria,vettel,VET,Sebastian,Vettel,aston_martin,Aston Martin,11,17,17,0.0,69,Collision,,,-6
2021,9,Austrian Grand Prix,red_bull_ring,Red Bull Ring,Austria,mick_schumacher,MSC,Mick,Schumacher,haas,Haas F1 Team,19,18,18,0.0,69,+2 Laps,,,1
2021,9,Austrian Grand Prix,red_bull_ring,Red Bull Ring,Austria,mazepin,MAZ,Nikita,Mazepin,haas,Haas F1 Team,20,19,19,0.0,69,+2 Laps,,,1
2021,9,Austrian Grand Prix,red_bull_ring,Red Bull Ring,Austria,ocon,OCO,Esteban,Ocon,alpine,Alpine F1 Team,17,20,R,0.0,0,Collision,,,-3
2021,10,British Grand Prix,silverstone,Silverstone Circuit,UK,hamilton,HAM,Lewis,Hamilton,mercedes,Mercedes,2,1,1,25.0,52,Finished,7103284,1:58:23.284,1
2021,10,British Grand Prix,silverstone,Silverstone Circuit,UK,leclerc,LEC,Charles,Leclerc,ferrari,Ferrari,4,2,2,18.0,52,Finished,7107155,+3.871,2
2021,10,British Grand Prix,silverstone,Silverstone Circuit,UK,bottas,BOT,Valtteri,Bottas,mercedes,Mercedes,3,3,3,15.0,52,Finished,7114409,+11.125,0
2021,10,British Grand Prix,silverstone,Silverstone Circuit,UK,norris,NOR,Lando,Norris,mclaren,McLaren,5,4,4,12.0,52,Finished,7131857,+28.573,1
2021,10,British Grand Prix,silverstone,Silverstone Circuit,UK,ricciardo,RIC,Daniel,Ricciardo,mclaren,McLaren,6,5,5,10.0,52,Finished,7145908,+42.624,1
2021,10,British Grand Prix,silverstone,Silverstone Circuit,UK,sainz,SAI,Carlos,Sainz,ferrari,Ferrari,10,6,6,8.0,52,Finished,7146738,+43.454,4
2021,10,British Grand Prix,silverstone,Silverstone Circuit,UK,alonso,ALO,Fernando,Alonso,alpine,Alpine F1 Team,7,7,7,6.0,52,Finished,7175377,+1:12.093,0
2021,10,British Grand Prix,silverstone,Silverstone Circuit,UK,stroll,STR,Lance,Stroll,aston_martin,Aston Martin,14,8,8,4.0,52,Finished,7177573,+1:14.289,6
2021,10,British Grand Prix,silverstone,Silverstone Circuit,UK,ocon,OCO,Esteban,Ocon,alpine,Alpine F1 Team,9,9,9,2.0,52,Finished,7179446,+1:16.162,0
2021,10,British Grand Prix,silverstone,Silverstone Circuit,UK,tsunoda,TSU,Yuki,Tsunoda,alphatauri,AlphaTauri,16,10,10,1.0,52,Finished,7185349,+1:22.065,6
2021,10,British Grand Prix,silverstone,Silverstone Circuit,UK,gasly,GAS,Pierre,Gasly,alphatauri,AlphaTauri,11,11,11,0.0,52,Finished,7188611,+1:25.327,0
2021,10,British Grand Prix,silverstone,Silverstone Circuit,UK,russell,RUS,George,Russell,williams,Williams,12,12,12,0.0,51,+1 Lap,,,0
2021,10,British Grand Prix,silverstone,Silverstone Circuit,UK,giovinazzi,GIO,Antonio,Giovinazzi,alfa,Alfa Romeo,15,13,13,0.0,51,+1 Lap,,,2
2021,10,British Grand Prix,silverstone,Silverstone Circuit,UK,latifi,LAT,Nicholas,Latifi,williams,Williams,17,14,14,0.0,51,+1 Lap,,,3
2021,10,British Grand Prix,silverstone,Silverstone Circuit,UK,raikkonen,RAI,Kimi,Räikkönen,alfa,Alfa Romeo,13,15,15,0.0,51,+1 Lap,,,-2
2021,10,British Grand Prix,silverstone,Silverstone Circuit,UK,perez,PER,Sergio,Pérez,red_bull,Red Bull,0,16,16,0.0,51,+1 Lap,,,-16
2021,10,British Grand Prix,silverstone,Silverstone Circuit,UK,mazepin,MAZ,Nikita,Mazepin,haas,Haas F1 Team,19,17,17,0.0,51,+1 Lap,,,2
2021,10,British Grand Prix,silverstone,Silverstone Circuit,UK,mick_schumacher,MSC,Mick,Schumacher,haas,Haas F1 Team,18,18,18,0.0,51,+1 Lap,,,0
2021,10,British Grand Prix,silverstone,Silverstone Circuit,UK,vettel,VET,Sebastian,Vettel,aston_martin,Aston Martin,8,19,R,0.0,40,Retired,,,-11
2021,10,British Grand Prix,silverstone,Silverstone Circuit,UK,max_verstappen,VER,Max,Verstappen,red_bull,Red Bull,1,20,R,0.0,0,Collision,,,-19
2021,11,Hungarian Grand Prix,hungaroring,Hungaroring,Hungary,ocon,OCO,Esteban,Ocon,alpine,Alpine F1 Team,8,1,1,25.0,70,Finished,7483199,2:04:43.199,7
2021,11,Hungarian Grand Prix,hungaroring,Hungaroring,Hungary,hamilton,HAM,Lewis,Hamilton,mercedes,Mercedes,1,2,2,18.0,70,Finished,7485935,+2.736,-1
2021,11,Hungarian Grand Prix,hungaroring,Hungaroring,Hungary,sainz,SAI,Carlos,Sainz,ferrari,Ferrari,15,3,3,15.0,70,Finished,7498217,+15.018,12
2021,11,Hungarian Grand Prix,hungaroring,Hungaroring,Hungary,alonso,ALO,Fernando,Alonso,alpine,Alpine F1 Team,9,4,4,12.0,70,Finished,7498850,+15.651,5
2021,11,Hungarian Grand Prix,hungaroring,Hungaroring,Hungary,gasly,GAS,Pierre,Gasly,alphatauri,AlphaTauri,5,5,5,11.0,70,Finished,7546813,+1:03.614,0
2021,11,Hungarian Grand Prix,hungaroring,Hungaroring,Hungary,tsunoda,TSU,Yuki,Tsunoda,alphatauri,AlphaTauri,16,6,6,8.0,70,Finished,7559002,+1:15.803,10
2021,11,Hungarian Grand Prix,hungaroring,Hungaroring,Hungary,latifi,LAT,Nicholas,Latifi,williams,Williams,18,7,7,6.0,70,Finished,7561109,+1:17.910,11
2021,11,Hungarian Grand Prix,hungaroring,Hungaroring,Hungary,russell,RUS,George,Russell,williams,Williams,17,8,8,4.0,70,Finished,7562293,+1:19.094,9
2021,11,Hungarian Grand Prix,hungaroring,Hungaroring,Hungary,max_verstappen,VER,Max,Verstappen,red_bull,Red Bull,3,9,9,2.0,70,Finished,7563443,+1:20.244,-6
2021,11,Hungarian Grand Prix,hungaroring,Hungaroring,Hungary,raikkonen,RAI,Kimi,Räikkönen,alfa,Alfa Romeo,13,10,10,1.0,69,+1 Lap,,,3
2021,11,Hungarian Grand Prix,hungaroring,Hungaroring,Hungary,ricciardo,RIC,Daniel,Ricciardo,mclaren,McLaren,11,11,11,0.0,69,+1 Lap,,,0
2021,11,Hungarian Grand Prix,hungaroring,Hungaroring,Hungary,mick_schumacher,MSC,Mick,Schumacher,haas,Haas F1 Team,20,12,12,0.0,69,+1 Lap,,,8
2021,11,Hungarian Grand Prix,hungaroring,Hungaroring,Hungary,giovinazzi,GIO,Antonio,Giovinazzi,alfa,Alfa Romeo,0,13,13,0.0,69,+1 Lap,,,-13
2021,11,Hungarian Grand Prix,hungaroring,Hungaroring,Hungary,mazepin,MAZ,Nikita,Mazepin,haas,Haas F1 Team,19,14,R,0.0,3,Collision,,,5
2021,11,Hungarian Grand Prix,hungaroring,Hungaroring,Hungary,norris,NOR,Lando,Norris,mclaren,McLaren,6,15,R,0.0,2,Collision,,,-9
2021,11,Hungarian Grand Prix,hungaroring,Hungaroring,Hungary,bottas,BOT,Valtteri,Bottas,mercedes,Mercedes,2,16,R,0.0,0,Collision,,,-14
2021,11,Hungarian Grand Prix,hungaroring,Hungaroring,Hungary,perez,PER,Sergio,Pérez,red_bull,Red Bull,4,17,R,0.0,0,Collision,,,-13
2021,11,Hungarian Grand Prix,hungaroring,Hungaroring,Hungary,leclerc,LEC,Charles,Leclerc,ferrari,Ferrari,7,18,R,0.0,0,Collision,,,-11
2021,11,Hungarian Grand Prix,hungaroring,Hungaroring,Hungary,stroll,STR,Lance,Stroll,aston_martin,Aston Martin,12,19,R,0.0,0,Collision,,,-7
2021,11,Hungarian Grand Prix,hungaroring,Hungaroring,Hungary,vettel,VET,Sebastian,Vettel,aston_martin,Aston Martin,10,20,D,0.0,70,Disqualified,,,-10
2021,12,Belgian Grand Prix,spa,Circuit de Spa-Francorchamps,Belgium,max_verstappen,VER,Max,Verstappen,red_bull,Red Bull,1,1,1,12.5,1,Finished,207071,3:27.071,0
2021,12,Belgian Grand Prix,spa,Circuit de Spa-Francorchamps,Belgium,russell,RUS,George,Russell,williams,Williams,2,2,2,9.0,1,Finished,209066,+1.995,0
2021,12,Belgian Grand Prix,spa,Circuit de Spa-Francorchamps,Belgium,hamilton,HAM,Lewis,Hamilton,mercedes,Mercedes,3,3,3,7.5,1,Finished,209672,+2.601,0
2021,12,Belgian Grand Prix,spa,Circuit de Spa-Francorchamps,Belgium,ricciardo,RIC,Daniel,Ricciardo,mclaren,McLaren,4,4,4,6.0,1,Finished,211567,+4.496,0
2021,12,Belgian Grand Prix,spa,Circuit de Spa-Francorchamps,Belgium,vettel,VET,Sebastian,Vettel,aston_martin,Aston Martin,5,5,5,5.0,1,Finished,214550,+7.479,0
2021,12,Belgian Grand Prix,spa,Circuit de Spa-Francorchamps,Belgium,gasly,GAS,Pierre,Gasly,alphatauri,AlphaTauri,6,6,6,4.0,1,Finished,217248,+10.177,0
2021,12,Belgian Grand Prix,spa,Circuit de Spa-Francorchamps,Belgium,ocon,OCO,Esteban,Ocon,alpine,Alpine F1 Team,8,7,7,3.0,1,Finished,218650,+11.579,1
2021,12,Belgian Grand Prix,spa,Circuit de Spa-Francorchamps,Belgium,leclerc,LEC,Charles,Leclerc,ferrari,Ferrari,9,8,8,2.0,1,Finished,219679,+12.608,1
2021,12,Belgian Grand Prix,spa,Circuit de Spa-Francorchamps,Belgium,latifi,LAT,Nicholas,Latifi,williams,Williams,10,9,9,1.0,1,Finished,222556,+15.485,1
2021,12,Belgian Grand Prix,spa,Circuit de Spa-Francorchamps,Belgium,sainz,SAI,Carlos,Sainz,ferrari,Ferrari,11,10,10,0.5,1,Finished,223237,+16.166,1
2021,12,Belgian Grand Prix,spa,Circuit de Spa-Francorchamps,Belgium,alonso,ALO,Fernando,Alonso,alpine,Alpine F1 Team,12,11,11,0.0,1,Finished,227661,+20.590,1
2021,12,Belgian Grand Prix,spa,Circuit de Spa-Francorchamps,Belgium,bottas,BOT,Valtteri,Bottas,mercedes,Mercedes,13,12,12,0.0,1,Finished,229485,+22.414,1
2021,12,Belgian Grand Prix,spa,Circuit de Spa-Francorchamps,Belgium,giovinazzi,GIO,Antonio,Giovinazzi,alfa,Alfa Romeo,14,13,13,0.0,1,Finished,231234,+24.163,1
2021,12,Belgian Grand Prix,spa,Circuit de Spa-Francorchamps,Belgium,norris,NOR,Lando,Norris,mclaren,McLaren,15,14,14,0.0,1,Finished,234181,+27.110,1
2021,12,Belgian Grand Prix,spa,Circuit de Spa-Francorchamps,Belgium,tsunoda,TSU,Yuki,Tsunoda,alphatauri,AlphaTauri,16,15,15,0.0,1,Finished,235400,+28.329,1
2021,12,Belgian Grand Prix,spa,Circuit de Spa-Francorchamps,Belgium,mick_schumacher,MSC,Mick,Schumacher,haas,Haas F1 Team,17,16,16,0.0,1,Finished,236578,+29.507,1
2021,12,Belgian Grand Prix,spa,Circuit de Spa-Francorchamps,Belgium,mazepin,MAZ,Nikita,Mazepin,haas,Haas F1 Team,18,17,17,0.0,1,Finished,239064,+31.993,1
2021,12,Belgian Grand Prix,spa,Circuit de Spa-Francorchamps,Belgium,raikkonen,RAI,Kimi,Räikkönen,alfa,Alfa Romeo,0,18,18,0.0,1,Finished,243125,+36.054,-18
2021,12,Belgian Grand Prix,spa,Circuit de Spa-Francorchamps,Belgium,perez,PER,Sergio,Pérez,red_bull,Red Bull,0,19,19,0.0,1,Finished,245276,+38.205,-19
2021,12,Belgian Grand Prix,spa,Circuit de Spa-Francorchamps,Belgium,stroll,STR,Lance,Stroll,aston_martin,Aston Martin,19,20,20,0.0,1,Finished,251179,+44.108,-1
2021,13,Dutch Grand Prix,zandvoort,Circuit Park Zandvoort,Netherlands,max_verstappen,VER,Max,Verstappen,red_bull,Red Bull,1,1,1,25.0,72,Finished,5405395,1:30:05.395,0
2021,13,Dutch Grand Prix,zandvoort,Circuit Park Zandvoort,Netherlands,hamilton,HAM,Lewis,Hamilton,mercedes,Mercedes,2,2,2,19.0,72,Finished,5426327,+20.932,0
2021,13,Dutch Grand Prix,zandvoort,Circuit Park Zandvoort,Netherlands,bottas,BOT,Valtteri,Bottas,mercedes,Mercedes,3,3,3,15.0,72,Finished,5461855,+56.460,0
2021,13,Dutch Grand Prix,zandvoort,Circuit Park Zandvoort,Netherlands,gasly,GAS,Pierre,Gasly,alphatauri,AlphaTauri,4,4,4,12.0,71,+1 Lap,,,0
2021,13,Dutch Grand Prix,zandvoort,Circuit Park Zandvoort,Netherlands,leclerc,LEC,Charles,Leclerc,ferrari,Ferrari,5,5,5,10.0,71,+1 Lap,,,0
2021,13,Dutch Grand Prix,zandvoort,Circuit Park Zandvoort,Netherlands,alonso,ALO,Fernando,Alonso,alpine,Alpine F1 Team,9,6,6,8.0,71,+1 Lap,,,3
2021,13,Dutch Grand Prix,zandvoort,Circuit Park Zandvoort,Netherlands,sainz,SAI,Carlos,Sainz,ferrari,Ferrari,6,7,7,6.0,71,+1 Lap,,,-1
2021,13,Dutch Grand Prix,zandvoort,Circuit Park Zandvoort,Netherlands,perez,PER,Sergio,Pérez,red_bull,Red Bull,0,8,8,4.0,71,+1 Lap,,,-8
2021,13,Dutch Grand Prix,zandvoort,Circuit Park Zandvoort,Netherlands,ocon,OCO,Esteban,Ocon,alpine,Alpine F1 Team,8,9,9,2.0,71,+1 Lap,,,-1
2021,13,Dutch Grand Prix,zandvoort,Circuit Park Zandvoort,Netherlands,norris,NOR,Lando,Norris,mclaren,McLaren,13,10,10,1.0,71,+1 Lap,,,3
2021,13,Dutch Grand Prix,zandvoort,Circuit Park Zandvoort,Netherlands,ricciardo,RIC,Daniel,Ricciardo,mclaren,McLaren,10,11,11,0.0,71,+1 Lap,,,-1
2021,13,Dutch Grand Prix,zandvoort,Circuit Park Zandvoort,Netherlands,stroll,STR,Lance,Stroll,aston_martin,Aston Martin,12,12,12,0.0,70,+2 Laps,,,0
2021,13,Dutch Grand Prix,zandvoort,Circuit Park Zandvoort,Netherlands,vettel,VET,Sebastian,Vettel,aston_martin,Aston Martin,15,13,13,0.0,70,+2 Laps,,,2
2021,13,Dutch Grand Prix,zandvoort,Circuit Park Zandvoort,Netherlands,giovinazzi,GIO,Antonio,Giovinazzi,alfa,Alfa Romeo,7,14,14,0.0,70,+2 Laps,,,-7
2021,13,Dutch Grand Prix,zandvoort,Circuit Park Zandvoort,Netherlands,kubica,KUB,Robert,Kubica,alfa,Alfa Romeo,16,15,15,0.0,70,+2 Laps,,,1
2021,13,Dutch Grand Prix,zandvoort,Circuit Park Zandvoort,Netherlands,latifi,LAT,Nicholas,Latifi,williams,Williams,0,16,16,0.0,70,+2 Laps,,,-16
2021,13,Dutch Grand Prix,zandvoort,Circuit Park Zandvoort,Netherlands,russell,RUS,George,Russell,williams,Williams,11,17,17,0.0,69,Gearbox,,,-6
2021,13,Dutch Grand Prix,zandvoort,Circuit Park Zandvoort,Netherlands,mick_schumacher,MSC,Mick,Schumacher,haas,Haas F1 Team,17,18,18,0.0,69,+3 Laps,,,-1
2021,13,Dutch Grand Prix,zandvoort,Circuit Park Zandvoort,Netherlands,tsunoda,TSU,Yuki,Tsunoda,alphatauri,AlphaTauri,14,19,R,0.0,48,Power Unit,,,-5
2021,13,Dutch Grand Prix,zandvoort,Circuit Park Zandvoort,Netherlands,mazepin,MAZ,Nikita,Mazepin,haas,Haas F1 Team,18,20,R,0.0,41,Hydraulics,,,-2
2021,14,Italian Grand Prix,monza,Autodromo Nazionale di Monza,Italy,ricciardo,RIC,Daniel,Ricciardo,mclaren,McLaren,2,1,1,26.0,53,Finished,4914365,1:21:54.365,1
2021,14,Italian Grand Prix,monza,Autodromo Nazionale di Monza,Italy,norris,NOR,Lando,Norris,mclaren,McLaren,3,2,2,18.0,53,Finished,4916112,+1.747,1
2021,14,Italian Grand Prix,monza,Autodromo Nazionale di Monza,Italy,bottas,BOT,Valtteri,Bottas,mercedes,Mercedes,19,3,3,15.0,53,Finished,4919286,+4.921,16
2021,14,Italian Grand Prix,monza,Autodromo Nazionale di Monza,Italy,leclerc,LEC,Charles,Leclerc,ferrari,Ferrari,5,4,4,12.0,53,Finished,4921674,+7.309,1
2021,14,Italian Grand Prix,monza,Autodromo Nazionale di Monza,Italy,perez,PER,Sergio,Pérez,red_bull,Red Bull,8,5,5,10.0,53,Finished,4923088,+8.723,3
2021,14,Italian Grand Prix,monza,Autodromo Nazionale di Monza,Italy,sainz,SAI,Carlos,Sainz,ferrari,Ferrari,6,6,6,8.0,53,Finished,4924900,+10.535,0
2021,14,Italian Grand Prix,monza,Autodromo Nazionale di Monza,Italy,stroll,STR,Lance,Stroll,aston_martin,Aston Martin,9,7,7,6.0,53,Finished,4930169,+15.804,2
2021,14,Italian Grand Prix,monza,Autodromo Nazionale di Monza,Italy,alonso,ALO,Fernando,Alonso,alpine,Alpine F1 Team,10,8,8,4.0,53,Finished,4931566,+17.201,2
2021,14,Italian Grand Prix,monza,Autodromo Nazionale di Monza,Italy,russell,RUS,George,Russell,williams,Williams,14,9,9,2.0,53,Finished,4934107,+19.742,5
2021,14,Italian Grand Prix,monza,Autodromo Nazionale di Monza,Italy,ocon,OCO,Esteban,Ocon,alpine,Alpine F1 Team,12,10,10,1.0,53,Finished,4935233,+20.868,2
2021,14,Italian Grand Prix,monza,Autodromo Nazionale di Monza,Italy,latifi,LAT,Nicholas,Latifi,williams,Williams,13,11,11,0.0,53,Finished,4938108,+23.743,2
2021,14,Italian Grand Prix,monza,Autodromo Nazionale di Monza,Italy,vettel,VET,Sebastian,Vettel,aston_martin,Aston Martin,11,12,12,0.0,53,Finished,4938986,+24.621,-1
2021,14,Italian Grand Prix,monza,Autodromo Nazionale di Monza,Italy,giovinazzi,GIO,Antonio,Giovinazzi,alfa,Alfa Romeo,7,13,13,0.0,53,Finished,4941581,+27.216,-6
2021,14,Italian Grand Prix,monza,Autodromo Nazionale di Monza,Italy,kubica,KUB,Robert,Kubica,alfa,Alfa Romeo,17,14,14,0.0,53,Finished,4944134,+29.769,3
2021,14,Italian Grand Prix,monza,Autodromo Nazionale di Monza,Italy,mick_schumacher,MSC,Mick,Schumacher,haas,Haas F1 Team,18,15,15,0.0,53,Finished,4965453,+51.088,3
2021,14,Italian Grand Prix,monza,Autodromo Nazionale di Monza,Italy,mazepin,MAZ,Nikita,Mazepin,haas,Haas F1 Team,16,16,R,0.0,41,Power Unit,,,0
2021,14,Italian Grand Prix,monza,Autodromo Nazionale di Monza,Italy,hamilton,HAM,Lewis,Hamilton,mercedes,Mercedes,4,17,R,0.0,25,Collision,,,-13
2021,14,Italian Grand Prix,monza,Autodromo Nazionale di Monza,Italy,max_verstappen,VER,Max,Verstappen,red_bull,Red Bull,1,18,R,0.0,25,Collision,,,-17
2021,14,Italian Grand Prix,monza,Autodromo Nazionale di Monza,Italy,gasly,GAS,Pierre,Gasly,alphatauri,AlphaTauri,0,19,R,0.0,3,Suspension,,,-19
2021,14,Italian Grand Prix,monza,Autodromo Nazionale di Monza,Italy,tsunoda,TSU,Yuki,Tsunoda,alphatauri,AlphaTauri,0,20,W,0.0,0,Brakes,,,-20
2021,15,Russian Grand Prix,sochi,Sochi Autodrom,Russia,hamilton,HAM,Lewis,Hamilton,mercedes,Mercedes,4,1,1,25.0,53,Finished,5441001,1:30:41.001,3
2021,15,Russian Grand Prix,sochi,Sochi Autodrom,Russia,max_verstappen,VER,Max,Verstappen,red_bull,Red Bull,20,2,2,18.0,53,Finished,5494272,+53.271,18
2021,15,Russian Grand Prix,sochi,Sochi Autodrom,Russia,sainz,SAI,Carlos,Sainz,ferrari,Ferrari,2,3,3,15.0,53,Finished,5503476,+1:02.475,-1
2021,15,Russian Grand Prix,sochi,Sochi Autodrom,Russia,ricciardo,RIC,Daniel,Ricciardo,mclaren,McLaren,5,4,4,12.0,53,Finished,5506608,+1:05.607,1
2021,15,Russian Grand Prix,sochi,Sochi Autodrom,Russia,bottas,BOT,Valtteri,Bottas,mercedes,Mercedes,16,5,5,10.0,53,Finished,5508534,+1:07.533,11
2021,15,Russian Grand Prix,sochi,Sochi Autodrom,Russia,alonso,ALO,Fernando,Alonso,alpine,Alpine F1 Team,6,6,6,8.0,53,Finished,5522322,+1:21.321,0
2021,15,Russian Grand Prix,sochi,Sochi Autodrom,Russia,norris,NOR,Lando,Norris,mclaren,McLaren,1,7,7,7.0,53,Finished,5528225,+1:27.224,-6
2021,15,Russian Grand Prix,sochi,Sochi Autodrom,Russia,raikkonen,RAI,Kimi,Räikkönen,alfa,Alfa Romeo,13,8,8,4.0,53,Finished,5529956,+1:28.955,5
2021,15,Russian Grand Prix,sochi,Sochi Autodrom,Russia,perez,PER,Sergio,Pérez,red_bull,Red Bull,8,9,9,2.0,53,Finished,5531077,+1:30.076,-1
2021,15,Russian Grand Prix,sochi,Sochi Autodrom,Russia,russell,RUS,George,Russell,williams,Williams,3,10,10,1.0,53,Finished,5541552,+1:40.551,-7
2021,15,Russian Grand Prix,sochi,Sochi Autodrom,Russia,stroll,STR,Lance,Stroll,aston_martin,Aston Martin,7,11,11,0.0,53,Finished,5547199,+1:46.198,-4
2021,15,Russian Grand Prix,sochi,Sochi Autodrom,Russia,vettel,VET,Sebastian,Vettel,aston_martin,Aston Martin,10,12,12,0.0,52,+1 Lap,,,-2
2021,15,Russian Grand Prix,sochi,Sochi Autodrom,Russia,gasly,GAS,Pierre,Gasly,alphatauri,AlphaTauri,11,13,13,0.0,52,+1 Lap,,,-2
2021,15,Russian Grand Prix,sochi,Sochi Autodrom,Russia,ocon,OCO,Esteban,Ocon,alpine,Alpine F1 Team,9,14,14,0.0,52,+1 Lap,,,-5
2021,15,Russian Grand Prix,sochi,Sochi Autodrom,Russia,leclerc,LEC,Charles,Leclerc,ferrari,Ferrari,19,15,15,0.0,52,+1 Lap,,,4
2021,15,Russian Grand Prix,sochi,Sochi Autodrom,Russia,giovinazzi,GIO,Antonio,Giovinazzi,alfa,Alfa Romeo,17,16,16,0.0,52,+1 Lap,,,1
2021,15,Russian Grand Prix,sochi,Sochi Autodrom,Russia,tsunoda,TSU,Yuki,Tsunoda,alphatauri,AlphaTauri,12,17,17,0.0,52,+1 Lap,,,-5
2021,15,Russian Grand Prix,sochi,Sochi Autodrom,Russia,mazepin,MAZ,Nikita,Mazepin,haas,Haas F1 Team,15,18,18,0.0,51,+2 Laps,,,-3
2021,15,Russian Grand Prix,sochi,Sochi Autodrom,Russia,latifi,LAT,Nicholas,Latifi,williams,Williams,18,19,19,0.0,47,Accident,,,-1
2021,15,Russian Grand Prix,sochi,Sochi Autodrom,Russia,mick_schumacher,MSC,Mick,Schumacher,haas,Haas F1 Team,14,20,R,0.0,32,Oil leak,,,-6
2021,16,Turkish Grand Prix,istanbul,Istanbul Park,Turkey,bottas,BOT,Valtteri,Bottas,mercedes,Mercedes,1,1,1,26.0,58,Finished,5464103,1:31:04.103,0
2021,16,Turkish Grand Prix,istanbul,Istanbul Park,Turkey,max_verstappen,VER,Max,Verstappen,red_bull,Red Bull,2,2,2,18.0,58,Finished,5478687,+14.584,0
2021,16,Turkish Grand Prix,istanbul,Istanbul Park,Turkey,perez,PER,Sergio,Pérez,red_bull,Red Bull,6,3,3,15.0,58,Finished,5497574,+33.471,3
2021,16,Turkish Grand Prix,istanbul,Istanbul Park,Turkey,leclerc,LEC,Charles,Leclerc,ferrari,Ferrari,3,4,4,12.0,58,Finished,5501917,+37.814,-1
2021,16,Turkish Grand Prix,istanbul,Istanbul Park,Turkey,hamilton,HAM,Lewis,Hamilton,mercedes,Mercedes,11,5,5,10.0,58,Finished,5505915,+41.812,6
2021,16,Turkish Grand Prix,istanbul,Istanbul Park,Turkey,gasly,GAS,Pierre,Gasly,alphatauri,AlphaTauri,4,6,6,8.0,58,Finished,5508395,+44.292,-2
2021,16,Turkish Grand Prix,istanbul,Istanbul Park,Turkey,norris,NOR,Lando,Norris,mclaren,McLaren,7,7,7,6.0,58,Finished,5511316,+47.213,0
2021,16,Turkish Grand Prix,istanbul,Istanbul Park,Turkey,sainz,SAI,Carlos,Sainz,ferrari,Ferrari,19,8,8,4.0,58,Finished,5515629,+51.526,11
2021,16,Turkish Grand Prix,istanbul,Istanbul Park,Turkey,stroll,STR,Lance,Stroll,aston_martin,Aston Martin,8,9,9,2.0,58,Finished,5546121,+1:22.018,-1
2021,16,Turkish Grand Prix,istanbul,Istanbul Park,Turkey,ocon,OCO,Esteban,Ocon,alpine,Alpine F1 Team,12,10,10,1.0,57,+1 Lap,,,2
2021,16,Turkish Grand Prix,istanbul,Istanbul Park,Turkey,giovinazzi,GIO,Antonio,Giovinazzi,alfa,Alfa Romeo,16,11,11,0.0,57,+1 Lap,,,5
2021,16,Turkish Grand Prix,istanbul,Istanbul Park,Turkey,raikkonen,RAI,Kimi,Räikkönen,alfa,Alfa Romeo,17,12,12,0.0,57,+1 Lap,,,5
2021,16,Turkish Grand Prix,istanbul,Istanbul Park,Turkey,ricciardo,RIC,Daniel,Ricciardo,mclaren,McLaren,20,13,13,0.0,57,+1 Lap,,,7
2021,16,Turkish Grand Prix,istanbul,Istanbul Park,Turkey,tsunoda,TSU,Yuki,Tsunoda,alphatauri,AlphaTauri,9,14,14,0.0,57,+1 Lap,,,-5
2021,16,Turkish Grand Prix,istanbul,Istanbul Park,Turkey,russell,RUS,George,Russell,williams,Williams,13,15,15,0.0,57,+1 Lap,,,-2
2021,16,Turkish Grand Prix,istanbul,Istanbul Park,Turkey,alonso,ALO,Fernando,Alonso,alpine,Alpine F1 Team,5,16,16,0.0,57,+1 Lap,,,-11
2021,16,Turkish Grand Prix,istanbul,Istanbul Park,Turkey,latifi,LAT,Nicholas,Latifi,williams,Williams,15,17,17,0.0,57,+1 Lap,,,-2
2021,16,Turkish Grand Prix,istanbul,Istanbul Park,Turkey,vettel,VET,Sebastian,Vettel,aston_martin,Aston Martin,10,18,18,0.0,57,+1 Lap,,,-8
2021,16,Turkish Grand Prix,istanbul,Istanbul Park,Turkey,mick_schumacher,MSC,Mick,Schumacher,haas,Haas F1 Team,14,19,19,0.0,56,+2 Laps,,,-5
2021,16,Turkish Grand Prix,istanbul,Istanbul Park,Turkey,mazepin,MAZ,Nikita,Mazepin,haas,Haas F1 Team,18,20,20,0.0,56,+2 Laps,,,-2
2021,17,United States Grand Prix,americas,Circuit of the Americas,USA,max_verstappen,VER,Max,Verstappen,red_bull,Red Bull,1,1,1,25.0,56,Finished,5676552,1:34:36.552,0
2021,17,United States Grand Prix,americas,Circuit of the Americas,USA,hamilton,HAM,Lewis,Hamilton,mercedes,Mercedes,2,2,2,19.0,56,Finished,5677885,+1.333,0
2021,17,United States Grand Prix,americas,Circuit of the Americas,USA,perez,PER,Sergio,Pérez,red_bull,Red Bull,3,3,3,15.0,56,Finished,5718775,+42.223,0
2021,17,United States Grand Prix,americas,Circuit of the Americas,USA,leclerc,LEC,Charles,Leclerc,ferrari,Ferrari,4,4,4,12.0,56,Finished,5728798,+52.246,0
2021,17,United States Grand Prix,americas,Circuit of the Americas,USA,ricciardo,RIC,Daniel,Ricciardo,mclaren,McLaren,6,5,5,10.0,56,Finished,5753406,+1:16.854,1
2021,17,United States Grand Prix,americas,Circuit of the Americas,USA,bottas,BOT,Valtteri,Bottas,mercedes,Mercedes,9,6,6,8.0,56,Finished,5756680,+1:20.128,3
2021,17,United States Grand Prix,americas,Circuit of the Americas,USA,sainz,SAI,Carlos,Sainz,ferrari,Ferrari,5,7,7,6.0,56,Finished,5760097,+1:23.545,-2
2021,17,United States Grand Prix,americas,Circuit of the Americas,USA,norris,NOR,Lando,Norris,mclaren,McLaren,7,8,8,4.0,56,Finished,5760947,+1:24.395,-1
2021,17,United States Grand Prix,americas,Circuit of the Americas,USA,tsunoda,TSU,Yuki,Tsunoda,alphatauri,AlphaTauri,10,9,9,2.0,55,+1 Lap,,,1
2021,17,United States Grand Prix,americas,Circuit of the Americas,USA,vettel,VET,Sebastian,Vettel,aston_martin,Aston Martin,18,10,10,1.0,55,+1 Lap,,,8
2021,17,United States Grand Prix,americas,Circuit of the Americas,USA,giovinazzi,GIO,Antonio,Giovinazzi,alfa,Alfa Romeo,12,11,11,0.0,55,+1 Lap,,,1
2021,17,United States Grand Prix,americas,Circuit of the Americas,USA,stroll,STR,Lance,Stroll,aston_martin,Aston Martin,13,12,12,0.0,55,+1 Lap,,,1
2021,17,United States Grand Prix,americas,Circuit of the Americas,USA,raikkonen,RAI,Kimi,Räikkönen,alfa,Alfa Romeo,15,13,13,0.0,55,+1 Lap,,,2
2021,17,United States Grand Prix,americas,Circuit of the Americas,USA,russell,RUS,George,Russell,williams,Williams,20,14,14,0.0,55,+1 Lap,,,6
2021,17,United States Grand Prix,americas,Circuit of the Americas,USA,latifi,LAT,Nicholas,Latifi,williams,Williams,14,15,15,0.0,55,+1 Lap,,,-1
2021,17,United States Grand Prix,americas,Circuit of the Americas,USA,mick_schumacher,MSC,Mick,Schumacher,haas,Haas F1 Team,16,16,16,0.0,54,+2 Laps,,,0
2021,17,United States Grand Prix,americas,Circuit of the Americas,USA,mazepin,MAZ,Nikita,Mazepin,haas,Haas F1 Team,17,17,17,0.0,54,+2 Laps,,,0
2021,17,United States Grand Prix,americas,Circuit of the Americas,USA,alonso,ALO,Fernando,Alonso,alpine,Alpine F1 Team,19,18,R,0.0,49,Rear wing,,,1
2021,17,United States Grand Prix,americas,Circuit of the Americas,USA,ocon,OCO,Esteban,Ocon,alpine,Alpine F1 Team,11,19,R,0.0,40,Mechanical,,,-8
2021,17,United States Grand Prix,americas,Circuit of the Americas,USA,gasly,GAS,Pierre,Gasly,alphatauri,AlphaTauri,8,20,R,0.0,14,Suspension,,,-12
2021,18,Mexico City Grand Prix,rodriguez,Autódromo Hermanos Rodríguez,Mexico,max_verstappen,VER,Max,Verstappen,red_bull,Red Bull,3,1,1,25.0,71,Finished,5919086,1:38:39.086,2
2021,18,Mexico City Grand Prix,rodriguez,Autódromo Hermanos Rodríguez,Mexico,hamilton,HAM,Lewis,Hamilton,mercedes,Mercedes,2,2,2,18.0,71,Finished,5935641,+16.555,0
2021,18,Mexico City Grand Prix,rodriguez,Autódromo Hermanos Rodríguez,Mexico,perez,PER,Sergio,Pérez,red_bull,Red Bull,4,3,3,15.0,71,Finished,5936838,+17.752,1
2021,18,Mexico City Grand Prix,rodriguez,Autódromo Hermanos Rodríguez,Mexico,gasly,GAS,Pierre,Gasly,alphatauri,AlphaTauri,5,4,4,12.0,71,Finished,5982931,+1:03.845,1
2021,18,Mexico City Grand Prix,rodriguez,Autódromo Hermanos Rodríguez,Mexico,leclerc,LEC,Charles,Leclerc,ferrari,Ferrari,8,5,5,10.0,71,Finished,6000123,+1:21.037,3
2021,18,Mexico City Grand Prix,rodriguez,Autódromo Hermanos Rodríguez,Mexico,sainz,SAI,Carlos,Sainz,ferrari,Ferrari,6,6,6,8.0,70,+1 Lap,,,0
2021,18,Mexico City Grand Prix,rodriguez,Autódromo Hermanos Rodríguez,Mexico,vettel,VET,Sebastian,Vettel,aston_martin,Aston Martin,9,7,7,6.0,70,+1 Lap,,,2
2021,18,Mexico City Grand Prix,rodriguez,Autódromo Hermanos Rodríguez,Mexico,raikkonen,RAI,Kimi,Räikkönen,alfa,Alfa Romeo,10,8,8,4.0,70,+1 Lap,,,2
2021,18,Mexico City Grand Prix,rodriguez,Autódromo Hermanos Rodríguez,Mexico,alonso,ALO,Fernando,Alonso,alpine,Alpine F1 Team,12,9,9,2.0,70,+1 Lap,,,3
2021,18,Mexico City Grand Prix,rodriguez,Autódromo Hermanos Rodríguez,Mexico,norris,NOR,Lando,Norris,mclaren,McLaren,18,10,10,1.0,70,+1 Lap,,,8
2021,18,Mexico City Grand Prix,rodriguez,Autódromo Hermanos Rodríguez,Mexico,giovinazzi,GIO,Antonio,Giovinazzi,alfa,Alfa Romeo,11,11,11,0.0,70,+1 Lap,,,0
2021,18,Mexico City Grand Prix,rodriguez,Autódromo Hermanos Rodríguez,Mexico,ricciardo,RIC,Daniel,Ricciardo,mclaren,McLaren,7,12,12,0.0,70,+1 Lap,,,-5
2021,18,Mexico City Grand Prix,rodriguez,Autódromo Hermanos Rodríguez,Mexico,ocon,OCO,Esteban,Ocon,alpine,Alpine F1 Team,19,13,13,0.0,70,+1 Lap,,,6
2021,18,Mexico City Grand Prix,rodriguez,Autódromo Hermanos Rodríguez,Mexico,stroll,STR,Lance,Stroll,aston_martin,Aston Martin,20,14,14,0.0,69,+2 Laps,,,6
2021,18,Mexico City Grand Prix,rodriguez,Autódromo Hermanos Rodríguez,Mexico,bottas,BOT,Valtteri,Bottas,mercedes,Mercedes,1,15,15,0.0,69,+2 Laps,,,-14
2021,18,Mexico City Grand Prix,rodriguez,Autódromo Hermanos Rodríguez,Mexico,russell,RUS,George,Russell,williams,Williams,16,16,16,0.0,69,+2 Laps,,,0
2021,18,Mexico City Grand Prix,rodriguez,Autódromo Hermanos Rodríguez,Mexico,latifi,LAT,Nicholas,Latifi,williams,Williams,13,17,17,0.0,69,+2 Laps,,,-4
2021,18,Mexico City Grand Prix,rodriguez,Autódromo Hermanos Rodríguez,Mexico,mazepin,MAZ,Nikita,Mazepin,haas,Haas F1 Team,15,18,18,0.0,68,+3 Laps,,,-3
2021,18,Mexico City Grand Prix,rodriguez,Autódromo Hermanos Rodríguez,Mexico,mick_schumacher,MSC,Mick,Schumacher,haas,Haas F1 Team,14,19,R,0.0,0,Collision,,,-5
2021,18,Mexico City Grand Prix,rodriguez,Autódromo Hermanos Rodríguez,Mexico,tsunoda,TSU,Yuki,Tsunoda,alphatauri,AlphaTauri,17,20,R,0.0,0,Collision,,,-3
2021,19,São Paulo Grand Prix,interlagos,Autódromo José Carlos Pace,Brazil,hamilton,HAM,Lewis,Hamilton,mercedes,Mercedes,10,1,1,25.0,71,Finished,5542851,1:32:22.851,9
2021,19,São Paulo Grand Prix,interlagos,Autódromo José Carlos Pace,Brazil,max_verstappen,VER,Max,Verstappen,red_bull,Red Bull,2,2,2,18.0,71,Finished,5553347,+10.496,0
2021,19,São Paulo Grand Prix,interlagos,Autódromo José Carlos Pace,Brazil,bottas,BOT,Valtteri,Bottas,mercedes,Mercedes,1,3,3,15.0,71,Finished,5556427,+13.576,-2
2021,19,São Paulo Grand Prix,interlagos,Autódromo José Carlos Pace,Brazil,perez,PER,Sergio,Pérez,red_bull,Red Bull,4,4,4,13.0,71,Finished,5582791,+39.940,0
2021,19,São Paulo Grand Prix,interlagos,Autódromo José Carlos Pace,Brazil,leclerc,LEC,Charles,Leclerc,ferrari,Ferrari,6,5,5,10.0,71,Finished,5592368,+49.517,1
2021,19,São Paulo Grand Prix,interlagos,Autódromo José Carlos Pace,Brazil,sainz,SAI,Carlos,Sainz,ferrari,Ferrari,3,6,6,8.0,71,Finished,5594671,+51.820,-3
2021,19,São Paulo Grand Prix,interlagos,Autódromo José Carlos Pace,Brazil,gasly,GAS,Pierre,Gasly,alphatauri,AlphaTauri,7,7,7,6.0,70,+1 Lap,,,0
2021,19,São Paulo Grand Prix,interlagos,Autódromo José Carlos Pace,Brazil,ocon,OCO,Esteban,Ocon,alpine,Alpine F1 Team,8,8,8,4.0,70,+1 Lap,,,0
2021,19,São Paulo Grand Prix,interlagos,Autódromo José Carlos Pace,Brazil,alonso,ALO,Fernando,Alonso,alpine,Alpine F1 Team,12,9,9,2.0,70,+1 Lap,,,3
2021,19,São Paulo Grand Prix,interlagos,Autódromo José Carlos Pace,Brazil,norris,NOR,Lando,Norris,mclaren,McLaren,5,10,10,1.0,70,+1 Lap,,,-5
2021,19,São Paulo Grand Prix,interlagos,Autódromo José Carlos Pace,Brazil,vettel,VET,Sebastian,Vettel,aston_martin,Aston Martin,9,11,11,0.0,70,+1 Lap,,,-2
2021,19,São Paulo Grand Prix,interlagos,Autódromo José Carlos Pace,Brazil,raikkonen,RAI,Kimi,Räikkönen,alfa,Alfa Romeo,0,12,12,0.0,70,+1 Lap,,,-12
2021,19,São Paulo Grand Prix,interlagos,Autódromo José Carlos Pace,Brazil,russell,RUS,George,Russell,williams,Williams,17,13,13,0.0,70,+1 Lap,,,4
2021,19,São Paulo Grand Prix,interlagos,Autódromo José Carlos Pace,Brazil,giovinazzi,GIO,Antonio,Giovinazzi,alfa,Alfa Romeo,13,14,14,0.0,70,+1 Lap,,,-1
2021,19,São Paulo Grand Prix,interlagos,Autódromo José Carlos Pace,Brazil,tsunoda,TSU,Yuki,Tsunoda,alphatauri,AlphaTauri,15,15,15,0.0,70,+1 Lap,,,0
2021,19,São Paulo Grand Prix,interlagos,Autódromo José Carlos Pace,Brazil,latifi,LAT,Nicholas,Latifi,williams,Williams,16,16,16,0.0,70,+1 Lap,,,0
2021,19,São Paulo Grand Prix,interlagos,Autódromo José Carlos Pace,Brazil,mazepin,MAZ,Nikita,Mazepin,haas,Haas F1 Team,19,17,17,0.0,69,+2 Laps,,,2
2021,19,São Paulo Grand Prix,interlagos,Autódromo José Carlos Pace,Brazil,mick_schumacher,MSC,Mick,Schumacher,haas,Haas F1 Team,18,18,18,0.0,69,+2 Laps,,,0
2021,19,São Paulo Grand Prix,interlagos,Autódromo José Carlos Pace,Brazil,ricciardo,RIC,Daniel,Ricciardo,mclaren,McLaren,11,19,R,0.0,49,Power loss,,,-8
2021,19,São Paulo Grand Prix,interlagos,Autódromo José Carlos Pace,Brazil,stroll,STR,Lance,Stroll,aston_martin,Aston Martin,14,20,R,0.0,47,Collision damage,,,-6
2021,20,Qatar Grand Prix,losail,Losail International Circuit,Qatar,hamilton,HAM,Lewis,Hamilton,mercedes,Mercedes,1,1,1,25.0,57,Finished,5068471,1:24:28.471,0
2021,20,Qatar Grand Prix,losail,Losail International Circuit,Qatar,max_verstappen,VER,Max,Verstappen,red_bull,Red Bull,7,2,2,19.0,57,Finished,5094214,+25.743,5
2021,20,Qatar Grand Prix,losail,Losail International Circuit,Qatar,alonso,ALO,Fernando,Alonso,alpine,Alpine F1 Team,3,3,3,15.0,57,Finished,5127928,+59.457,0
2021,20,Qatar Grand Prix,losail,Losail International Circuit,Qatar,perez,PER,Sergio,Pérez,red_bull,Red Bull,11,4,4,12.0,57,Finished,5130777,+1:02.306,7
2021,20,Qatar Grand Prix,losail,Losail International Circuit,Qatar,ocon,OCO,Esteban,Ocon,alpine,Alpine F1 Team,9,5,5,10.0,57,Finished,5149041,+1:20.570,4
2021,20,Qatar Grand Prix,losail,Losail International Circuit,Qatar,stroll,STR,Lance,Stroll,aston_martin,Aston Martin,12,6,6,8.0,57,Finished,5149745,+1:21.274,6
2021,20,Qatar Grand Prix,losail,Losail International Circuit,Qatar,sainz,SAI,Carlos,Sainz,ferrari,Ferrari,5,7,7,6.0,57,Finished,5150382,+1:21.911,-2
2021,20,Qatar Grand Prix,losail,Losail International Circuit,Qatar,leclerc,LEC,Charles,Leclerc,ferrari,Ferrari,13,8,8,4.0,57,Finished,5151597,+1:23.126,5
2021,20,Qatar Grand Prix,losail,Losail International Circuit,Qatar,norris,NOR,Lando,Norris,mclaren,McLaren,4,9,9,2.0,56,+1 Lap,,,-5
2021,20,Qatar Grand Prix,losail,Losail International Circuit,Qatar,vettel,VET,Sebastian,Vettel,aston_martin,Aston Martin,10,10,10,1.0,56,+1 Lap,,,0
2021,20,Qatar Grand Prix,losail,Losail International Circuit,Qatar,gasly,GAS,Pierre,Gasly,alphatauri,AlphaTauri,2,11,11,0.0,56,+1 Lap,,,-9
2021,20,Qatar Grand Prix,losail,Losail International Circuit,Qatar,ricciardo,RIC,Daniel,Ricciardo,mclaren,McLaren,14,12,12,0.0,56,+1 Lap,,,2
2021,20,Qatar Grand Prix,losail,Losail International Circuit,Qatar,tsunoda,TSU,Yuki,Tsunoda,alphatauri,AlphaTauri,8,13,13,0.0,56,+1 Lap,,,-5
2021,20,Qatar Grand Prix,losail,Losail International Circuit,Qatar,raikkonen,RAI,Kimi,Räikkönen,alfa,Alfa Romeo,16,14,14,0.0,56,+1 Lap,,,2
2021,20,Qatar Grand Prix,losail,Losail International Circuit,Qatar,giovinazzi,GIO,Antonio,Giovinazzi,alfa,Alfa Romeo,18,15,15,0.0,56,+1 Lap,,,3
2021,20,Qatar Grand Prix,losail,Losail International Circuit,Qatar,mick_schumacher,MSC,Mick,Schumacher,haas,Haas F1 Team,19,16,16,0.0,56,+1 Lap,,,3
2021,20,Qatar Grand Prix,losail,Losail International Circuit,Qatar,russell,RUS,George,Russell,williams,Williams,15,17,17,0.0,55,+2 Laps,,,-2
2021,20,Qatar Grand Prix,losail,Losail International Circuit,Qatar,mazepin,MAZ,Nikita,Mazepin,haas,Haas F1 Team,20,18,18,0.0,55,+2 Laps,,,2
2021,20,Qatar Grand Prix,losail,Losail International Circuit,Qatar,latifi,LAT,Nicholas,Latifi,williams,Williams,17,19,R,0.0,50,Puncture,,,-2
2021,20,Qatar Grand Prix,losail,Losail International Circuit,Qatar,bottas,BOT,Valtteri,Bottas,mercedes,Mercedes,6,20,R,0.0,48,Damage,,,-14
2021,21,Saudi Arabian Grand Prix,jeddah,Jeddah Corniche Circuit,Saudi Arabia,hamilton,HAM,Lewis,Hamilton,mercedes,Mercedes,1,1,1,26.0,50,Finished,7575118,2:06:15.118,0
2021,21,Saudi Arabian Grand Prix,jeddah,Jeddah Corniche Circuit,Saudi Arabia,max_verstappen,VER,Max,Verstappen,red_bull,Red Bull,3,2,2,18.0,50,Finished,7586943,+11.825,1
2021,21,Saudi Arabian Grand Prix,jeddah,Jeddah Corniche Circuit,Saudi Arabia,bottas,BOT,Valtteri,Bottas,mercedes,Mercedes,2,3,3,15.0,50,Finished,7602649,+27.531,-1
2021,21,Saudi Arabian Grand Prix,jeddah,Jeddah Corniche Circuit,Saudi Arabia,ocon,OCO,Esteban,Ocon,alpine,Alpine F1 Team,9,4,4,12.0,50,Finished,7602751,+27.633,5
2021,21,Saudi Arabian Grand Prix,jeddah,Jeddah Corniche Circuit,Saudi Arabia,ricciardo,RIC,Daniel,Ricciardo,mclaren,McLaren,11,5,5,10.0,50,Finished,7615239,+40.121,6
2021,21,Saudi Arabian Grand Prix,jeddah,Jeddah Corniche Circuit,Saudi Arabia,gasly,GAS,Pierre,Gasly,alphatauri,AlphaTauri,6,6,6,8.0,50,Finished,7616731,+41.613,0
2021,21,Saudi Arabian Grand Prix,jeddah,Jeddah Corniche Circuit,Saudi Arabia,leclerc,LEC,Charles,Leclerc,ferrari,Ferrari,4,7,7,6.0,50,Finished,7619593,+44.475,-3
2021,21,Saudi Arabian Grand Prix,jeddah,Jeddah Corniche Circuit,Saudi Arabia,sainz,SAI,Carlos,Sainz,ferrari,Ferrari,15,8,8,4.0,50,Finished,7621724,+46.606,7
2021,21,Saudi Arabian Grand Prix,jeddah,Jeddah Corniche Circuit,Saudi Arabia,giovinazzi,GIO,Antonio,Giovinazzi,alfa,Alfa Romeo,10,9,9,2.0,50,Finished,7633623,+58.505,1
2021,21,Saudi Arabian Grand Prix,jeddah,Jeddah Corniche Circuit,Saudi Arabia,norris,NOR,Lando,Norris,mclaren,McLaren,7,10,10,1.0,50,Finished,7636476,+1:01.358,-3
2021,21,Saudi Arabian Grand Prix,jeddah,Jeddah Corniche Circuit,Saudi Arabia,stroll,STR,Lance,Stroll,aston_martin,Aston Martin,18,11,11,0.0,50,Finished,7652330,+1:17.212,7
2021,21,Saudi Arabian Grand Prix,jeddah,Jeddah Corniche Circuit,Saudi Arabia,latifi,LAT,Nicholas,Latifi,williams,Williams,16,12,12,0.0,50,Finished,7658367,+1:23.249,4
2021,21,Saudi Arabian Grand Prix,jeddah,Jeddah Corniche Circuit,Saudi Arabia,alonso,ALO,Fernando,Alonso,alpine,Alpine F1 Team,13,13,13,0.0,49,+1 Lap,,,0
2021,21,Saudi Arabian Grand Prix,jeddah,Jeddah Corniche Circuit,Saudi Arabia,tsunoda,TSU,Yuki,Tsunoda,alphatauri,AlphaTauri,8,14,14,0.0,49,+1 Lap,,,-6
2021,21,Saudi Arabian Grand Prix,jeddah,Jeddah Corniche Circuit,Saudi Arabia,raikkonen,RAI,Kimi,Räikkönen,alfa,Alfa Romeo,12,15,15,0.0,49,+1 Lap,,,-3
2021,21,Saudi Arabian Grand Prix,jeddah,Jeddah Corniche Circuit,Saudi Arabia,vettel,VET,Sebastian,Vettel,aston_martin,Aston Martin,17,16,R,0.0,44,Collision damage,,,1
2021,21,Saudi Arabian Grand Prix,jeddah,Jeddah Corniche Circuit,Saudi Arabia,perez,PER,Sergio,Pérez,red_bull,Red Bull,5,17,R,0.0,14,Collision,,,-12
2021,21,Saudi Arabian Grand Prix,jeddah,Jeddah Corniche Circuit,Saudi Arabia,mazepin,MAZ,Nikita,Mazepin,haas,Haas F1 Team,20,18,R,0.0,14,Collision,,,2
2021,21,Saudi Arabian Grand Prix,jeddah,Jeddah Corniche Circuit,Saudi Arabia,russell,RUS,George,Russell,williams,Williams,14,19,R,0.0,14,Collision,,,-5
2021,21,Saudi Arabian Grand Prix,jeddah,Jeddah Corniche Circuit,Saudi Arabia,mick_schumacher,MSC,Mick,Schumacher,haas,Haas F1 Team,19,20,R,0.0,8,Accident,,,-1
2021,22,Abu Dhabi Grand Prix,yas_marina,Yas Marina Circuit,UAE,max_verstappen,VER,Max,Verstappen,red_bull,Red Bull,1,1,1,26.0,58,Finished,5417345,1:30:17.345,0
2021,22,Abu Dhabi Grand Prix,yas_marina,Yas Marina Circuit,UAE,hamilton,HAM,Lewis,Hamilton,mercedes,Mercedes,2,2,2,18.0,58,Finished,5419601,+2.256,0
2021,22,Abu Dhabi Grand Prix,yas_marina,Yas Marina Circuit,UAE,sainz,SAI,Carlos,Sainz,ferrari,Ferrari,5,3,3,15.0,58,Finished,5422518,+5.173,2
2021,22,Abu Dhabi Grand Prix,yas_marina,Yas Marina Circuit,UAE,tsunoda,TSU,Yuki,Tsunoda,alphatauri,AlphaTauri,8,4,4,12.0,58,Finished,5423037,+5.692,4
2021,22,Abu Dhabi Grand Prix,yas_marina,Yas Marina Circuit,UAE,gasly,GAS,Pierre,Gasly,alphatauri,AlphaTauri,12,5,5,10.0,58,Finished,5423876,+6.531,7
2021,22,Abu Dhabi Grand Prix,yas_marina,Yas Marina Circuit,UAE,bottas,BOT,Valtteri,Bottas,mercedes,Mercedes,6,6,6,8.0,58,Finished,5424808,+7.463,0
2021,22,Abu Dhabi Grand Prix,yas_marina,Yas Marina Circuit,UAE,norris,NOR,Lando,Norris,mclaren,McLaren,3,7,7,6.0,58,Finished,5476545,+59.200,-4
2021,22,Abu Dhabi Grand Prix,yas_marina,Yas Marina Circuit,UAE,alonso,ALO,Fernando,Alonso,alpine,Alpine F1 Team,11,8,8,4.0,58,Finished,5479053,+1:01.708,3
2021,22,Abu Dhabi Grand Prix,yas_marina,Yas Marina Circuit,UAE,ocon,OCO,Esteban,Ocon,alpine,Alpine F1 Team,9,9,9,2.0,58,Finished,5481371,+1:04.026,0
2021,22,Abu Dhabi Grand Prix,yas_marina,Yas Marina Circuit,UAE,leclerc,LEC,Charles,Leclerc,ferrari,Ferrari,7,10,10,1.0,58,Finished,5483402,+1:06.057,-3
2021,22,Abu Dhabi Grand Prix,yas_marina,Yas Marina Circuit,UAE,vettel,VET,Sebastian,Vettel,aston_martin,Aston Martin,15,11,11,0.0,58,Finished,5484872,+1:07.527,4
2021,22,Abu Dhabi Grand Prix,yas_marina,Yas Marina Circuit,UAE,ricciardo,RIC,Daniel,Ricciardo,mclaren,McLaren,10,12,12,0.0,57,+1 Lap,,,-2
2021,22,Abu Dhabi Grand Prix,yas_marina,Yas Marina Circuit,UAE,stroll,STR,Lance,Stroll,aston_martin,Aston Martin,13,13,13,0.0,57,+1 Lap,,,0
2021,22,Abu Dhabi Grand Prix,yas_marina,Yas Marina Circuit,UAE,mick_schumacher,MSC,Mick,Schumacher,haas,Haas F1 Team,19,14,14,0.0,57,+1 Lap,,,5
2021,22,Abu Dhabi Grand Prix,yas_marina,Yas Marina Circuit,UAE,perez,PER,Sergio,Pérez,red_bull,Red Bull,4,15,15,0.0,55,Engine,,,-11
2021,22,Abu Dhabi Grand Prix,yas_marina,Yas Marina Circuit,UAE,latifi,LAT,Nicholas,Latifi,williams,Williams,16,16,R,0.0,50,Accident,,,0
2021,22,Abu Dhabi Grand Prix,yas_marina,Yas Marina Circuit,UAE,giovinazzi,GIO,Antonio,Giovinazzi,alfa,Alfa Romeo,14,17,R,0.0,33,Gearbox,,,-3
2021,22,Abu Dhabi Grand Prix,yas_marina,Yas Marina Circuit,UAE,russell,RUS,George,Russell,williams,Williams,17,18,R,0.0,26,Gearbox,,,-1
2021,22,Abu Dhabi Grand Prix,yas_marina,Yas Marina Circuit,UAE,raikkonen,RAI,Kimi,Räikkönen,alfa,Alfa Romeo,18,19,R,0.0,25,Brakes,,,-1
2021,22,Abu Dhabi Grand Prix,yas_marina,Yas Marina Circuit,UAE,mazepin,MAZ,Nikita,Mazepin,haas,Haas F1 Team,20,20,W,0.0,0,Illness,,,0
2022,1,Bahrain Grand Prix,bahrain,Bahrain International Circuit,Bahrain,leclerc,LEC,Charles,Leclerc,ferrari,Ferrari,1,1,1,26.0,57,Finished,5853584,1:37:33.584,0
2022,1,Bahrain Grand Prix,bahrain,Bahrain International Circuit,Bahrain,sainz,SAI,Carlos,Sainz,ferrari,Ferrari,3,2,2,18.0,57,Finished,5859182,+5.598,1
2022,1,Bahrain Grand Prix,bahrain,Bahrain International Circuit,Bahrain,hamilton,HAM,Lewis,Hamilton,mercedes,Mercedes,5,3,3,15.0,57,Finished,5863259,+9.675,2
2022,1,Bahrain Grand Prix,bahrain,Bahrain International Circuit,Bahrain,russell,RUS,George,Russell,mercedes,Mercedes,9,4,4,12.0,57,Finished,5864795,+11.211,5
2022,1,Bahrain Grand Prix,bahrain,Bahrain International Circuit,Bahrain,kevin_magnussen,MAG,Kevin,Magnussen,haas,Haas F1 Team,7,5,5,10.0,57,Finished,5868338,+14.754,2
2022,1,Bahrain Grand Prix,bahrain,Bahrain International Circuit,Bahrain,bottas,BOT,Valtteri,Bottas,alfa,Alfa Romeo,6,6,6,8.0,57,Finished,5869703,+16.119,0
2022,1,Bahrain Grand Prix,bahrain,Bahrain International Circuit,Bahrain,ocon,OCO,Esteban,Ocon,alpine,Alpine F1 Team,11,7,7,6.0,57,Finished,5873007,+19.423,4
2022,1,Bahrain Grand Prix,bahrain,Bahrain International Circuit,Bahrain,tsunoda,TSU,Yuki,Tsunoda,alphatauri,AlphaTauri,16,8,8,4.0,57,Finished,5873970,+20.386,8
2022,1,Bahrain Grand Prix,bahrain,Bahrain International Circuit,Bahrain,alonso,ALO,Fernando,Alonso,alpine,Alpine F1 Team,8,9,9,2.0,57,Finished,5875974,+22.390,-1
2022,1,Bahrain Grand Prix,bahrain,Bahrain International Circuit,Bahrain,zhou,ZHO,Guanyu,Zhou,alfa,Alfa Romeo,15,10,10,1.0,57,Finished,5876648,+23.064,5
2022,1,Bahrain Grand Prix,bahrain,Bahrain International Circuit,Bahrain,mick_schumacher,MSC,Mick,Schumacher,haas,Haas F1 Team,12,11,11,0.0,57,Finished,5886158,+32.574,1
2022,1,Bahrain Grand Prix,bahrain,Bahrain International Circuit,Bahrain,stroll,STR,Lance,Stroll,aston_martin,Aston Martin,19,12,12,0.0,57,Finished,5899457,+45.873,7
2022,1,Bahrain Grand Prix,bahrain,Bahrain International Circuit,Bahrain,albon,ALB,Alexander,Albon,williams,Williams,14,13,13,0.0,57,Finished,5907516,+53.932,1
2022,1,Bahrain Grand Prix,bahrain,Bahrain International Circuit,Bahrain,ricciardo,RIC,Daniel,Ricciardo,mclaren,McLaren,18,14,14,0.0,57,Finished,5908559,+54.975,4
2022,1,Bahrain Grand Prix,bahrain,Bahrain International Circuit,Bahrain,norris,NOR,Lando,Norris,mclaren,McLaren,13,15,15,0.0,57,Finished,5909919,+56.335,-2
2022,1,Bahrain Grand Prix,bahrain,Bahrain International Circuit,Bahrain,latifi,LAT,Nicholas,Latifi,williams,Williams,20,16,16,0.0,57,Finished,5915379,+1:01.795,4
2022,1,Bahrain Grand Prix,bahrain,Bahrain International Circuit,Bahrain,hulkenberg,HUL,Nico,Hülkenberg,aston_martin,Aston Martin,17,17,17,0.0,57,Finished,5917413,+1:03.829,0
2022,1,Bahrain Grand Prix,bahrain,Bahrain International Circuit,Bahrain,perez,PER,Sergio,Pérez,red_bull,Red Bull,4,18,18,0.0,56,Fuel pressure,,,-14
2022,1,Bahrain Grand Prix,bahrain,Bahrain International Circuit,Bahrain,max_verstappen,VER,Max,Verstappen,red_bull,Red Bull,2,19,19,0.0,54,Fuel pressure,,,-17
2022,1,Bahrain Grand Prix,bahrain,Bahrain International Circuit,Bahrain,gasly,GAS,Pierre,Gasly,alphatauri,AlphaTauri,10,20,R,0.0,44,Power Unit,,,-10
2022,2,Saudi Arabian Grand Prix,jeddah,Jeddah Corniche Circuit,Saudi Arabia,max_verstappen,VER,Max,Verstappen,red_bull,Red Bull,4,1,1,25.0,50,Finished,5059293,1:24:19.293,3
2022,2,Saudi Arabian Grand Prix,jeddah,Jeddah Corniche Circuit,Saudi Arabia,leclerc,LEC,Charles,Leclerc,ferrari,Ferrari,2,2,2,19.0,50,Finished,5059842,+0.549,0
2022,2,Saudi Arabian Grand Prix,jeddah,Jeddah Corniche Circuit,Saudi Arabia,sainz,SAI,Carlos,Sainz,ferrari,Ferrari,3,3,3,15.0,50,Finished,5067390,+8.097,0
2022,2,Saudi Arabian Grand Prix,jeddah,Jeddah Corniche Circuit,Saudi Arabia,perez,PER,Sergio,Pérez,red_bull,Red Bull,1,4,4,12.0,50,Finished,5070093,+10.800,-3
2022,2,Saudi Arabian Grand Prix,jeddah,Jeddah Corniche Circuit,Saudi Arabia,russell,RUS,George,Russell,mercedes,Mercedes,6,5,5,10.0,50,Finished,5092025,+32.732,1
2022,2,Saudi Arabian Grand Prix,jeddah,Jeddah Corniche Circuit,Saudi Arabia,ocon,OCO,Esteban,Ocon,alpine,Alpine F1 Team,5,6,6,8.0,50,Finished,5115310,+56.017,-1
2022,2,Saudi Arabian Grand Prix,jeddah,Jeddah Corniche Circuit,Saudi Arabia,norris,NOR,Lando,Norris,mclaren,McLaren,11,7,7,6.0,50,Finished,5115417,+56.124,4
2022,2,Saudi Arabian Grand Prix,jeddah,Jeddah Corniche Circuit,Saudi Arabia,gasly,GAS,Pierre,Gasly,alphatauri,AlphaTauri,9,8,8,4.0,50,Finished,5122239,+1:02.946,1
2022,2,Saudi Arabian Grand Prix,jeddah,Jeddah Corniche Circuit,Saudi Arabia,kevin_magnussen,MAG,Kevin,Magnussen,haas,Haas F1 Team,10,9,9,2.0,50,Finished,5123601,+1:04.308,1
2022,2,Saudi Arabian Grand Prix,jeddah,Jeddah Corniche Circuit,Saudi Arabia,hamilton,HAM,Lewis,Hamilton,mercedes,Mercedes,15,10,10,1.0,50,Finished,5133241,+1:13.948,5
2022,2,Saudi Arabian Grand Prix,jeddah,Jeddah Corniche Circuit,Saudi Arabia,zhou,ZHO,Guanyu,Zhou,alfa,Alfa Romeo,12,11,11,0.0,50,Finished,5141508,+1:22.215,1
2022,2,Saudi Arabian Grand Prix,jeddah,Jeddah Corniche Circuit,Saudi Arabia,hulkenberg,HUL,Nico,Hülkenberg,aston_martin,Aston Martin,17,12,12,0.0,50,Finished,5151035,+1:31.742,5
2022,2,Saudi Arabian Grand Prix,jeddah,Jeddah Corniche Circuit,Saudi Arabia,stroll,STR,Lance,Stroll,aston_martin,Aston Martin,13,13,13,0.0,49,+1 Lap,,,0
2022,2,Saudi Arabian Grand Prix,jeddah,Jeddah Corniche Circuit,Saudi Arabia,albon,ALB,Alexander,Albon,williams,Williams,16,14,14,0.0,47,Collision damage,,,2
2022,2,Saudi Arabian Grand Prix,jeddah,Jeddah Corniche Circuit,Saudi Arabia,bottas,BOT,Valtteri,Bottas,alfa,Alfa Romeo,8,15,R,0.0,36,Cooling system,,,-7
2022,2,Saudi Arabian Grand Prix,jeddah,Jeddah Corniche Circuit,Saudi Arabia,alonso,ALO,Fernando,Alonso,alpine,Alpine F1 Team,7,16,R,0.0,35,Water pump,,,-9
2022,2,Saudi Arabian Grand Prix,jeddah,Jeddah Corniche Circuit,Saudi Arabia,ricciardo,RIC,Daniel,Ricciardo,mclaren,McLaren,14,17,R,0.0,35,Gearbox,,,-3
2022,2,Saudi Arabian Grand Prix,jeddah,Jeddah Corniche Circuit,Saudi Arabia,latifi,LAT,Nicholas,Latifi,williams,Williams,18,18,R,0.0,14,Accident,,,0
2022,2,Saudi Arabian Grand Prix,jeddah,Jeddah Corniche Circuit,Saudi Arabia,tsunoda,TSU,Yuki,Tsunoda,alphatauri,AlphaTauri,19,19,R,0.0,0,Power Unit,,,0
2022,2,Saudi Arabian Grand Prix,jeddah,Jeddah Corniche Circuit,Saudi Arabia,mick_schumacher,MSC,Mick,Schumacher,haas,Haas F1 Team,0,20,W,0.0,0,Withdrew,,,-20
2022,3,Australian Grand Prix,albert_park,Albert Park Grand Prix Circuit,Australia,leclerc,LEC,Charles,Leclerc,ferrari,Ferrari,1,1,1,26.0,58,Finished,5266548,1:27:46.548,0
2022,3,Australian Grand Prix,albert_park,Albert Park Grand Prix Circuit,Australia,perez,PER,Sergio,Pérez,red_bull,Red Bull,3,2,2,18.0,58,Finished,5287072,+20.524,1
2022,3,Australian Grand Prix,albert_park,Albert Park Grand Prix Circuit,Australia,russell,RUS,George,Russell,mercedes,Mercedes,6,3,3,15.0,58,Finished,5292141,+25.593,3
2022,3,Australian Grand Prix,albert_park,Albert Park Grand Prix Circuit,Australia,hamilton,HAM,Lewis,Hamilton,mercedes,Mercedes,5,4,4,12.0,58,Finished,5295091,+28.543,1
2022,3,Australian Grand Prix,albert_park,Albert Park Grand Prix Circuit,Australia,norris,NOR,Lando,Norris,mclaren,McLaren,4,5,5,10.0,58,Finished,5319851,+53.303,-1
2022,3,Australian Grand Prix,albert_park,Albert Park Grand Prix Circuit,Australia,ricciardo,RIC,Daniel,Ricciardo,mclaren,McLaren,7,6,6,8.0,58,Finished,5320285,+53.737,1
2022,3,Australian Grand Prix,albert_park,Albert Park Grand Prix Circuit,Australia,ocon,OCO,Esteban,Ocon,alpine,Alpine F1 Team,8,7,7,6.0,58,Finished,5328231,+1:01.683,1
2022,3,Australian Grand Prix,albert_park,Albert Park Grand Prix Circuit,Australia,bottas,BOT,Valtteri,Bottas,alfa,Alfa Romeo,12,8,8,4.0,58,Finished,5334987,+1:08.439,4
2022,3,Australian Grand Prix,albert_park,Albert Park Grand Prix Circuit,Australia,gasly,GAS,Pierre,Gasly,alphatauri,AlphaTauri,11,9,9,2.0,58,Finished,5342769,+1:16.221,2
2022,3,Australian Grand Prix,albert_park,Albert Park Grand Prix Circuit,Australia,albon,ALB,Alexander,Albon,williams,Williams,20,10,10,1.0,58,Finished,5345930,+1:19.382,10
2022,3,Australian Grand Prix,albert_park,Albert Park Grand Prix Circuit,Australia,zhou,ZHO,Guanyu,Zhou,alfa,Alfa Romeo,14,11,11,0.0,58,Finished,5348243,+1:21.695,3
2022,3,Australian Grand Prix,albert_park,Albert Park Grand Prix Circuit,Australia,stroll,STR,Lance,Stroll,aston_martin,Aston Martin,19,12,12,0.0,58,Finished,5355146,+1:28.598,7
2022,3,Australian Grand Prix,albert_park,Albert Park Grand Prix Circuit,Australia,mick_schumacher,MSC,Mick,Schumacher,haas,Haas F1 Team,15,13,13,0.0,57,+1 Lap,,,2
2022,3,Australian Grand Prix,albert_park,Albert Park Grand Prix Circuit,Australia,kevin_magnussen,MAG,Kevin,Magnussen,haas,Haas F1 Team,16,14,14,0.0,57,+1 Lap,,,2
2022,3,Australian Grand Prix,albert_park,Albert Park Grand Prix Circuit,Australia,tsunoda,TSU,Yuki,Tsunoda,alphatauri,AlphaTauri,13,15,15,0.0,57,+1 Lap,,,-2
2022,3,Australian Grand Prix,albert_park,Albert Park Grand Prix Circuit,Australia,latifi,LAT,Nicholas,Latifi,williams,Williams,18,16,16,0.0,57,+1 Lap,,,2
2022,3,Australian Grand Prix,albert_park,Albert Park Grand Prix Circuit,Australia,alonso,ALO,Fernando,Alonso,alpine,Alpine F1 Team,10,17,17,0.0,57,+1 Lap,,,-7
2022,3,Australian Grand Prix,albert_park,Albert Park Grand Prix Circuit,Australia,max_verstappen,VER,Max,Verstappen,red_bull,Red Bull,2,18,R,0.0,38,Fuel leak,,,-16
2022,3,Australian Grand Prix,albert_park,Albert Park Grand Prix Circuit,Australia,vettel,VET,Sebastian,Vettel,aston_martin,Aston Martin,17,19,R,0.0,22,Accident,,,-2
2022,3,Australian Grand Prix,albert_park,Albert Park Grand Prix Circuit,Australia,sainz,SAI,Carlos,Sainz,ferrari,Ferrari,9,20,R,0.0,1,Spun off,,,-11
2022,4,Emilia Romagna Grand Prix,imola,Autodromo Enzo e Dino Ferrari,Italy,max_verstappen,VER,Max,Verstappen,red_bull,Red Bull,1,1,1,26.0,63,Finished,5527986,1:32:07.986,0
2022,4,Emilia Romagna Grand Prix,imola,Autodromo Enzo e Dino Ferrari,Italy,perez,PER,Sergio,Pérez,red_bull,Red Bull,3,2,2,18.0,63,Finished,5544513,+16.527,1
2022,4,Emilia Romagna Grand Prix,imola,Autodromo Enzo e Dino Ferrari,Italy,norris,NOR,Lando,Norris,mclaren,McLaren,5,3,3,15.0,63,Finished,5562820,+34.834,2
2022,4,Emilia Romagna Grand Prix,imola,Autodromo Enzo e Dino Ferrari,Italy,russell,RUS,George,Russell,mercedes,Mercedes,11,4,4,12.0,63,Finished,5570492,+42.506,7
2022,4,Emilia Romagna Grand Prix,imola,Autodromo Enzo e Dino Ferrari,Italy,bottas,BOT,Valtteri,Bottas,alfa,Alfa Romeo,7,5,5,10.0,63,Finished,5571167,+43.181,2
2022,4,Emilia Romagna Grand Prix,imola,Autodromo Enzo e Dino Ferrari,Italy,leclerc,LEC,Charles,Leclerc,ferrari,Ferrari,2,6,6,8.0,63,Finished,5584058,+56.072,-4
2022,4,Emilia Romagna Grand Prix,imola,Autodromo Enzo e Dino Ferrari,Italy,tsunoda,TSU,Yuki,Tsunoda,alphatauri,AlphaTauri,12,7,7,6.0,63,Finished,5589096,+1:01.110,5
2022,4,Emilia Romagna Grand Prix,imola,Autodromo Enzo e Dino Ferrari,Italy,vettel,VET,Sebastian,Vettel,aston_martin,Aston Martin,13,8,8,4.0,63,Finished,5598878,+1:10.892,5
2022,4,Emilia Romagna Grand Prix,imola,Autodromo Enzo e Dino Ferrari,Italy,kevin_magnussen,MAG,Kevin,Magnussen,haas,Haas F1 Team,8,9,9,2.0,63,Finished,5603246,+1:15.260,-1
2022,4,Emilia Romagna Grand Prix,imola,Autodromo Enzo e Dino Ferrari,Italy,stroll,STR,Lance,Stroll,aston_martin,Aston Martin,15,10,10,1.0,62,+1 Lap,,,5
2022,4,Emilia Romagna Grand Prix,imola,Autodromo Enzo e Dino Ferrari,Italy,albon,ALB,Alexander,Albon,williams,Williams,18,11,11,0.0,62,+1 Lap,,,7
2022,4,Emilia Romagna Grand Prix,imola,Autodromo Enzo e Dino Ferrari,Italy,gasly,GAS,Pierre,Gasly,alphatauri,AlphaTauri,17,12,12,0.0,62,+1 Lap,,,5
2022,4,Emilia Romagna Grand Prix,imola,Autodromo Enzo e Dino Ferrari,Italy,hamilton,HAM,Lewis,Hamilton,mercedes,Mercedes,14,13,13,0.0,62,+1 Lap,,,1
2022,4,Emilia Romagna Grand Prix,imola,Autodromo Enzo e Dino Ferrari,Italy,ocon,OCO,Esteban,Ocon,alpine,Alpine F1 Team,16,14,14,0.0,62,+1 Lap,,,2
2022,4,Emilia Romagna Grand Prix,imola,Autodromo Enzo e Dino Ferrari,Italy,zhou,ZHO,Guanyu,Zhou,alfa,Alfa Romeo,0,15,15,0.0,62,+1 Lap,,,-15
2022,4,Emilia Romagna Grand Prix,imola,Autodromo Enzo e Dino Ferrari,Italy,latifi,LAT,Nicholas,Latifi,williams,Williams,19,16,16,0.0,62,+1 Lap,,,3
2022,4,Emilia Romagna Grand Prix,imola,Autodromo Enzo e Dino Ferrari,Italy,mick_schumacher,MSC,Mick,Schumacher,haas,Haas F1 Team,10,17,17,0.0,62,+1 Lap,,,-7
2022,4,Emilia Romagna Grand Prix,imola,Autodromo Enzo e Dino Ferrari,Italy,ricciardo,RIC,Daniel,Ricciardo,mclaren,McLaren,6,18,18,0.0,62,+1 Lap,,,-12
2022,4,Emilia Romagna Grand Prix,imola,Autodromo Enzo e Dino Ferrari,Italy,alonso,ALO,Fernando,Alonso,alpine,Alpine F1 Team,9,19,R,0.0,6,Collision damage,,,-10
2022,4,Emilia Romagna Grand Prix,imola,Autodromo Enzo e Dino Ferrari,Italy,sainz,SAI,Carlos,Sainz,ferrari,Ferrari,4,20,R,0.0,0,Collision,,,-16
2022,5,Miami Grand Prix,miami,Miami International Autodrome,USA,max_verstappen,VER,Max,Verstappen,red_bull,Red Bull,3,1,1,26.0,57,Finished,5664258,1:34:24.258,2
2022,5,Miami Grand Prix,miami,Miami International Autodrome,USA,leclerc,LEC,Charles,Leclerc,ferrari,Ferrari,1,2,2,18.0,57,Finished,5668044,+3.786,-1
2022,5,Miami Grand Prix,miami,Miami International Autodrome,USA,sainz,SAI,Carlos,Sainz,ferrari,Ferrari,2,3,3,15.0,57,Finished,5672487,+8.229,-1
2022,5,Miami Grand Prix,miami,Miami International Autodrome,USA,perez,PER,Sergio,Pérez,red_bull,Red Bull,4,4,4,12.0,57,Finished,5674896,+10.638,0
2022,5,Miami Grand Prix,miami,Miami International Autodrome,USA,russell,RUS,George,Russell,mercedes,Mercedes,12,5,5,10.0,57,Finished,5682840,+18.582,7
2022,5,Miami Grand Prix,miami,Miami International Autodrome,USA,hamilton,HAM,Lewis,Hamilton,mercedes,Mercedes,6,6,6,8.0,57,Finished,5685626,+21.368,0
2022,5,Miami Grand Prix,miami,Miami International Autodrome,USA,bottas,BOT,Valtteri,Bottas,alfa,Alfa Romeo,5,7,7,6.0,57,Finished,5689331,+25.073,-2
2022,5,Miami Grand Prix,miami,Miami International Autodrome,USA,ocon,OCO,Esteban,Ocon,alpine,Alpine F1 Team,20,8,8,4.0,57,Finished,5692644,+28.386,12
2022,5,Miami Grand Prix,miami,Miami International Autodrome,USA,albon,ALB,Alexander,Albon,williams,Williams,18,9,9,2.0,57,Finished,5696623,+32.365,9
2022,5,Miami Grand Prix,miami,Miami International Autodrome,USA,stroll,STR,Lance,Stroll,aston_martin,Aston Martin,0,10,10,1.0,57,Finished,5701284,+37.026,-10
2022,5,Miami Grand Prix,miami,Miami International Autodrome,USA,alonso,ALO,Fernando,Alonso,alpine,Alpine F1 Team,11,11,11,0.0,57,Finished,5701386,+37.128,0
2022,5,Miami Grand Prix,miami,Miami International Autodrome,USA,tsunoda,TSU,Yuki,Tsunoda,alphatauri,AlphaTauri,9,12,12,0.0,57,Finished,5704404,+40.146,-3
2022,5,Miami Grand Prix,miami,Miami International Autodrome,USA,ricciardo,RIC,Daniel,Ricciardo,mclaren,McLaren,14,13,13,0.0,57,Finished,5705160,+40.902,1
2022,5,Miami Grand Prix,miami,Miami International Autodrome,USA,latifi,LAT,Nicholas,Latifi,williams,Williams,19,14,14,0.0,57,Finished,5714194,+49.936,5
2022,5,Miami Grand Prix,miami,Miami International Autodrome,USA,mick_schumacher,MSC,Mick,Schumacher,haas,Haas F1 Team,15,15,15,0.0,57,Finished,5737563,+1:13.305,0
2022,5,Miami Grand Prix,miami,Miami International Autodrome,USA,kevin_magnussen,MAG,Kevin,Magnussen,haas,Haas F1 Team,16,16,16,0.0,56,Front wing,,,0
2022,5,Miami Grand Prix,miami,Miami International Autodrome,USA,vettel,VET,Sebastian,Vettel,aston_martin,Aston Martin,0,17,17,0.0,54,Collision,,,-17
2022,5,Miami Grand Prix,miami,Miami International Autodrome,USA,gasly,GAS,Pierre,Gasly,alphatauri,AlphaTauri,7,18,R,0.0,45,Suspension,,,-11
2022,5,Miami Grand Prix,miami,Miami International Autodrome,USA,norris,NOR,Lando,Norris,mclaren,McLaren,8,19,R,0.0,39,Collision,,,-11
2022,5,Miami Grand Prix,miami,Miami International Autodrome,USA,zhou,ZHO,Guanyu,Zhou,alfa,Alfa Romeo,17,20,R,0.0,6,Water leak,,,-3
2022,6,Spanish Grand Prix,catalunya,Circuit de Barcelona-Catalunya,Spain,max_verstappen,VER,Max,Verstappen,red_bull,Red Bull,2,1,1,25.0,66,Finished,5840475,1:37:20.475,1
2022,6,Spanish Grand Prix,catalunya,Circuit de Barcelona-Catalunya,Spain,perez,PER,Sergio,Pérez,red_bull,Red Bull,5,2,2,19.0,66,Finished,5853547,+13.072,3
2022,6,Spanish Grand Prix,catalunya,Circuit de Barcelona-Catalunya,Spain,russell,RUS,George,Russell,mercedes,Mercedes,4,3,3,15.0,66,Finished,5873402,+32.927,1
2022,6,Spanish Grand Prix,catalunya,Circuit de Barcelona-Catalunya,Spain,sainz,SAI,Carlos,Sainz,ferrari,Ferrari,3,4,4,12.0,66,Finished,5885683,+45.208,-1
2022,6,Spanish Grand Prix,catalunya,Circuit de Barcelona-Catalunya,Spain,hamilton,HAM,Lewis,Hamilton,mercedes,Mercedes,6,5,5,10.0,66,Finished,5895009,+54.534,1
2022,6,Spanish Grand Prix,catalunya,Circuit de Barcelona-Catalunya,Spain,bottas,BOT,Valtteri,Bottas,alfa,Alfa Romeo,7,6,6,8.0,66,Finished,5900451,+59.976,1
2022,6,Spanish Grand Prix,catalunya,Circuit de Barcelona-Catalunya,Spain,ocon,OCO,Esteban,Ocon,alpine,Alpine F1 Team,12,7,7,6.0,66,Finished,5915872,+1:15.397,5
2022,6,Spanish Grand Prix,catalunya,Circuit de Barcelona-Catalunya,Spain,norris,NOR,Lando,Norris,mclaren,McLaren,11,8,8,4.0,66,Finished,5923710,+1:23.235,3
2022,6,Spanish Grand Prix,catalunya,Circuit de Barcelona-Catalunya,Spain,alonso,ALO,Fernando,Alonso,alpine,Alpine F1 Team,20,9,9,2.0,65,+1 Lap,,,11
2022,6,Spanish Grand Prix,catalunya,Circuit de Barcelona-Catalunya,Spain,tsunoda,TSU,Yuki,Tsunoda,alphatauri,AlphaTauri,13,10,10,1.0,65,+1 Lap,,,3
2022,6,Spanish Grand Prix,catalunya,Circuit de Barcelona-Catalunya,Spain,vettel,VET,Sebastian,Vettel,aston_martin,Aston Martin,16,11,11,0.0,65,+1 Lap,,,5
2022,6,Spanish Grand Prix,catalunya,Circuit de Barcelona-Catalunya,Spain,ricciardo,RIC,Daniel,Ricciardo,mclaren,McLaren,9,12,12,0.0,65,+1 Lap,,,-3
2022,6,Spanish Grand Prix,catalunya,Circuit de Barcelona-Catalunya,Spain,gasly,GAS,Pierre,Gasly,alphatauri,AlphaTauri,14,13,13,0.0,65,+1 Lap,,,1
2022,6,Spanish Grand Prix,catalunya,Circuit de Barcelona-Catalunya,Spain,mick_schumacher,MSC,Mick,Schumacher,haas,Haas F1 Team,10,14,14,0.0,65,+1 Lap,,,-4
2022,6,Spanish Grand Prix,catalunya,Circuit de Barcelona-Catalunya,Spain,stroll,STR,Lance,Stroll,aston_martin,Aston Martin,17,15,15,0.0,65,+1 Lap,,,2
2022,6,Spanish Grand Prix,catalunya,Circuit de Barcelona-Catalunya,Spain,latifi,LAT,Nicholas,Latifi,williams,Williams,19,16,16,0.0,64,+2 Laps,,,3
2022,6,Spanish Grand Prix,catalunya,Circuit de Barcelona-Catalunya,Spain,kevin_magnussen,MAG,Kevin,Magnussen,haas,Haas F1 Team,8,17,17,0.0,64,+2 Laps,,,-9
2022,6,Spanish Grand Prix,catalunya,Circuit de Barcelona-Catalunya,Spain,albon,ALB,Alexander,Albon,williams,Williams,18,18,18,0.0,64,+2 Laps,,,0
2022,6,Spanish Grand Prix,catalunya,Circuit de Barcelona-Catalunya,Spain,zhou,ZHO,Guanyu,Zhou,alfa,Alfa Romeo,15,19,R,0.0,28,Power loss,,,-4
2022,6,Spanish Grand Prix,catalunya,Circuit de Barcelona-Catalunya,Spain,leclerc,LEC,Charles,Leclerc,ferrari,Ferrari,1,20,R,0.0,27,Turbo,,,-19
2022,7,Monaco Grand Prix,monaco,Circuit de Monaco,Monaco,perez,PER,Sergio,Pérez,red_bull,Red Bull,3,1,1,25.0,64,Finished,6990265,1:56:30.265,2
2022,7,Monaco Grand Prix,monaco,Circuit de Monaco,Monaco,sainz,SAI,Carlos,Sainz,ferrari,Ferrari,2,2,2,18.0,64,Finished,6991419,+1.154,0
2022,7,Monaco Grand Prix,monaco,Circuit de Monaco,Monaco,max_verstappen,VER,Max,Verstappen,red_bull,Red Bull,4,3,3,15.0,64,Finished,6991756,+1.491,1
2022,7,Monaco Grand Prix,monaco,Circuit de Monaco,Monaco,leclerc,LEC,Charles,Leclerc,ferrari,Ferrari,1,4,4,12.0,64,Finished,6993187,+2.922,-3
2022,7,Monaco Grand Prix,monaco,Circuit de Monaco,Monaco,russell,RUS,George,Russell,mercedes,Mercedes,6,5,5,10.0,64,Finished,7002233,+11.968,1
2022,7,Monaco Grand Prix,monaco,Circuit de Monaco,Monaco,norris,NOR,Lando,Norris,mclaren,McLaren,5,6,6,9.0,64,Finished,7002496,+12.231,-1
2022,7,Monaco Grand Prix,monaco,Circuit de Monaco,Monaco,alonso,ALO,Fernando,Alonso,alpine,Alpine F1 Team,7,7,7,6.0,64,Finished,7036623,+46.358,0
2022,7,Monaco Grand Prix,monaco,Circuit de Monaco,Monaco,hamilton,HAM,Lewis,Hamilton,mercedes,Mercedes,8,8,8,4.0,64,Finished,7040653,+50.388,0
2022,7,Monaco Grand Prix,monaco,Circuit de Monaco,Monaco,bottas,BOT,Valtteri,Bottas,alfa,Alfa Romeo,12,9,9,2.0,64,Finished,7042790,+52.525,3
2022,7,Monaco Grand Prix,monaco,Circuit de Monaco,Monaco,vettel,VET,Sebastian,Vettel,aston_martin,Aston Martin,9,10,10,1.0,64,Finished,7043801,+53.536,-1
2022,7,Monaco Grand Prix,monaco,Circuit de Monaco,Monaco,gasly,GAS,Pierre,Gasly,alphatauri,AlphaTauri,17,11,11,0.0,64,Finished,7044554,+54.289,6
2022,7,Monaco Grand Prix,monaco,Circuit de Monaco,Monaco,ocon,OCO,Esteban,Ocon,alpine,Alpine F1 Team,10,12,12,0.0,64,Finished,7045909,+55.644,-2
2022,7,Monaco Grand Prix,monaco,Circuit de Monaco,Monaco,ricciardo,RIC,Daniel,Ricciardo,mclaren,McLaren,14,13,13,0.0,64,Finished,7047900,+57.635,1
2022,7,Monaco Grand Prix,monaco,Circuit de Monaco,Monaco,stroll,STR,Lance,Stroll,aston_martin,Aston Martin,18,14,14,0.0,64,Finished,7051067,+1:00.802,4
2022,7,Monaco Grand Prix,monaco,Circuit de Monaco,Monaco,latifi,LAT,Nicholas,Latifi,williams,Williams,19,15,15,0.0,63,+1 Lap,,,4
2022,7,Monaco Grand Prix,monaco,Circuit de Monaco,Monaco,zhou,ZHO,Guanyu,Zhou,alfa,Alfa Romeo,20,16,16,0.0,63,+1 Lap,,,4
2022,7,Monaco Grand Prix,monaco,Circuit de Monaco,Monaco,tsunoda,TSU,Yuki,Tsunoda,alphatauri,AlphaTauri,11,17,17,0.0,63,+1 Lap,,,-6
2022,7,Monaco Grand Prix,monaco,Circuit de Monaco,Monaco,albon,ALB,Alexander,Albon,williams,Williams,16,18,R,0.0,48,Mechanical,,,-2
2022,7,Monaco Grand Prix,monaco,Circuit de Monaco,Monaco,mick_schumacher,MSC,Mick,Schumacher,haas,Haas F1 Team,15,19,R,0.0,24,Accident,,,-4
2022,7,Monaco Grand Prix,monaco,Circuit de Monaco,Monaco,kevin_magnussen,MAG,Kevin,Magnussen,haas,Haas F1 Team,13,20,R,0.0,19,Water pressure,,,-7
2022,8,Azerbaijan Grand Prix,baku,Baku City Circuit,Azerbaijan,max_verstappen,VER,Max,Verstappen,red_bull,Red Bull,3,1,1,25.0,51,Finished,5645941,1:34:05.941,2
2022,8,Azerbaijan Grand Prix,baku,Baku City Circuit,Azerbaijan,perez,PER,Sergio,Pérez,red_bull,Red Bull,2,2,2,19.0,51,Finished,5666764,+20.823,0
2022,8,Azerbaijan Grand Prix,baku,Baku City Circuit,Azerbaijan,russell,RUS,George,Russell,mercedes,Mercedes,5,3,3,15.0,51,Finished,5691936,+45.995,2
2022,8,Azerbaijan Grand Prix,baku,Baku City Circuit,Azerbaijan,hamilton,HAM,Lewis,Hamilton,mercedes,Mercedes,7,4,4,12.0,51,Finished,5717620,+1:11.679,3
2022,8,Azerbaijan Grand Prix,baku,Baku City Circuit,Azerbaijan,gasly,GAS,Pierre,Gasly,alphatauri,AlphaTauri,6,5,5,10.0,51,Finished,5723240,+1:17.299,1
2022,8,Azerbaijan Grand Prix,baku,Baku City Circuit,Azerbaijan,vettel,VET,Sebastian,Vettel,aston_martin,Aston Martin,9,6,6,8.0,51,Finished,5730040,+1:24.099,3
2022,8,Azerbaijan Grand Prix,baku,Baku City Circuit,Azerbaijan,alonso,ALO,Fernando,Alonso,alpine,Alpine F1 Team,10,7,7,6.0,51,Finished,5734537,+1:28.596,3
2022,8,Azerbaijan Grand Prix,baku,Baku City Circuit,Azerbaijan,ricciardo,RIC,Daniel,Ricciardo,mclaren,McLaren,12,8,8,4.0,51,Finished,5738148,+1:32.207,4
2022,8,Azerbaijan Grand Prix,baku,Baku City Circuit,Azerbaijan,norris,NOR,Lando,Norris,mclaren,McLaren,11,9,9,2.0,51,Finished,5738497,+1:32.556,2
2022,8,Azerbaijan Grand Prix,baku,Baku City Circuit,Azerbaijan,ocon,OCO,Esteban,Ocon,alpine,Alpine F1 Team,13,10,10,1.0,51,Finished,5754125,+1:48.184,3
2022,8,Azerbaijan Grand Prix,baku,Baku City Circuit,Azerbaijan,bottas,BOT,Valtteri,Bottas,alfa,Alfa Romeo,15,11,11,0.0,50,+1 Lap,,,4
2022,8,Azerbaijan Grand Prix,baku,Baku City Circuit,Azerbaijan,albon,ALB,Alexander,Albon,williams,Williams,17,12,12,0.0,50,+1 Lap,,,5
2022,8,Azerbaijan Grand Prix,baku,Baku City Circuit,Azerbaijan,tsunoda,TSU,Yuki,Tsunoda,alphatauri,AlphaTauri,8,13,13,0.0,50,+1 Lap,,,-5
2022,8,Azerbaijan Grand Prix,baku,Baku City Circuit,Azerbaijan,mick_schumacher,MSC,Mick,Schumacher,haas,Haas F1 Team,20,14,14,0.0,50,+1 Lap,,,6
2022,8,Azerbaijan Grand Prix,baku,Baku City Circuit,Azerbaijan,latifi,LAT,Nicholas,Latifi,williams,Williams,18,15,15,0.0,50,+1 Lap,,,3
2022,8,Azerbaijan Grand Prix,baku,Baku City Circuit,Azerbaijan,stroll,STR,Lance,Stroll,aston_martin,Aston Martin,19,16,16,0.0,46,Vibrations,,,3
2022,8,Azerbaijan Grand Prix,baku,Baku City Circuit,Azerbaijan,kevin_magnussen,MAG,Kevin,Magnussen,haas,Haas F1 Team,16,17,R,0.0,31,Power Unit,,,-1
2022,8,Azerbaijan Grand Prix,baku,Baku City Circuit,Azerbaijan,zhou,ZHO,Guanyu,Zhou,alfa,Alfa Romeo,14,18,R,0.0,23,Hydraulics,,,-4
2022,8,Azerbaijan Grand Prix,baku,Baku City Circuit,Azerbaijan,leclerc,LEC,Charles,Leclerc,ferrari,Ferrari,1,19,R,0.0,21,Power Unit,,,-18
2022,8,Azerbaijan Grand Prix,baku,Baku City Circuit,Azerbaijan,sainz,SAI,Carlos,Sainz,ferrari,Ferrari,4,20,R,0.0,8,Hydraulics,,,-16
2022,9,Canadian Grand Prix,villeneuve,Circuit Gilles Villeneuve,Canada,max_verstappen,VER,Max,Verstappen,red_bull,Red Bull,1,1,1,25.0,70,Finished,5781757,1:36:21.757,0
2022,9,Canadian Grand Prix,villeneuve,Circuit Gilles Villeneuve,Canada,sainz,SAI,Carlos,Sainz,ferrari,Ferrari,3,2,2,19.0,70,Finished,5782750,+0.993,1
2022,9,Canadian Grand Prix,villeneuve,Circuit Gilles Villeneuve,Canada,hamilton,HAM,Lewis,Hamilton,mercedes,Mercedes,4,3,3,15.0,70,Finished,5788763,+7.006,1
2022,9,Canadian Grand Prix,villeneuve,Circuit Gilles Villeneuve,Canada,russell,RUS,George,Russell,mercedes,Mercedes,8,4,4,12.0,70,Finished,5794070,+12.313,4
2022,9,Canadian Grand Prix,villeneuve,Circuit Gilles Villeneuve,Canada,leclerc,LEC,Charles,Leclerc,ferrari,Ferrari,19,5,5,10.0,70,Finished,5796925,+15.168,14
2022,9,Canadian Grand Prix,villeneuve,Circuit Gilles Villeneuve,Canada,ocon,OCO,Esteban,Ocon,alpine,Alpine F1 Team,7,6,6,8.0,70,Finished,5805647,+23.890,1
2022,9,Canadian Grand Prix,villeneuve,Circuit Gilles Villeneuve,Canada,bottas,BOT,Valtteri,Bottas,alfa,Alfa Romeo,11,7,7,6.0,70,Finished,5807004,+25.247,4
2022,9,Canadian Grand Prix,villeneuve,Circuit Gilles Villeneuve,Canada,zhou,ZHO,Guanyu,Zhou,alfa,Alfa Romeo,10,8,8,4.0,70,Finished,5808709,+26.952,2
2022,9,Canadian Grand Prix,villeneuve,Circuit Gilles Villeneuve,Canada,alonso,ALO,Fernando,Alonso,alpine,Alpine F1 Team,2,9,9,2.0,70,Finished,5811702,+29.945,-7
2022,9,Canadian Grand Prix,villeneuve,Circuit Gilles Villeneuve,Canada,stroll,STR,Lance,Stroll,aston_martin,Aston Martin,17,10,10,1.0,70,Finished,5819979,+38.222,7
2022,9,Canadian Grand Prix,villeneuve,Circuit Gilles Villeneuve,Canada,ricciardo,RIC,Daniel,Ricciardo,mclaren,McLaren,9,11,11,0.0,70,Finished,5824804,+43.047,-2
2022,9,Canadian Grand Prix,villeneuve,Circuit Gilles Villeneuve,Canada,vettel,VET,Sebastian,Vettel,aston_martin,Aston Martin,16,12,12,0.0,70,Finished,5826002,+44.245,4
2022,9,Canadian Grand Prix,villeneuve,Circuit Gilles Villeneuve,Canada,albon,ALB,Alexander,Albon,williams,Williams,12,13,13,0.0,70,Finished,5826650,+44.893,-1
2022,9,Canadian Grand Prix,villeneuve,Circuit Gilles Villeneuve,Canada,gasly,GAS,Pierre,Gasly,alphatauri,AlphaTauri,15,14,14,0.0,70,Finished,5826940,+45.183,1
2022,9,Canadian Grand Prix,villeneuve,Circuit Gilles Villeneuve,Canada,norris,NOR,Lando,Norris,mclaren,McLaren,14,15,15,0.0,70,Finished,5833902,+52.145,-1
2022,9,Canadian Grand Prix,villeneuve,Circuit Gilles Villeneuve,Canada,latifi,LAT,Nicholas,Latifi,williams,Williams,18,16,16,0.0,70,Finished,5841735,+59.978,2
2022,9,Canadian Grand Prix,villeneuve,Circuit Gilles Villeneuve,Canada,kevin_magnussen,MAG,Kevin,Magnussen,haas,Haas F1 Team,5,17,17,0.0,70,Finished,5849937,+1:08.180,-12
2022,9,Canadian Grand Prix,villeneuve,Circuit Gilles Villeneuve,Canada,tsunoda,TSU,Yuki,Tsunoda,alphatauri,AlphaTauri,20,18,R,0.0,47,Accident,,,2
2022,9,Canadian Grand Prix,villeneuve,Circuit Gilles Villeneuve,Canada,mick_schumacher,MSC,Mick,Schumacher,haas,Haas F1 Team,6,19,R,0.0,18,Engine,,,-13
2022,9,Canadian Grand Prix,villeneuve,Circuit Gilles Villeneuve,Canada,perez,PER,Sergio,Pérez,red_bull,Red Bull,13,20,R,0.0,7,Gearbox,,,-7
2022,10,British Grand Prix,silverstone,Silverstone Circuit,UK,sainz,SAI,Carlos,Sainz,ferrari,Ferrari,1,1,1,25.0,52,Finished,8270311,2:17:50.311,0
2022,10,British Grand Prix,silverstone,Silverstone Circuit,UK,perez,PER,Sergio,Pérez,red_bull,Red Bull,4,2,2,18.0,52,Finished,8274090,+3.779,2
2022,10,British Grand Prix,silverstone,Silverstone Circuit,UK,hamilton,HAM,Lewis,Hamilton,mercedes,Mercedes,5,3,3,16.0,52,Finished,8276536,+6.225,2
2022,10,British Grand Prix,silverstone,Silverstone Circuit,UK,leclerc,LEC,Charles,Leclerc,ferrari,Ferrari,3,4,4,12.0,52,Finished,8278857,+8.546,-1
2022,10,British Grand Prix,silverstone,Silverstone Circuit,UK,alonso,ALO,Fernando,Alonso,alpine,Alpine F1 Team,7,5,5,10.0,52,Finished,8279882,+9.571,2
2022,10,British Grand Prix,silverstone,Silverstone Circuit,UK,norris,NOR,Lando,Norris,mclaren,McLaren,6,6,6,8.0,52,Finished,8282254,+11.943,0
2022,10,British Grand Prix,silverstone,Silverstone Circuit,UK,max_verstappen,VER,Max,Verstappen,red_bull,Red Bull,2,7,7,6.0,52,Finished,8289088,+18.777,-5
2022,10,British Grand Prix,silverstone,Silverstone Circuit,UK,mick_schumacher,MSC,Mick,Schumacher,haas,Haas F1 Team,19,8,8,4.0,52,Finished,8289306,+18.995,11
2022,10,British Grand Prix,silverstone,Silverstone Circuit,UK,vettel,VET,Sebastian,Vettel,aston_martin,Aston Martin,18,9,9,2.0,52,Finished,8292666,+22.356,9
2022,10,British Grand Prix,silverstone,Silverstone Circuit,UK,kevin_magnussen,MAG,Kevin,Magnussen,haas,Haas F1 Team,17,10,10,1.0,52,Finished,8294901,+24.590,7
2022,10,British Grand Prix,silverstone,Silverstone Circuit,UK,stroll,STR,Lance,Stroll,aston_martin,Aston Martin,20,11,11,0.0,52,Finished,8296458,+26.147,9
2022,10,British Grand Prix,silverstone,Silverstone Circuit,UK,latifi,LAT,Nicholas,Latifi,williams,Williams,10,12,12,0.0,52,Finished,8302822,+32.511,-2
2022,10,British Grand Prix,silverstone,Silverstone Circuit,UK,ricciardo,RIC,Daniel,Ricciardo,mclaren,McLaren,14,13,13,0.0,52,Finished,8303128,+32.817,1
2022,10,British Grand Prix,silverstone,Silverstone Circuit,UK,tsunoda,TSU,Yuki,Tsunoda,alphatauri,AlphaTauri,13,14,14,0.0,52,Finished,8311221,+40.910,-1
2022,10,British Grand Prix,silverstone,Silverstone Circuit,UK,ocon,OCO,Esteban,Ocon,alpine,Alpine F1 Team,15,15,R,0.0,37,Fuel pump,,,0
2022,10,British Grand Prix,silverstone,Silverstone Circuit,UK,gasly,GAS,Pierre,Gasly,alphatauri,AlphaTauri,11,16,R,0.0,26,Collision damage,,,-5
2022,10,British Grand Prix,silverstone,Silverstone Circuit,UK,bottas,BOT,Valtteri,Bottas,alfa,Alfa Romeo,12,17,R,0.0,20,Gearbox,,,-5
2022,10,British Grand Prix,silverstone,Silverstone Circuit,UK,russell,RUS,George,Russell,mercedes,Mercedes,8,18,R,0.0,0,Collision,,,-10
2022,10,British Grand Prix,silverstone,Silverstone Circuit,UK,zhou,ZHO,Guanyu,Zhou,alfa,Alfa Romeo,9,19,R,0.0,0,Collision,,,-10
2022,10,British Grand Prix,silverstone,Silverstone Circuit,UK,albon,ALB,Alexander,Albon,williams,Williams,16,20,R,0.0,0,Collision,,,-4
2022,11,Austrian Grand Prix,red_bull_ring,Red Bull Ring,Austria,leclerc,LEC,Charles,Leclerc,ferrari,Ferrari,2,1,1,25.0,71,Finished,5064312,1:24:24.312,1
2022,11,Austrian Grand Prix,red_bull_ring,Red Bull Ring,Austria,max_verstappen,VER,Max,Verstappen,red_bull,Red Bull,1,2,2,19.0,71,Finished,5065844,+1.532,-1
2022,11,Austrian Grand Prix,red_bull_ring,Red Bull Ring,Austria,hamilton,HAM,Lewis,Hamilton,mercedes,Mercedes,8,3,3,15.0,71,Finished,5105529,+41.217,5
2022,11,Austrian Grand Prix,red_bull_ring,Red Bull Ring,Austria,russell,RUS,George,Russell,mercedes,Mercedes,4,4,4,12.0,71,Finished,5123284,+58.972,0
2022,11,Austrian Grand Prix,red_bull_ring,Red Bull Ring,Austria,ocon,OCO,Esteban,Ocon,alpine,Alpine F1 Team,6,5,5,10.0,71,Finished,5132748,+1:08.436,1
2022,11,Austrian Grand Prix,red_bull_ring,Red Bull Ring,Austria,mick_schumacher,MSC,Mick,Schumacher,haas,Haas F1 Team,9,6,6,8.0,70,+1 Lap,,,3
2022,11,Austrian Grand Prix,red_bull_ring,Red Bull Ring,Austria,norris,NOR,Lando,Norris,mclaren,McLaren,10,7,7,6.0,70,+1 Lap,,,3
2022,11,Austrian Grand Prix,red_bull_ring,Red Bull Ring,Austria,kevin_magnussen,MAG,Kevin,Magnussen,haas,Haas F1 Team,7,8,8,4.0,70,+1 Lap,,,-1
2022,11,Austrian Grand Prix,red_bull_ring,Red Bull Ring,Austria,ricciardo,RIC,Daniel,Ricciardo,mclaren,McLaren,11,9,9,2.0,70,+1 Lap,,,2
2022,11,Austrian Grand Prix,red_bull_ring,Red Bull Ring,Austria,alonso,ALO,Fernando,Alonso,alpine,Alpine F1 Team,19,10,10,1.0,70,+1 Lap,,,9
2022,11,Austrian Grand Prix,red_bull_ring,Red Bull Ring,Austria,bottas,BOT,Valtteri,Bottas,alfa,Alfa Romeo,0,11,11,0.0,70,+1 Lap,,,-11
2022,11,Austrian Grand Prix,red_bull_ring,Red Bull Ring,Austria,albon,ALB,Alexander,Albon,williams,Williams,15,12,12,0.0,70,+1 Lap,,,3
2022,11,Austrian Grand Prix,red_bull_ring,Red Bull Ring,Austria,stroll,STR,Lance,Stroll,aston_martin,Aston Martin,12,13,13,0.0,70,+1 Lap,,,-1
2022,11,Austrian Grand Prix,red_bull_ring,Red Bull Ring,Austria,zhou,ZHO,Guanyu,Zhou,alfa,Alfa Romeo,13,14,14,0.0,70,+1 Lap,,,-1
2022,11,Austrian Grand Prix,red_bull_ring,Red Bull Ring,Austria,gasly,GAS,Pierre,Gasly,alphatauri,AlphaTauri,14,15,15,0.0,70,+1 Lap,,,-1
2022,11,Austrian Grand Prix,red_bull_ring,Red Bull Ring,Austria,tsunoda,TSU,Yuki,Tsunoda,alphatauri,AlphaTauri,16,16,16,0.0,70,+1 Lap,,,0
2022,11,Austrian Grand Prix,red_bull_ring,Red Bull Ring,Austria,vettel,VET,Sebastian,Vettel,aston_martin,Aston Martin,18,17,17,0.0,70,+1 Lap,,,1
2022,11,Austrian Grand Prix,red_bull_ring,Red Bull Ring,Austria,sainz,SAI,Carlos,Sainz,ferrari,Ferrari,3,18,R,0.0,56,Power Unit,,,-15
2022,11,Austrian Grand Prix,red_bull_ring,Red Bull Ring,Austria,latifi,LAT,Nicholas,Latifi,williams,Williams,17,19,R,0.0,48,Undertray,,,-2
2022,11,Austrian Grand Prix,red_bull_ring,Red Bull Ring,Austria,perez,PER,Sergio,Pérez,red_bull,Red Bull,5,20,R,0.0,24,Collision damage,,,-15
2022,12,French Grand Prix,ricard,Circuit Paul Ricard,France,max_verstappen,VER,Max,Verstappen,red_bull,Red Bull,2,1,1,25.0,53,Finished,5402112,1:30:02.112,1
2022,12,French Grand Prix,ricard,Circuit Paul Ricard,France,hamilton,HAM,Lewis,Hamilton,mercedes,Mercedes,4,2,2,18.0,53,Finished,5412699,+10.587,2
2022,12,French Grand Prix,ricard,Circuit Paul Ricard,France,russell,RUS,George,Russell,mercedes,Mercedes,6,3,3,15.0,53,Finished,5418607,+16.495,3
2022,12,French Grand Prix,ricard,Circuit Paul Ricard,France,perez,PER,Sergio,Pérez,red_bull,Red Bull,3,4,4,12.0,53,Finished,5419422,+17.310,-1
2022,12,French Grand Prix,ricard,Circuit Paul Ricard,France,sainz,SAI,Carlos,Sainz,ferrari,Ferrari,19,5,5,11.0,53,Finished,5430984,+28.872,14
2022,12,French Grand Prix,ricard,Circuit Paul Ricard,France,alonso,ALO,Fernando,Alonso,alpine,Alpine F1 Team,7,6,6,8.0,53,Finished,5444991,+42.879,1
2022,12,French Grand Prix,ricard,Circuit Paul Ricard,France,norris,NOR,Lando,Norris,mclaren,McLaren,5,7,7,6.0,53,Finished,5454138,+52.026,-2
2022,12,French Grand Prix,ricard,Circuit Paul Ricard,France,ocon,OCO,Esteban,Ocon,alpine,Alpine F1 Team,10,8,8,4.0,53,Finished,5459071,+56.959,2
2022,12,French Grand Prix,ricard,Circuit Paul Ricard,France,ricciardo,RIC,Daniel,Ricciardo,mclaren,McLaren,9,9,9,2.0,53,Finished,5462484,+1:00.372,0
2022,12,French Grand Prix,ricard,Circuit Paul Ricard,France,stroll,STR,Lance,Stroll,aston_martin,Aston Martin,15,10,10,1.0,53,Finished,5464661,+1:02.549,5
2022,12,French Grand Prix,ricard,Circuit Paul Ricard,France,vettel,VET,Sebastian,Vettel,aston_martin,Aston Martin,12,11,11,0.0,53,Finished,5466606,+1:04.494,1
2022,12,French Grand Prix,ricard,Circuit Paul Ricard,France,gasly,GAS,Pierre,Gasly,alphatauri,AlphaTauri,14,12,12,0.0,53,Finished,5467560,+1:05.448,2
2022,12,French Grand Prix,ricard,Circuit Paul Ricard,France,albon,ALB,Alexander,Albon,williams,Williams,13,13,13,0.0,53,Finished,5470677,+1:08.565,0
2022,12,French Grand Prix,ricard,Circuit Paul Ricard,France,bottas,BOT,Valtteri,Bottas,alfa,Alfa Romeo,11,14,14,0.0,53,Finished,5478778,+1:16.666,-3
2022,12,French Grand Prix,ricard,Circuit Paul Ricard,France,mick_schumacher,MSC,Mick,Schumacher,haas,Haas F1 Team,17,15,15,0.0,53,Finished,5482506,+1:20.394,2
2022,12,French Grand Prix,ricard,Circuit Paul Ricard,France,zhou,ZHO,Guanyu,Zhou,alfa,Alfa Romeo,16,16,16,0.0,47,+6 Laps,,,0
2022,12,French Grand Prix,ricard,Circuit Paul Ricard,France,latifi,LAT,Nicholas,Latifi,williams,Williams,18,17,R,0.0,40,Collision damage,,,1
2022,12,French Grand Prix,ricard,Circuit Paul Ricard,France,kevin_magnussen,MAG,Kevin,Magnussen,haas,Haas F1 Team,20,18,R,0.0,37,Collision damage,,,2
2022,12,French Grand Prix,ricard,Circuit Paul Ricard,France,leclerc,LEC,Charles,Leclerc,ferrari,Ferrari,1,19,R,0.0,17,Accident,,,-18
2022,12,French Grand Prix,ricard,Circuit Paul Ricard,France,tsunoda,TSU,Yuki,Tsunoda,alphatauri,AlphaTauri,8,20,R,0.0,17,Undertray,,,-12
2022,13,Hungarian Grand Prix,hungaroring,Hungaroring,Hungary,max_verstappen,VER,Max,Verstappen,red_bull,Red Bull,10,1,1,25.0,70,Finished,5975912,1:39:35.912,9
2022,13,Hungarian Grand Prix,hungaroring,Hungaroring,Hungary,hamilton,HAM,Lewis,Hamilton,mercedes,Mercedes,7,2,2,19.0,70,Finished,5983746,+7.834,5
2022,13,Hungarian Grand Prix,hungaroring,Hungaroring,Hungary,russell,RUS,George,Russell,mercedes,Mercedes,1,3,3,15.0,70,Finished,5988249,+12.337,-2
2022,13,Hungarian Grand Prix,hungaroring,Hungaroring,Hungary,sainz,SAI,Carlos,Sainz,ferrari,Ferrari,2,4,4,12.0,70,Finished,5990491,+14.579,-2
2022,13,Hungarian Grand Prix,hungaroring,Hungaroring,Hungary,perez,PER,Sergio,Pérez,red_bull,Red Bull,11,5,5,10.0,70,Finished,5991600,+15.688,6
2022,13,Hungarian Grand Prix,hungaroring,Hungaroring,Hungary,leclerc,LEC,Charles,Leclerc,ferrari,Ferrari,3,6,6,8.0,70,Finished,5991959,+16.047,-3
2022,13,Hungarian Grand Prix,hungaroring,Hungaroring,Hungary,norris,NOR,Lando,Norris,mclaren,McLaren,4,7,7,6.0,70,Finished,6054212,+1:18.300,-3
2022,13,Hungarian Grand Prix,hungaroring,Hungaroring,Hungary,alonso,ALO,Fernando,Alonso,alpine,Alpine F1 Team,6,8,8,4.0,69,+1 Lap,,,-2
2022,13,Hungarian Grand Prix,hungaroring,Hungaroring,Hungary,ocon,OCO,Esteban,Ocon,alpine,Alpine F1 Team,5,9,9,2.0,69,+1 Lap,,,-4
2022,13,Hungarian Grand Prix,hungaroring,Hungaroring,Hungary,vettel,VET,Sebastian,Vettel,aston_martin,Aston Martin,18,10,10,1.0,69,+1 Lap,,,8
2022,13,Hungarian Grand Prix,hungaroring,Hungaroring,Hungary,stroll,STR,Lance,Stroll,aston_martin,Aston Martin,14,11,11,0.0,69,+1 Lap,,,3
2022,13,Hungarian Grand Prix,hungaroring,Hungaroring,Hungary,gasly,GAS,Pierre,Gasly,alphatauri,AlphaTauri,0,12,12,0.0,69,+1 Lap,,,-12
2022,13,Hungarian Grand Prix,hungaroring,Hungaroring,Hungary,zhou,ZHO,Guanyu,Zhou,alfa,Alfa Romeo,12,13,13,0.0,69,+1 Lap,,,-1
2022,13,Hungarian Grand Prix,hungaroring,Hungaroring,Hungary,mick_schumacher,MSC,Mick,Schumacher,haas,Haas F1 Team,15,14,14,0.0,69,+1 Lap,,,1
2022,13,Hungarian Grand Prix,hungaroring,Hungaroring,Hungary,ricciardo,RIC,Daniel,Ricciardo,mclaren,McLaren,9,15,15,0.0,69,+1 Lap,,,-6
2022,13,Hungarian Grand Prix,hungaroring,Hungaroring,Hungary,kevin_magnussen,MAG,Kevin,Magnussen,haas,Haas F1 Team,13,16,16,0.0,69,+1 Lap,,,-3
2022,13,Hungarian Grand Prix,hungaroring,Hungaroring,Hungary,albon,ALB,Alexander,Albon,williams,Williams,17,17,17,0.0,69,+1 Lap,,,0
2022,13,Hungarian Grand Prix,hungaroring,Hungaroring,Hungary,latifi,LAT,Nicholas,Latifi,williams,Williams,19,18,18,0.0,69,+1 Lap,,,1
2022,13,Hungarian Grand Prix,hungaroring,Hungaroring,Hungary,tsunoda,TSU,Yuki,Tsunoda,alphatauri,AlphaTauri,16,19,19,0.0,68,+2 Laps,,,-3
2022,13,Hungarian Grand Prix,hungaroring,Hungaroring,Hungary,bottas,BOT,Valtteri,Bottas,alfa,Alfa Romeo,8,20,20,0.0,65,Power Unit,,,-12
2022,14,Belgian Grand Prix,spa,Circuit de Spa-Francorchamps,Belgium,max_verstappen,VER,Max,Verstappen,red_bull,Red Bull,14,1,1,26.0,44,Finished,5152894,1:25:52.894,13
2022,14,Belgian Grand Prix,spa,Circuit de Spa-Francorchamps,Belgium,perez,PER,Sergio,Pérez,red_bull,Red Bull,2,2,2,18.0,44,Finished,5170735,+17.841,0
2022,14,Belgian Grand Prix,spa,Circuit de Spa-Francorchamps,Belgium,sainz,SAI,Carlos,Sainz,ferrari,Ferrari,1,3,3,15.0,44,Finished,5179780,+26.886,-2
2022,14,Belgian Grand Prix,spa,Circuit de Spa-Francorchamps,Belgium,russell,RUS,George,Russell,mercedes,Mercedes,5,4,4,12.0,44,Finished,5182034,+29.140,1
2022,14,Belgian Grand Prix,spa,Circuit de Spa-Francorchamps,Belgium,alonso,ALO,Fernando,Alonso,alpine,Alpine F1 Team,3,5,5,10.0,44,Finished,5226150,+1:13.256,-2
2022,14,Belgian Grand Prix,spa,Circuit de Spa-Francorchamps,Belgium,leclerc,LEC,Charles,Leclerc,ferrari,Ferrari,15,6,6,8.0,44,Finished,5227830,+1:14.936,9
2022,14,Belgian Grand Prix,spa,Circuit de Spa-Francorchamps,Belgium,ocon,OCO,Esteban,Ocon,alpine,Alpine F1 Team,16,7,7,6.0,44,Finished,5228534,+1:15.640,9
2022,14,Belgian Grand Prix,spa,Circuit de Spa-Francorchamps,Belgium,vettel,VET,Sebastian,Vettel,aston_martin,Aston Martin,10,8,8,4.0,44,Finished,5231001,+1:18.107,2
2022,14,Belgian Grand Prix,spa,Circuit de Spa-Francorchamps,Belgium,gasly,GAS,Pierre,Gasly,alphatauri,AlphaTauri,0,9,9,2.0,44,Finished,5245075,+1:32.181,-9
2022,14,Belgian Grand Prix,spa,Circuit de Spa-Francorchamps,Belgium,albon,ALB,Alexander,Albon,williams,Williams,6,10,10,1.0,44,Finished,5254794,+1:41.900,-4
2022,14,Belgian Grand Prix,spa,Circuit de Spa-Francorchamps,Belgium,stroll,STR,Lance,Stroll,aston_martin,Aston Martin,9,11,11,0.0,44,Finished,5255972,+1:43.078,-2
2022,14,Belgian Grand Prix,spa,Circuit de Spa-Francorchamps,Belgium,norris,NOR,Lando,Norris,mclaren,McLaren,17,12,12,0.0,44,Finished,5257633,+1:44.739,5
2022,14,Belgian Grand Prix,spa,Circuit de Spa-Francorchamps,Belgium,tsunoda,TSU,Yuki,Tsunoda,alphatauri,AlphaTauri,0,13,13,0.0,44,Finished,5258111,+1:45.217,-13
2022,14,Belgian Grand Prix,spa,Circuit de Spa-Francorchamps,Belgium,zhou,ZHO,Guanyu,Zhou,alfa,Alfa Romeo,18,14,14,0.0,44,Finished,5259146,+1:46.252,4
2022,14,Belgian Grand Prix,spa,Circuit de Spa-Francorchamps,Belgium,ricciardo,RIC,Daniel,Ricciardo,mclaren,McLaren,7,15,15,0.0,44,Finished,5260057,+1:47.163,-8
2022,14,Belgian Grand Prix,spa,Circuit de Spa-Francorchamps,Belgium,kevin_magnussen,MAG,Kevin,Magnussen,haas,Haas F1 Team,12,16,16,0.0,43,+1 Lap,,,-4
2022,14,Belgian Grand Prix,spa,Circuit de Spa-Francorchamps,Belgium,mick_schumacher,MSC,Mick,Schumacher,haas,Haas F1 Team,19,17,17,0.0,43,+1 Lap,,,2
2022,14,Belgian Grand Prix,spa,Circuit de Spa-Francorchamps,Belgium,latifi,LAT,Nicholas,Latifi,williams,Williams,11,18,18,0.0,43,+1 Lap,,,-7
2022,14,Belgian Grand Prix,spa,Circuit de Spa-Francorchamps,Belgium,bottas,BOT,Valtteri,Bottas,alfa,Alfa Romeo,13,19,R,0.0,1,Accident,,,-6
2022,14,Belgian Grand Prix,spa,Circuit de Spa-Francorchamps,Belgium,hamilton,HAM,Lewis,Hamilton,mercedes,Mercedes,4,20,R,0.0,0,Collision damage,,,-16
2022,15,Dutch Grand Prix,zandvoort,Circuit Park Zandvoort,Netherlands,max_verstappen,VER,Max,Verstappen,red_bull,Red Bull,1,1,1,26.0,72,Finished,5802773,1:36:42.773,0
2022,15,Dutch Grand Prix,zandvoort,Circuit Park Zandvoort,Netherlands,russell,RUS,George,Russell,mercedes,Mercedes,6,2,2,18.0,72,Finished,5806844,+4.071,4
2022,15,Dutch Grand Prix,zandvoort,Circuit Park Zandvoort,Netherlands,leclerc,LEC,Charles,Leclerc,ferrari,Ferrari,2,3,3,15.0,72,Finished,5813702,+10.929,-1
2022,15,Dutch Grand Prix,zandvoort,Circuit Park Zandvoort,Netherlands,hamilton,HAM,Lewis,Hamilton,mercedes,Mercedes,4,4,4,12.0,72,Finished,5815789,+13.016,0
2022,15,Dutch Grand Prix,zandvoort,Circuit Park Zandvoort,Netherlands,perez,PER,Sergio,Pérez,red_bull,Red Bull,5,5,5,10.0,72,Finished,5820941,+18.168,0
2022,15,Dutch Grand Prix,zandvoort,Circuit Park Zandvoort,Netherlands,alonso,ALO,Fernando,Alonso,alpine,Alpine F1 Team,13,6,6,8.0,72,Finished,5821527,+18.754,7
2022,15,Dutch Grand Prix,zandvoort,Circuit Park Zandvoort,Netherlands,norris,NOR,Lando,Norris,mclaren,McLaren,7,7,7,6.0,72,Finished,5822079,+19.306,0
2022,15,Dutch Grand Prix,zandvoort,Circuit Park Zandvoort,Netherlands,sainz,SAI,Carlos,Sainz,ferrari,Ferrari,3,8,8,4.0,72,Finished,5823689,+20.916,-5
2022,15,Dutch Grand Prix,zandvoort,Circuit Park Zandvoort,Netherlands,ocon,OCO,Esteban,Ocon,alpine,Alpine F1 Team,12,9,9,2.0,72,Finished,5823890,+21.117,3
2022,15,Dutch Grand Prix,zandvoort,Circuit Park Zandvoort,Netherlands,stroll,STR,Lance,Stroll,aston_martin,Aston Martin,10,10,10,1.0,72,Finished,5825232,+22.459,0
2022,15,Dutch Grand Prix,zandvoort,Circuit Park Zandvoort,Netherlands,gasly,GAS,Pierre,Gasly,alphatauri,AlphaTauri,11,11,11,0.0,72,Finished,5829782,+27.009,0
2022,15,Dutch Grand Prix,zandvoort,Circuit Park Zandvoort,Netherlands,albon,ALB,Alexander,Albon,williams,Williams,15,12,12,0.0,72,Finished,5833163,+30.390,3
2022,15,Dutch Grand Prix,zandvoort,Circuit Park Zandvoort,Netherlands,mick_schumacher,MSC,Mick,Schumacher,haas,Haas F1 Team,8,13,13,0.0,72,Finished,5835768,+32.995,-5
2022,15,Dutch Grand Prix,zandvoort,Circuit Park Zandvoort,Netherlands,vettel,VET,Sebastian,Vettel,aston_martin,Aston Martin,19,14,14,0.0,72,Finished,5838780,+36.007,5
2022,15,Dutch Grand Prix,zandvoort,Circuit Park Zandvoort,Netherlands,kevin_magnussen,MAG,Kevin,Magnussen,haas,Haas F1 Team,18,15,15,0.0,72,Finished,5839642,+36.869,3
2022,15,Dutch Grand Prix,zandvoort,Circuit Park Zandvoort,Netherlands,zhou,ZHO,Guanyu,Zhou,alfa,Alfa Romeo,14,16,16,0.0,72,Finished,5840093,+37.320,-2
2022,15,Dutch Grand Prix,zandvoort,Circuit Park Zandvoort,Netherlands,ricciardo,RIC,Daniel,Ricciardo,mclaren,McLaren,17,17,17,0.0,72,Finished,5840537,+37.764,0
2022,15,Dutch Grand Prix,zandvoort,Circuit Park Zandvoort,Netherlands,latifi,LAT,Nicholas,Latifi,williams,Williams,20,18,18,0.0,71,+1 Lap,,,2
2022,15,Dutch Grand Prix,zandvoort,Circuit Park Zandvoort,Netherlands,bottas,BOT,Valtteri,Bottas,alfa,Alfa Romeo,16,19,R,0.0,53,Engine,,,-3
2022,15,Dutch Grand Prix,zandvoort,Circuit Park Zandvoort,Netherlands,tsunoda,TSU,Yuki,Tsunoda,alphatauri,AlphaTauri,9,20,R,0.0,43,Differential,,,-11
2022,16,Italian Grand Prix,monza,Autodromo Nazionale di Monza,Italy,max_verstappen,VER,Max,Verstappen,red_bull,Red Bull,7,1,1,25.0,53,Finished,4827511,1:20:27.511,6
2022,16,Italian Grand Prix,monza,Autodromo Nazionale di Monza,Italy,leclerc,LEC,Charles,Leclerc,ferrari,Ferrari,1,2,2,18.0,53,Finished,4829957,+2.446,-1
2022,16,Italian Grand Prix,monza,Autodromo Nazionale di Monza,Italy,russell,RUS,George,Russell,mercedes,Mercedes,2,3,3,15.0,53,Finished,4830916,+3.405,-1
2022,16,Italian Grand Prix,monza,Autodromo Nazionale di Monza,Italy,sainz,SAI,Carlos,Sainz,ferrari,Ferrari,18,4,4,12.0,53,Finished,4832572,+5.061,14
2022,16,Italian Grand Prix,monza,Autodromo Nazionale di Monza,Italy,hamilton,HAM,Lewis,Hamilton,mercedes,Mercedes,19,5,5,10.0,53,Finished,4832891,+5.380,14
2022,16,Italian Grand Prix,monza,Autodromo Nazionale di Monza,Italy,perez,PER,Sergio,Pérez,red_bull,Red Bull,13,6,6,9.0,53,Finished,4833602,+6.091,7
2022,16,Italian Grand Prix,monza,Autodromo Nazionale di Monza,Italy,norris,NOR,Lando,Norris,mclaren,McLaren,3,7,7,6.0,53,Finished,4833718,+6.207,-4
2022,16,Italian Grand Prix,monza,Autodromo Nazionale di Monza,Italy,gasly,GAS,Pierre,Gasly,alphatauri,AlphaTauri,5,8,8,4.0,53,Finished,4833907,+6.396,-3
2022,16,Italian Grand Prix,monza,Autodromo Nazionale di Monza,Italy,de_vries,DEV,Nyck,de Vries,williams,Williams,8,9,9,2.0,53,Finished,4834633,+7.122,-1
2022,16,Italian Grand Prix,monza,Autodromo Nazionale di Monza,Italy,zhou,ZHO,Guanyu,Zhou,alfa,Alfa Romeo,9,10,10,1.0,53,Finished,4835421,+7.910,-1
2022,16,Italian Grand Prix,monza,Autodromo Nazionale di Monza,Italy,ocon,OCO,Esteban,Ocon,alpine,Alpine F1 Team,14,11,11,0.0,53,Finished,4835834,+8.323,3
2022,16,Italian Grand Prix,monza,Autodromo Nazionale di Monza,Italy,mick_schumacher,MSC,Mick,Schumacher,haas,Haas F1 Team,17,12,12,0.0,53,Finished,4836060,+8.549,5
2022,16,Italian Grand Prix,monza,Autodromo Nazionale di Monza,Italy,bottas,BOT,Valtteri,Bottas,alfa,Alfa Romeo,15,13,13,0.0,52,+1 Lap,,,2
2022,16,Italian Grand Prix,monza,Autodromo Nazionale di Monza,Italy,tsunoda,TSU,Yuki,Tsunoda,alphatauri,AlphaTauri,20,14,14,0.0,52,+1 Lap,,,6
2022,16,Italian Grand Prix,monza,Autodromo Nazionale di Monza,Italy,latifi,LAT,Nicholas,Latifi,williams,Williams,10,15,15,0.0,52,+1 Lap,,,-5
2022,16,Italian Grand Prix,monza,Autodromo Nazionale di Monza,Italy,kevin_magnussen,MAG,Kevin,Magnussen,haas,Haas F1 Team,16,16,16,0.0,52,+1 Lap,,,0
2022,16,Italian Grand Prix,monza,Autodromo Nazionale di Monza,Italy,ricciardo,RIC,Daniel,Ricciardo,mclaren,McLaren,4,17,R,0.0,45,Oil leak,,,-13
2022,16,Italian Grand Prix,monza,Autodromo Nazionale di Monza,Italy,stroll,STR,Lance,Stroll,aston_martin,Aston Martin,12,18,R,0.0,39,Engine,,,-6
2022,16,Italian Grand Prix,monza,Autodromo Nazionale di Monza,Italy,alonso,ALO,Fernando,Alonso,alpine,Alpine F1 Team,6,19,R,0.0,31,Water pressure,,,-13
2022,16,Italian Grand Prix,monza,Autodromo Nazionale di Monza,Italy,vettel,VET,Sebastian,Vettel,aston_martin,Aston Martin,11,20,R,0.0,10,Engine,,,-9
2022,17,Singapore Grand Prix,marina_bay,Marina Bay Street Circuit,Singapore,perez,PER,Sergio,Pérez,red_bull,Red Bull,2,1,1,25.0,59,Finished,7340238,2:02:20.238,1
2022,17,Singapore Grand Prix,marina_bay,Marina Bay Street Circuit,Singapore,leclerc,LEC,Charles,Leclerc,ferrari,Ferrari,1,2,2,18.0,59,Finished,7342833,+2.595,-1
2022,17,Singapore Grand Prix,marina_bay,Marina Bay Street Circuit,Singapore,sainz,SAI,Carlos,Sainz,ferrari,Ferrari,4,3,3,15.0,59,Finished,7350543,+10.305,1
2022,17,Singapore Grand Prix,marina_bay,Marina Bay Street Circuit,Singapore,norris,NOR,Lando,Norris,mclaren,McLaren,6,4,4,12.0,59,Finished,7361371,+21.133,2
2022,17,Singapore Grand Prix,marina_bay,Marina Bay Street Circuit,Singapore,ricciardo,RIC,Daniel,Ricciardo,mclaren,McLaren,16,5,5,10.0,59,Finished,7393520,+53.282,11
2022,17,Singapore Grand Prix,marina_bay,Marina Bay Street Circuit,Singapore,stroll,STR,Lance,Stroll,aston_martin,Aston Martin,11,6,6,8.0,59,Finished,7396568,+56.330,5
2022,17,Singapore Grand Prix,marina_bay,Marina Bay Street Circuit,Singapore,max_verstappen,VER,Max,Verstappen,red_bull,Red Bull,8,7,7,6.0,59,Finished,7399063,+58.825,1
2022,17,Singapore Grand Prix,marina_bay,Marina Bay Street Circuit,Singapore,vettel,VET,Sebastian,Vettel,aston_martin,Aston Martin,13,8,8,4.0,59,Finished,7400270,+1:00.032,5
2022,17,Singapore Grand Prix,marina_bay,Marina Bay Street Circuit,Singapore,hamilton,HAM,Lewis,Hamilton,mercedes,Mercedes,3,9,9,2.0,59,Finished,7401753,+1:01.515,-6
2022,17,Singapore Grand Prix,marina_bay,Marina Bay Street Circuit,Singapore,gasly,GAS,Pierre,Gasly,alphatauri,AlphaTauri,7,10,10,1.0,59,Finished,7409814,+1:09.576,-3
2022,17,Singapore Grand Prix,marina_bay,Marina Bay Street Circuit,Singapore,bottas,BOT,Valtteri,Bottas,alfa,Alfa Romeo,15,11,11,0.0,59,Finished,7429082,+1:28.844,4
2022,17,Singapore Grand Prix,marina_bay,Marina Bay Street Circuit,Singapore,kevin_magnussen,MAG,Kevin,Magnussen,haas,Haas F1 Team,9,12,12,0.0,59,Finished,7432848,+1:32.610,-3
2022,17,Singapore Grand Prix,marina_bay,Marina Bay Street Circuit,Singapore,mick_schumacher,MSC,Mick,Schumacher,haas,Haas F1 Team,12,13,13,0.0,58,+1 Lap,,,-1
2022,17,Singapore Grand Prix,marina_bay,Marina Bay Street Circuit,Singapore,russell,RUS,George,Russell,mercedes,Mercedes,0,14,14,0.0,57,+2 Laps,,,-14
2022,17,Singapore Grand Prix,marina_bay,Marina Bay Street Circuit,Singapore,tsunoda,TSU,Yuki,Tsunoda,alphatauri,AlphaTauri,10,15,R,0.0,34,Accident,,,-5
2022,17,Singapore Grand Prix,marina_bay,Marina Bay Street Circuit,Singapore,ocon,OCO,Esteban,Ocon,alpine,Alpine F1 Team,17,16,R,0.0,26,Engine,,,1
2022,17,Singapore Grand Prix,marina_bay,Marina Bay Street Circuit,Singapore,albon,ALB,Alexander,Albon,williams,Williams,18,17,R,0.0,25,Collision damage,,,1
2022,17,Singapore Grand Prix,marina_bay,Marina Bay Street Circuit,Singapore,alonso,ALO,Fernando,Alonso,alpine,Alpine F1 Team,5,18,R,0.0,20,Engine,,,-13
2022,17,Singapore Grand Prix,marina_bay,Marina Bay Street Circuit,Singapore,latifi,LAT,Nicholas,Latifi,williams,Williams,19,19,R,0.0,7,Collision damage,,,0
2022,17,Singapore Grand Prix,marina_bay,Marina Bay Street Circuit,Singapore,zhou,ZHO,Guanyu,Zhou,alfa,Alfa Romeo,14,20,R,0.0,6,Collision,,,-6
2022,18,Japanese Grand Prix,suzuka,Suzuka Circuit,Japan,max_verstappen,VER,Max,Verstappen,red_bull,Red Bull,1,1,1,25.0,28,Finished,10904004,3:01:44.004,0
2022,18,Japanese Grand Prix,suzuka,Suzuka Circuit,Japan,perez,PER,Sergio,Pérez,red_bull,Red Bull,4,2,2,18.0,28,Finished,10931070,+27.066,2
2022,18,Japanese Grand Prix,suzuka,Suzuka Circuit,Japan,leclerc,LEC,Charles,Leclerc,ferrari,Ferrari,2,3,3,15.0,28,Finished,10935767,+31.763,-1
2022,18,Japanese Grand Prix,suzuka,Suzuka Circuit,Japan,ocon,OCO,Esteban,Ocon,alpine,Alpine F1 Team,5,4,4,12.0,28,Finished,10943689,+39.685,1
2022,18,Japanese Grand Prix,suzuka,Suzuka Circuit,Japan,hamilton,HAM,Lewis,Hamilton,mercedes,Mercedes,6,5,5,10.0,28,Finished,10944330,+40.326,1
2022,18,Japanese Grand Prix,suzuka,Suzuka Circuit,Japan,vettel,VET,Sebastian,Vettel,aston_martin,Aston Martin,9,6,6,8.0,28,Finished,10950362,+46.358,3
2022,18,Japanese Grand Prix,suzuka,Suzuka Circuit,Japan,alonso,ALO,Fernando,Alonso,alpine,Alpine F1 Team,7,7,7,6.0,28,Finished,10950373,+46.369,0
2022,18,Japanese Grand Prix,suzuka,Suzuka Circuit,Japan,russell,RUS,George,Russell,mercedes,Mercedes,8,8,8,4.0,28,Finished,10951665,+47.661,0
2022,18,Japanese Grand Prix,suzuka,Suzuka Circuit,Japan,latifi,LAT,Nicholas,Latifi,williams,Williams,20,9,9,2.0,28,Finished,10974147,+1:10.143,11
2022,18,Japanese Grand Prix,suzuka,Suzuka Circuit,Japan,norris,NOR,Lando,Norris,mclaren,McLaren,10,10,10,1.0,28,Finished,10974786,+1:10.782,0
2022,18,Japanese Grand Prix,suzuka,Suzuka Circuit,Japan,ricciardo,RIC,Daniel,Ricciardo,mclaren,McLaren,11,11,11,0.0,28,Finished,10976881,+1:12.877,0
2022,18,Japanese Grand Prix,suzuka,Suzuka Circuit,Japan,stroll,STR,Lance,Stroll,aston_martin,Aston Martin,19,12,12,0.0,28,Finished,10977908,+1:13.904,7
2022,18,Japanese Grand Prix,suzuka,Suzuka Circuit,Japan,tsunoda,TSU,Yuki,Tsunoda,alphatauri,AlphaTauri,13,13,13,0.0,28,Finished,10979603,+1:15.599,0
2022,18,Japanese Grand Prix,suzuka,Suzuka Circuit,Japan,kevin_magnussen,MAG,Kevin,Magnussen,haas,Haas F1 Team,18,14,14,0.0,28,Finished,10990020,+1:26.016,4
2022,18,Japanese Grand Prix,suzuka,Suzuka Circuit,Japan,bottas,BOT,Valtteri,Bottas,alfa,Alfa Romeo,12,15,15,0.0,28,Finished,10990500,+1:26.496,-3
2022,18,Japanese Grand Prix,suzuka,Suzuka Circuit,Japan,zhou,ZHO,Guanyu,Zhou,alfa,Alfa Romeo,14,16,16,0.0,28,Finished,10991047,+1:27.043,-2
2022,18,Japanese Grand Prix,suzuka,Suzuka Circuit,Japan,mick_schumacher,MSC,Mick,Schumacher,haas,Haas F1 Team,15,17,17,0.0,28,Finished,10996527,+1:32.523,-2
2022,18,Japanese Grand Prix,suzuka,Suzuka Circuit,Japan,gasly,GAS,Pierre,Gasly,alphatauri,AlphaTauri,17,18,18,0.0,28,Finished,11012095,+1:48.091,-1
2022,18,Japanese Grand Prix,suzuka,Suzuka Circuit,Japan,sainz,SAI,Carlos,Sainz,ferrari,Ferrari,3,19,R,0.0,0,Accident,,,-16
2022,18,Japanese Grand Prix,suzuka,Suzuka Circuit,Japan,albon,ALB,Alexander,Albon,williams,Williams,16,20,R,0.0,0,Hydraulics,,,-4
2022,19,United States Grand Prix,americas,Circuit of the Americas,USA,max_verstappen,VER,Max,Verstappen,red_bull,Red Bull,2,1,1,25.0,56,Finished,6131687,1:42:11.687,1
2022,19,United States Grand Prix,americas,Circuit of the Americas,USA,hamilton,HAM,Lewis,Hamilton,mercedes,Mercedes,3,2,2,18.0,56,Finished,6136710,+5.023,1
2022,19,United States Grand Prix,americas,Circuit of the Americas,USA,leclerc,LEC,Charles,Leclerc,ferrari,Ferrari,12,3,3,15.0,56,Finished,6139188,+7.501,9
2022,19,United States Grand Prix,americas,Circuit of the Americas,USA,perez,PER,Sergio,Pérez,red_bull,Red Bull,9,4,4,12.0,56,Finished,6139980,+8.293,5
2022,19,United States Grand Prix,americas,Circuit of the Americas,USA,russell,RUS,George,Russell,mercedes,Mercedes,4,5,5,11.0,56,Finished,6176502,+44.815,-1
2022,19,United States Grand Prix,americas,Circuit of the Americas,USA,norris,NOR,Lando,Norris,mclaren,McLaren,6,6,6,8.0,56,Finished,6185472,+53.785,0
2022,19,United States Grand Prix,americas,Circuit of the Americas,USA,alonso,ALO,Fernando,Alonso,alpine,Alpine F1 Team,14,7,7,6.0,56,Finished,6186765,+55.078,7
2022,19,United States Grand Prix,americas,Circuit of the Americas,USA,vettel,VET,Sebastian,Vettel,aston_martin,Aston Martin,10,8,8,4.0,56,Finished,6197041,+1:05.354,2
2022,19,United States Grand Prix,americas,Circuit of the Americas,USA,kevin_magnussen,MAG,Kevin,Magnussen,haas,Haas F1 Team,13,9,9,2.0,56,Finished,6197521,+1:05.834,4
2022,19,United States Grand Prix,americas,Circuit of the Americas,USA,tsunoda,TSU,Yuki,Tsunoda,alphatauri,AlphaTauri,19,10,10,1.0,56,Finished,6202606,+1:10.919,9
2022,19,United States Grand Prix,americas,Circuit of the Americas,USA,ocon,OCO,Esteban,Ocon,alpine,Alpine F1 Team,0,11,11,0.0,56,Finished,6204562,+1:12.875,-11
2022,19,United States Grand Prix,americas,Circuit of the Americas,USA,zhou,ZHO,Guanyu,Zhou,alfa,Alfa Romeo,18,12,12,0.0,56,Finished,6207851,+1:16.164,6
2022,19,United States Grand Prix,americas,Circuit of the Americas,USA,albon,ALB,Alexander,Albon,williams,Williams,8,13,13,0.0,56,Finished,6211744,+1:20.057,-5
2022,19,United States Grand Prix,americas,Circuit of the Americas,USA,gasly,GAS,Pierre,Gasly,alphatauri,AlphaTauri,11,14,14,0.0,56,Finished,6213450,+1:21.763,-3
2022,19,United States Grand Prix,americas,Circuit of the Americas,USA,mick_schumacher,MSC,Mick,Schumacher,haas,Haas F1 Team,16,15,15,0.0,56,Finished,6216177,+1:24.490,1
2022,19,United States Grand Prix,americas,Circuit of the Americas,USA,ricciardo,RIC,Daniel,Ricciardo,mclaren,McLaren,15,16,16,0.0,56,Finished,6222174,+1:30.487,-1
2022,19,United States Grand Prix,americas,Circuit of the Americas,USA,latifi,LAT,Nicholas,Latifi,williams,Williams,17,17,17,0.0,56,Finished,6235275,+1:43.588,0
2022,19,United States Grand Prix,americas,Circuit of the Americas,USA,stroll,STR,Lance,Stroll,aston_martin,Aston Martin,5,18,R,0.0,21,Collision,,,-13
2022,19,United States Grand Prix,americas,Circuit of the Americas,USA,bottas,BOT,Valtteri,Bottas,alfa,Alfa Romeo,7,19,R,0.0,16,Spun off,,,-12
2022,19,United States Grand Prix,americas,Circuit of the Americas,USA,sainz,SAI,Carlos,Sainz,ferrari,Ferrari,1,20,R,0.0,1,Collision damage,,,-19
2022,20,Mexico City Grand Prix,rodriguez,Autódromo Hermanos Rodríguez,Mexico,max_verstappen,VER,Max,Verstappen,red_bull,Red Bull,1,1,1,25.0,71,Finished,5916729,1:38:36.729,0
2022,20,Mexico City Grand Prix,rodriguez,Autódromo Hermanos Rodríguez,Mexico,hamilton,HAM,Lewis,Hamilton,mercedes,Mercedes,3,2,2,18.0,71,Finished,5931915,+15.186,1
2022,20,Mexico City Grand Prix,rodriguez,Autódromo Hermanos Rodríguez,Mexico,perez,PER,Sergio,Pérez,red_bull,Red Bull,4,3,3,15.0,71,Finished,5934826,+18.097,1
2022,20,Mexico City Grand Prix,rodriguez,Autódromo Hermanos Rodríguez,Mexico,russell,RUS,George,Russell,mercedes,Mercedes,2,4,4,13.0,71,Finished,5966160,+49.431,-2
2022,20,Mexico City Grand Prix,rodriguez,Autódromo Hermanos Rodríguez,Mexico,sainz,SAI,Carlos,Sainz,ferrari,Ferrari,5,5,5,10.0,71,Finished,5974852,+58.123,0
2022,20,Mexico City Grand Prix,rodriguez,Autódromo Hermanos Rodríguez,Mexico,leclerc,LEC,Charles,Leclerc,ferrari,Ferrari,7,6,6,8.0,71,Finished,5985503,+1:08.774,1
2022,20,Mexico City Grand Prix,rodriguez,Autódromo Hermanos Rodríguez,Mexico,ricciardo,RIC,Daniel,Ricciardo,mclaren,McLaren,11,7,7,6.0,70,+1 Lap,,,4
2022,20,Mexico City Grand Prix,rodriguez,Autódromo Hermanos Rodríguez,Mexico,ocon,OCO,Esteban,Ocon,alpine,Alpine F1 Team,10,8,8,4.0,70,+1 Lap,,,2
2022,20,Mexico City Grand Prix,rodriguez,Autódromo Hermanos Rodríguez,Mexico,norris,NOR,Lando,Norris,mclaren,McLaren,8,9,9,2.0,70,+1 Lap,,,-1
2022,20,Mexico City Grand Prix,rodriguez,Autódromo Hermanos Rodríguez,Mexico,bottas,BOT,Valtteri,Bottas,alfa,Alfa Romeo,6,10,10,1.0,70,+1 Lap,,,-4
2022,20,Mexico City Grand Prix,rodriguez,Autódromo Hermanos Rodríguez,Mexico,gasly,GAS,Pierre,Gasly,alphatauri,AlphaTauri,14,11,11,0.0,70,+1 Lap,,,3
2022,20,Mexico City Grand Prix,rodriguez,Autódromo Hermanos Rodríguez,Mexico,albon,ALB,Alexander,Albon,williams,Williams,17,12,12,0.0,70,+1 Lap,,,5
2022,20,Mexico City Grand Prix,rodriguez,Autódromo Hermanos Rodríguez,Mexico,zhou,ZHO,Guanyu,Zhou,alfa,Alfa Romeo,12,13,13,0.0,70,+1 Lap,,,-1
2022,20,Mexico City Grand Prix,rodriguez,Autódromo Hermanos Rodríguez,Mexico,vettel,VET,Sebastian,Vettel,aston_martin,Aston Martin,16,14,14,0.0,70,+1 Lap,,,2
2022,20,Mexico City Grand Prix,rodriguez,Autódromo Hermanos Rodríguez,Mexico,stroll,STR,Lance,Stroll,aston_martin,Aston Martin,20,15,15,0.0,70,+1 Lap,,,5
2022,20,Mexico City Grand Prix,rodriguez,Autódromo Hermanos Rodríguez,Mexico,mick_schumacher,MSC,Mick,Schumacher,haas,Haas F1 Team,15,16,16,0.0,70,+1 Lap,,,-1
2022,20,Mexico City Grand Prix,rodriguez,Autódromo Hermanos Rodríguez,Mexico,kevin_magnussen,MAG,Kevin,Magnussen,haas,Haas F1 Team,19,17,17,0.0,70,+1 Lap,,,2
2022,20,Mexico City Grand Prix,rodriguez,Autódromo Hermanos Rodríguez,Mexico,latifi,LAT,Nicholas,Latifi,williams,Williams,18,18,18,0.0,69,+2 Laps,,,0
2022,20,Mexico City Grand Prix,rodriguez,Autódromo Hermanos Rodríguez,Mexico,alonso,ALO,Fernando,Alonso,alpine,Alpine F1 Team,9,19,19,0.0,63,Engine,,,-10
2022,20,Mexico City Grand Prix,rodriguez,Autódromo Hermanos Rodríguez,Mexico,tsunoda,TSU,Yuki,Tsunoda,alphatauri,AlphaTauri,13,20,R,0.0,50,Collision damage,,,-7
2022,21,São Paulo Grand Prix,interlagos,Autódromo José Carlos Pace,Brazil,russell,RUS,George,Russell,mercedes,Mercedes,1,1,1,26.0,71,Finished,5914044,1:38:34.044,0
2022,21,São Paulo Grand Prix,interlagos,Autódromo José Carlos Pace,Brazil,hamilton,HAM,Lewis,Hamilton,mercedes,Mercedes,2,2,2,18.0,71,Finished,5915573,+1.529,0
2022,21,São Paulo Grand Prix,interlagos,Autódromo José Carlos Pace,Brazil,sainz,SAI,Carlos,Sainz,ferrari,Ferrari,7,3,3,15.0,71,Finished,5918095,+4.051,4
2022,21,São Paulo Grand Prix,interlagos,Autódromo José Carlos Pace,Brazil,leclerc,LEC,Charles,Leclerc,ferrari,Ferrari,5,4,4,12.0,71,Finished,5922485,+8.441,1
2022,21,São Paulo Grand Prix,interlagos,Autódromo José Carlos Pace,Brazil,alonso,ALO,Fernando,Alonso,alpine,Alpine F1 Team,17,5,5,10.0,71,Finished,5923605,+9.561,12
2022,21,São Paulo Grand Prix,interlagos,Autódromo José Carlos Pace,Brazil,max_verstappen,VER,Max,Verstappen,red_bull,Red Bull,3,6,6,8.0,71,Finished,5924100,+10.056,-3
2022,21,São Paulo Grand Prix,interlagos,Autódromo José Carlos Pace,Brazil,perez,PER,Sergio,Pérez,red_bull,Red Bull,4,7,7,6.0,71,Finished,5928124,+14.080,-3
2022,21,São Paulo Grand Prix,interlagos,Autódromo José Carlos Pace,Brazil,ocon,OCO,Esteban,Ocon,alpine,Alpine F1 Team,16,8,8,4.0,71,Finished,5932734,+18.690,8
2022,21,São Paulo Grand Prix,interlagos,Autódromo José Carlos Pace,Brazil,bottas,BOT,Valtteri,Bottas,alfa,Alfa Romeo,14,9,9,2.0,71,Finished,5936596,+22.552,5
2022,21,São Paulo Grand Prix,interlagos,Autódromo José Carlos Pace,Brazil,stroll,STR,Lance,Stroll,aston_martin,Aston Martin,15,10,10,1.0,71,Finished,5937596,+23.552,5
2022,21,São Paulo Grand Prix,interlagos,Autódromo José Carlos Pace,Brazil,vettel,VET,Sebastian,Vettel,aston_martin,Aston Martin,9,11,11,0.0,71,Finished,5940227,+26.183,-2
2022,21,São Paulo Grand Prix,interlagos,Autódromo José Carlos Pace,Brazil,zhou,ZHO,Guanyu,Zhou,alfa,Alfa Romeo,13,12,12,0.0,71,Finished,5943369,+29.325,1
2022,21,São Paulo Grand Prix,interlagos,Autódromo José Carlos Pace,Brazil,mick_schumacher,MSC,Mick,Schumacher,haas,Haas F1 Team,12,13,13,0.0,71,Finished,5943943,+29.899,-1
2022,21,São Paulo Grand Prix,interlagos,Autódromo José Carlos Pace,Brazil,gasly,GAS,Pierre,Gasly,alphatauri,AlphaTauri,10,14,14,0.0,71,Finished,5945911,+31.867,-4
2022,21,São Paulo Grand Prix,interlagos,Autódromo José Carlos Pace,Brazil,albon,ALB,Alexander,Albon,williams,Williams,19,15,15,0.0,71,Finished,5950060,+36.016,4
2022,21,São Paulo Grand Prix,interlagos,Autódromo José Carlos Pace,Brazil,latifi,LAT,Nicholas,Latifi,williams,Williams,18,16,16,0.0,71,Finished,5951082,+37.038,2
2022,21,São Paulo Grand Prix,interlagos,Autódromo José Carlos Pace,Brazil,tsunoda,TSU,Yuki,Tsunoda,alphatauri,AlphaTauri,0,17,17,0.0,70,+1 Lap,,,-17
2022,21,São Paulo Grand Prix,interlagos,Autódromo José Carlos Pace,Brazil,norris,NOR,Lando,Norris,mclaren,McLaren,6,18,R,0.0,50,Gearbox,,,-12
2022,21,São Paulo Grand Prix,interlagos,Autódromo José Carlos Pace,Brazil,kevin_magnussen,MAG,Kevin,Magnussen,haas,Haas F1 Team,8,19,R,0.0,0,Collision,,,-11
2022,21,São Paulo Grand Prix,interlagos,Autódromo José Carlos Pace,Brazil,ricciardo,RIC,Daniel,Ricciardo,mclaren,McLaren,11,20,R,0.0,0,Collision,,,-9
2022,22,Abu Dhabi Grand Prix,yas_marina,Yas Marina Circuit,UAE,max_verstappen,VER,Max,Verstappen,red_bull,Red Bull,1,1,1,25.0,58,Finished,5265914,1:27:45.914,0
2022,22,Abu Dhabi Grand Prix,yas_marina,Yas Marina Circuit,UAE,leclerc,LEC,Charles,Leclerc,ferrari,Ferrari,3,2,2,18.0,58,Finished,5274685,+8.771,1
2022,22,Abu Dhabi Grand Prix,yas_marina,Yas Marina Circuit,UAE,perez,PER,Sergio,Pérez,red_bull,Red Bull,2,3,3,15.0,58,Finished,5276007,+10.093,-1
2022,22,Abu Dhabi Grand Prix,yas_marina,Yas Marina Circuit,UAE,sainz,SAI,Carlos,Sainz,ferrari,Ferrari,4,4,4,12.0,58,Finished,5290806,+24.892,0
2022,22,Abu Dhabi Grand Prix,yas_marina,Yas Marina Circuit,UAE,russell,RUS,George,Russell,mercedes,Mercedes,6,5,5,10.0,58,Finished,5301802,+35.888,1
2022,22,Abu Dhabi Grand Prix,yas_marina,Yas Marina Circuit,UAE,norris,NOR,Lando,Norris,mclaren,McLaren,7,6,6,9.0,58,Finished,5322148,+56.234,1
2022,22,Abu Dhabi Grand Prix,yas_marina,Yas Marina Circuit,UAE,ocon,OCO,Esteban,Ocon,alpine,Alpine F1 Team,8,7,7,6.0,58,Finished,5323154,+57.240,1
2022,22,Abu Dhabi Grand Prix,yas_marina,Yas Marina Circuit,UAE,stroll,STR,Lance,Stroll,aston_martin,Aston Martin,14,8,8,4.0,58,Finished,5342845,+1:16.931,6
2022,22,Abu Dhabi Grand Prix,yas_marina,Yas Marina Circuit,UAE,ricciardo,RIC,Daniel,Ricciardo,mclaren,McLaren,13,9,9,2.0,58,Finished,5349182,+1:23.268,4
2022,22,Abu Dhabi Grand Prix,yas_marina,Yas Marina Circuit,UAE,vettel,VET,Sebastian,Vettel,aston_martin,Aston Martin,9,10,10,1.0,58,Finished,5349812,+1:23.898,-1
2022,22,Abu Dhabi Grand Prix,yas_marina,Yas Marina Circuit,UAE,tsunoda,TSU,Yuki,Tsunoda,alphatauri,AlphaTauri,11,11,11,0.0,58,Finished,5355285,+1:29.371,0
2022,22,Abu Dhabi Grand Prix,yas_marina,Yas Marina Circuit,UAE,zhou,ZHO,Guanyu,Zhou,alfa,Alfa Romeo,15,12,12,0.0,57,+1 Lap,,,3
2022,22,Abu Dhabi Grand Prix,yas_marina,Yas Marina Circuit,UAE,albon,ALB,Alexander,Albon,williams,Williams,19,13,13,0.0,57,+1 Lap,,,6
2022,22,Abu Dhabi Grand Prix,yas_marina,Yas Marina Circuit,UAE,gasly,GAS,Pierre,Gasly,alphatauri,AlphaTauri,17,14,14,0.0,57,+1 Lap,,,3
2022,22,Abu Dhabi Grand Prix,yas_marina,Yas Marina Circuit,UAE,bottas,BOT,Valtteri,Bottas,alfa,Alfa Romeo,18,15,15,0.0,57,+1 Lap,,,3
2022,22,Abu Dhabi Grand Prix,yas_marina,Yas Marina Circuit,UAE,mick_schumacher,MSC,Mick,Schumacher,haas,Haas F1 Team,12,16,16,0.0,57,+1 Lap,,,-4
2022,22,Abu Dhabi Grand Prix,yas_marina,Yas Marina Circuit,UAE,kevin_magnussen,MAG,Kevin,Magnussen,haas,Haas F1 Team,16,17,17,0.0,57,+1 Lap,,,-1
2022,22,Abu Dhabi Grand Prix,yas_marina,Yas Marina Circuit,UAE,hamilton,HAM,Lewis,Hamilton,mercedes,Mercedes,5,18,18,0.0,55,Hydraulics,,,-13
2022,22,Abu Dhabi Grand Prix,yas_marina,Yas Marina Circuit,UAE,latifi,LAT,Nicholas,Latifi,williams,Williams,20,19,19,0.0,55,Collision damage,,,1
2022,22,Abu Dhabi Grand Prix,yas_marina,Yas Marina Circuit,UAE,alonso,ALO,Fernando,Alonso,alpine,Alpine F1 Team,10,20,R,0.0,27,Water leak,,,-10
2023,1,Bahrain Grand Prix,bahrain,Bahrain International Circuit,Bahrain,max_verstappen,VER,Max,Verstappen,red_bull,Red Bull,1,1,1,25.0,57,Finished,5636736,1:33:56.736,0
2023,1,Bahrain Grand Prix,bahrain,Bahrain International Circuit,Bahrain,perez,PER,Sergio,Pérez,red_bull,Red Bull,2,2,2,18.0,57,Finished,5648723,+11.987,0
2023,1,Bahrain Grand Prix,bahrain,Bahrain International Circuit,Bahrain,alonso,ALO,Fernando,Alonso,aston_martin,Aston Martin,5,3,3,15.0,57,Finished,5675373,+38.637,2
2023,1,Bahrain Grand Prix,bahrain,Bahrain International Circuit,Bahrain,sainz,SAI,Carlos,Sainz,ferrari,Ferrari,4,4,4,12.0,57,Finished,5684788,+48.052,0
2023,1,Bahrain Grand Prix,bahrain,Bahrain International Circuit,Bahrain,hamilton,HAM,Lewis,Hamilton,mercedes,Mercedes,7,5,5,10.0,57,Finished,5687713,+50.977,2
2023,1,Bahrain Grand Prix,bahrain,Bahrain International Circuit,Bahrain,stroll,STR,Lance,Stroll,aston_martin,Aston Martin,8,6,6,8.0,57,Finished,5691238,+54.502,2
2023,1,Bahrain Grand Prix,bahrain,Bahrain International Circuit,Bahrain,russell,RUS,George,Russell,mercedes,Mercedes,6,7,7,6.0,57,Finished,5692609,+55.873,-1
2023,1,Bahrain Grand Prix,bahrain,Bahrain International Circuit,Bahrain,bottas,BOT,Valtteri,Bottas,alfa,Alfa Romeo,12,8,8,4.0,57,Finished,5709383,+1:12.647,4
2023,1,Bahrain Grand Prix,bahrain,Bahrain International Circuit,Bahrain,gasly,GAS,Pierre,Gasly,alpine,Alpine F1 Team,20,9,9,2.0,57,Finished,5710489,+1:13.753,11
2023,1,Bahrain Grand Prix,bahrain,Bahrain International Circuit,Bahrain,albon,ALB,Alexander,Albon,williams,Williams,15,10,10,1.0,57,Finished,5726510,+1:29.774,5
2023,1,Bahrain Grand Prix,bahrain,Bahrain International Circuit,Bahrain,tsunoda,TSU,Yuki,Tsunoda,alphatauri,AlphaTauri,14,11,11,0.0,57,Finished,5727606,+1:30.870,3
2023,1,Bahrain Grand Prix,bahrain,Bahrain International Circuit,Bahrain,sargeant,SAR,Logan,Sargeant,williams,Williams,16,12,12,0.0,56,Lapped,5637872,+1.136,4
2023,1,Bahrain Grand Prix,bahrain,Bahrain International Circuit,Bahrain,kevin_magnussen,MAG,Kevin,Magnussen,haas,Haas F1 Team,17,13,13,0.0,56,Lapped,5653493,+16.757,4
2023,1,Bahrain Grand Prix,bahrain,Bahrain International Circuit,Bahrain,de_vries,DEV,Nyck,de Vries,alphatauri,AlphaTauri,19,14,14,0.0,56,Lapped,5659259,+22.523,5
2023,1,Bahrain Grand Prix,bahrain,Bahrain International Circuit,Bahrain,hulkenberg,HUL,Nico,Hülkenberg,haas,Haas F1 Team,10,15,15,0.0,56,Lapped,5675647,+38.911,-5
2023,1,Bahrain Grand Prix,bahrain,Bahrain International Circuit,Bahrain,zhou,ZHO,Guanyu,Zhou,alfa,Alfa Romeo,13,16,16,0.0,56,Lapped,5676385,+39.649,-3
2023,1,Bahrain Grand Prix,bahrain,Bahrain International Circuit,Bahrain,norris,NOR,Lando,Norris,mclaren,McLaren,11,17,17,0.0,55,Lapped,5643372,+6.636,-6
2023,1,Bahrain Grand Prix,bahrain,Bahrain International Circuit,Bahrain,ocon,OCO,Esteban,Ocon,alpine,Alpine F1 Team,9,18,R,0.0,41,Retired,,,-9
2023,1,Bahrain Grand Prix,bahrain,Bahrain International Circuit,Bahrain,leclerc,LEC,Charles,Leclerc,ferrari,Ferrari,3,19,R,0.0,39,Retired,,,-16
2023,1,Bahrain Grand Prix,bahrain,Bahrain International Circuit,Bahrain,piastri,PIA,Oscar,Piastri,mclaren,McLaren,18,20,R,0.0,13,Retired,,,-2
2023,2,Saudi Arabian Grand Prix,jeddah,Jeddah Corniche Circuit,Saudi Arabia,perez,PER,Sergio,Pérez,red_bull,Red Bull,1,1,1,25.0,50,Finished,4874894,1:21:14.894,0
2023,2,Saudi Arabian Grand Prix,jeddah,Jeddah Corniche Circuit,Saudi Arabia,max_verstappen,VER,Max,Verstappen,red_bull,Red Bull,15,2,2,19.0,50,Finished,4880249,+5.355,13
2023,2,Saudi Arabian Grand Prix,jeddah,Jeddah Corniche Circuit,Saudi Arabia,alonso,ALO,Fernando,Alonso,aston_martin,Aston Martin,2,3,3,15.0,50,Finished,4895622,+20.728,-1
2023,2,Saudi Arabian Grand Prix,jeddah,Jeddah Corniche Circuit,Saudi Arabia,russell,RUS,George,Russell,mercedes,Mercedes,3,4,4,12.0,50,Finished,4900760,+25.866,-1
2023,2,Saudi Arabian Grand Prix,jeddah,Jeddah Corniche Circuit,Saudi Arabia,hamilton,HAM,Lewis,Hamilton,mercedes,Mercedes,7,5,5,10.0,50,Finished,4905959,+31.065,2
2023,2,Saudi Arabian Grand Prix,jeddah,Jeddah Corniche Circuit,Saudi Arabia,sainz,SAI,Carlos,Sainz,ferrari,Ferrari,4,6,6,8.0,50,Finished,4910770,+35.876,-2
2023,2,Saudi Arabian Grand Prix,jeddah,Jeddah Corniche Circuit,Saudi Arabia,leclerc,LEC,Charles,Leclerc,ferrari,Ferrari,12,7,7,6.0,50,Finished,4918056,+43.162,5
2023,2,Saudi Arabian Grand Prix,jeddah,Jeddah Corniche Circuit,Saudi Arabia,ocon,OCO,Esteban,Ocon,alpine,Alpine F1 Team,6,8,8,4.0,50,Finished,4927726,+52.832,-2
2023,2,Saudi Arabian Grand Prix,jeddah,Jeddah Corniche Circuit,Saudi Arabia,gasly,GAS,Pierre,Gasly,alpine,Alpine F1 Team,9,9,9,2.0,50,Finished,4929641,+54.747,0
2023,2,Saudi Arabian Grand Prix,jeddah,Jeddah Corniche Circuit,Saudi Arabia,kevin_magnussen,MAG,Kevin,Magnussen,haas,Haas F1 Team,13,10,10,1.0,50,Finished,4939720,+1:04.826,3
2023,2,Saudi Arabian Grand Prix,jeddah,Jeddah Corniche Circuit,Saudi Arabia,tsunoda,TSU,Yuki,Tsunoda,alphatauri,AlphaTauri,16,11,11,0.0,50,Finished,4942388,+1:07.494,5
2023,2,Saudi Arabian Grand Prix,jeddah,Jeddah Corniche Circuit,Saudi Arabia,hulkenberg,HUL,Nico,Hülkenberg,haas,Haas F1 Team,10,12,12,0.0,50,Finished,4945482,+1:10.588,-2
2023,2,Saudi Arabian Grand Prix,jeddah,Jeddah Corniche Circuit,Saudi Arabia,zhou,ZHO,Guanyu,Zhou,alfa,Alfa Romeo,11,13,13,0.0,50,Finished,4950954,+1:16.060,-2
2023,2,Saudi Arabian Grand Prix,jeddah,Jeddah Corniche Circuit,Saudi Arabia,de_vries,DEV,Nyck,de Vries,alphatauri,AlphaTauri,18,14,14,0.0,50,Finished,4952372,+1:17.478,4
2023,2,Saudi Arabian Grand Prix,jeddah,Jeddah Corniche Circuit,Saudi Arabia,piastri,PIA,Oscar,Piastri,mclaren,McLaren,8,15,15,0.0,50,Finished,4959915,+1:25.021,-7
2023,2,Saudi Arabian Grand Prix,jeddah,Jeddah Corniche Circuit,Saudi Arabia,sargeant,SAR,Logan,Sargeant,williams,Williams,20,16,16,0.0,50,Finished,4961187,+1:26.293,4
2023,2,Saudi Arabian Grand Prix,jeddah,Jeddah Corniche Circuit,Saudi Arabia,norris,NOR,Lando,Norris,mclaren,McLaren,19,17,17,0.0,50,Finished,4961339,+1:26.445,2
2023,2,Saudi Arabian Grand Prix,jeddah,Jeddah Corniche Circuit,Saudi Arabia,bottas,BOT,Valtteri,Bottas,alfa,Alfa Romeo,14,18,18,0.0,49,Lapped,4904478,+29.584,-4
2023,2,Saudi Arabian Grand Prix,jeddah,Jeddah Corniche Circuit,Saudi Arabia,albon,ALB,Alexander,Albon,williams,Williams,17,19,R,0.0,27,Retired,,,-2
2023,2,Saudi Arabian Grand Prix,jeddah,Jeddah Corniche Circuit,Saudi Arabia,stroll,STR,Lance,Stroll,aston_martin,Aston Martin,5,20,R,0.0,16,Retired,,,-15
2023,3,Australian Grand Prix,albert_park,Albert Park Grand Prix Circuit,Australia,max_verstappen,VER,Max,Verstappen,red_bull,Red Bull,1,1,1,25.0,58,Finished,9158371,2:32:38.371,0
2023,3,Australian Grand Prix,albert_park,Albert Park Grand Prix Circuit,Australia,hamilton,HAM,Lewis,Hamilton,mercedes,Mercedes,3,2,2,18.0,58,Finished,9158550,+0.179,1
2023,3,Australian Grand Prix,albert_park,Albert Park Grand Prix Circuit,Australia,alonso,ALO,Fernando,Alonso,aston_martin,Aston Martin,4,3,3,15.0,58,Finished,9159140,+0.769,1
2023,3,Australian Grand Prix,albert_park,Albert Park Grand Prix Circuit,Australia,stroll,STR,Lance,Stroll,aston_martin,Aston Martin,6,4,4,12.0,58,Finished,9161453,+3.082,2
2023,3,Australian Grand Prix,albert_park,Albert Park Grand Prix Circuit,Australia,perez,PER,Sergio,Pérez,red_bull,Red Bull,20,5,5,11.0,58,Finished,9161691,+3.320,15
2023,3,Australian Grand Prix,albert_park,Albert Park Grand Prix Circuit,Australia,norris,NOR,Lando,Norris,mclaren,McLaren,13,6,6,8.0,58,Finished,9162072,+3.701,7
2023,3,Australian Grand Prix,albert_park,Albert Park Grand Prix Circuit,Australia,hulkenberg,HUL,Nico,Hülkenberg,haas,Haas F1 Team,10,7,7,6.0,58,Finished,9163310,+4.939,3
2023,3,Australian Grand Prix,albert_park,Albert Park Grand Prix Circuit,Australia,piastri,PIA,Oscar,Piastri,mclaren,McLaren,16,8,8,4.0,58,Finished,9163753,+5.382,8
2023,3,Australian Grand Prix,albert_park,Albert Park Grand Prix Circuit,Australia,zhou,ZHO,Guanyu,Zhou,alfa,Alfa Romeo,17,9,9,2.0,58,Finished,9164084,+5.713,8
2023,3,Australian Grand Prix,albert_park,Albert Park Grand Prix Circuit,Australia,tsunoda,TSU,Yuki,Tsunoda,alphatauri,AlphaTauri,12,10,10,1.0,58,Finished,9164423,+6.052,2
2023,3,Australian Grand Prix,albert_park,Albert Park Grand Prix Circuit,Australia,bottas,BOT,Valtteri,Bottas,alfa,Alfa Romeo,19,11,11,0.0,58,Finished,9164884,+6.513,8
2023,3,Australian Grand Prix,albert_park,Albert Park Grand Prix Circuit,Australia,sainz,SAI,Carlos,Sainz,ferrari,Ferrari,5,12,12,0.0,58,Finished,9164965,+6.594,-7
2023,3,Australian Grand Prix,albert_park,Albert Park Grand Prix Circuit,Australia,gasly,GAS,Pierre,Gasly,alpine,Alpine F1 Team,9,13,13,0.0,56,Retired,7003407,,-4
2023,3,Australian Grand Prix,albert_park,Albert Park Grand Prix Circuit,Australia,ocon,OCO,Esteban,Ocon,alpine,Alpine F1 Team,11,14,14,0.0,56,Retired,7004780,,-3
2023,3,Australian Grand Prix,albert_park,Albert Park Grand Prix Circuit,Australia,de_vries,DEV,Nyck,de Vries,alphatauri,AlphaTauri,15,15,15,0.0,56,Retired,7005713,,0
2023,3,Australian Grand Prix,albert_park,Albert Park Grand Prix Circuit,Australia,sargeant,SAR,Logan,Sargeant,williams,Williams,18,16,16,0.0,56,Retired,7005930,,2
2023,3,Australian Grand Prix,albert_park,Albert Park Grand Prix Circuit,Australia,kevin_magnussen,MAG,Kevin,Magnussen,haas,Haas F1 Team,14,17,17,0.0,52,Retired,5634610,,-3
2023,3,Australian Grand Prix,albert_park,Albert Park Grand Prix Circuit,Australia,russell,RUS,George,Russell,mercedes,Mercedes,2,18,R,0.0,17,Retired,,,-16
2023,3,Australian Grand Prix,albert_park,Albert Park Grand Prix Circuit,Australia,albon,ALB,Alexander,Albon,williams,Williams,8,19,R,0.0,6,Retired,,,-11
2023,3,Australian Grand Prix,albert_park,Albert Park Grand Prix Circuit,Australia,leclerc,LEC,Charles,Leclerc,ferrari,Ferrari,7,20,R,0.0,0,Retired,,,-13
2023,4,Azerbaijan Grand Prix,baku,Baku City Circuit,Azerbaijan,perez,PER,Sergio,Pérez,red_bull,Red Bull,3,1,1,25.0,51,Finished,5562436,1:32:42.436,2
2023,4,Azerbaijan Grand Prix,baku,Baku City Circuit,Azerbaijan,max_verstappen,VER,Max,Verstappen,red_bull,Red Bull,2,2,2,18.0,51,Finished,5564573,+2.137,0
2023,4,Azerbaijan Grand Prix,baku,Baku City Circuit,Azerbaijan,leclerc,LEC,Charles,Leclerc,ferrari,Ferrari,1,3,3,15.0,51,Finished,5583653,+21.217,-2
2023,4,Azerbaijan Grand Prix,baku,Baku City Circuit,Azerbaijan,alonso,ALO,Fernando,Alonso,aston_martin,Aston Martin,6,4,4,12.0,51,Finished,5584460,+22.024,2
2023,4,Azerbaijan Grand Prix,baku,Baku City Circuit,Azerbaijan,sainz,SAI,Carlos,Sainz,ferrari,Ferrari,4,5,5,10.0,51,Finished,5607927,+45.491,-1
2023,4,Azerbaijan Grand Prix,baku,Baku City Circuit,Azerbaijan,hamilton,HAM,Lewis,Hamilton,mercedes,Mercedes,5,6,6,8.0,51,Finished,5608581,+46.145,-1
2023,4,Azerbaijan Grand Prix,baku,Baku City Circuit,Azerbaijan,stroll,STR,Lance,Stroll,aston_martin,Aston Martin,9,7,7,6.0,51,Finished,5614053,+51.617,2
2023,4,Azerbaijan Grand Prix,baku,Baku City Circuit,Azerbaijan,russell,RUS,George,Russell,mercedes,Mercedes,11,8,8,5.0,51,Finished,5636676,+1:14.240,3
2023,4,Azerbaijan Grand Prix,baku,Baku City Circuit,Azerbaijan,norris,NOR,Lando,Norris,mclaren,McLaren,7,9,9,2.0,51,Finished,5642812,+1:20.376,-2
2023,4,Azerbaijan Grand Prix,baku,Baku City Circuit,Azerbaijan,tsunoda,TSU,Yuki,Tsunoda,alphatauri,AlphaTauri,8,10,10,1.0,51,Finished,5646298,+1:23.862,-2
2023,4,Azerbaijan Grand Prix,baku,Baku City Circuit,Azerbaijan,piastri,PIA,Oscar,Piastri,mclaren,McLaren,10,11,11,0.0,51,Finished,5648937,+1:26.501,-1
2023,4,Azerbaijan Grand Prix,baku,Baku City Circuit,Azerbaijan,albon,ALB,Alexander,Albon,williams,Williams,12,12,12,0.0,51,Finished,5651059,+1:28.623,0
2023,4,Azerbaijan Grand Prix,baku,Baku City Circuit,Azerbaijan,kevin_magnussen,MAG,Kevin,Magnussen,haas,Haas F1 Team,16,13,13,0.0,51,Finished,5652165,+1:29.729,3
2023,4,Azerbaijan Grand Prix,baku,Baku City Circuit,Azerbaijan,gasly,GAS,Pierre,Gasly,alpine,Alpine F1 Team,17,14,14,0.0,51,Finished,5653768,+1:31.332,3
2023,4,Azerbaijan Grand Prix,baku,Baku City Circuit,Azerbaijan,ocon,OCO,Esteban,Ocon,alpine,Alpine F1 Team,19,15,15,0.0,51,Finished,5660230,+1:37.794,4
2023,4,Azerbaijan Grand Prix,baku,Baku City Circuit,Azerbaijan,sargeant,SAR,Logan,Sargeant,williams,Williams,14,16,16,0.0,51,Finished,5663379,+1:40.943,-2
2023,4,Azerbaijan Grand Prix,baku,Baku City Circuit,Azerbaijan,hulkenberg,HUL,Nico,Hülkenberg,haas,Haas F1 Team,20,17,17,0.0,50,Lapped,5572373,+9.937,3
2023,4,Azerbaijan Grand Prix,baku,Baku City Circuit,Azerbaijan,bottas,BOT,Valtteri,Bottas,alfa,Alfa Romeo,13,18,18,0.0,50,Lapped,5581534,+19.098,-5
2023,4,Azerbaijan Grand Prix,baku,Baku City Circuit,Azerbaijan,zhou,ZHO,Guanyu,Zhou,alfa,Alfa Romeo,15,19,R,0.0,36,Retired,,,-4
2023,4,Azerbaijan Grand Prix,baku,Baku City Circuit,Azerbaijan,de_vries,DEV,Nyck,de Vries,alphatauri,AlphaTauri,18,20,R,0.0,9,Retired,,,-2
2023,5,Miami Grand Prix,miami,Miami International Autodrome,USA,max_verstappen,VER,Max,Verstappen,red_bull,Red Bull,9,1,1,26.0,57,Finished,5258241,1:27:38.241,8
2023,5,Miami Grand Prix,miami,Miami International Autodrome,USA,perez,PER,Sergio,Pérez,red_bull,Red Bull,1,2,2,18.0,57,Finished,5263625,+5.384,-1
2023,5,Miami Grand Prix,miami,Miami International Autodrome,USA,alonso,ALO,Fernando,Alonso,aston_martin,Aston Martin,2,3,3,15.0,57,Finished,5284546,+26.305,-1
2023,5,Miami Grand Prix,miami,Miami International Autodrome,USA,russell,RUS,George,Russell,mercedes,Mercedes,6,4,4,12.0,57,Finished,5291470,+33.229,2
2023,5,Miami Grand Prix,miami,Miami International Autodrome,USA,sainz,SAI,Carlos,Sainz,ferrari,Ferrari,3,5,5,10.0,57,Finished,5300752,+42.511,-2
2023,5,Miami Grand Prix,miami,Miami International Autodrome,USA,hamilton,HAM,Lewis,Hamilton,mercedes,Mercedes,13,6,6,8.0,57,Finished,5309490,+51.249,7
2023,5,Miami Grand Prix,miami,Miami International Autodrome,USA,leclerc,LEC,Charles,Leclerc,ferrari,Ferrari,7,7,7,6.0,57,Finished,5311229,+52.988,0
2023,5,Miami Grand Prix,miami,Miami International Autodrome,USA,gasly,GAS,Pierre,Gasly,alpine,Alpine F1 Team,5,8,8,4.0,57,Finished,5313911,+55.670,-3
2023,5,Miami Grand Prix,miami,Miami International Autodrome,USA,ocon,OCO,Esteban,Ocon,alpine,Alpine F1 Team,8,9,9,2.0,57,Finished,5316364,+58.123,-1
2023,5,Miami Grand Prix,miami,Miami International Autodrome,USA,kevin_magnussen,MAG,Kevin,Magnussen,haas,Haas F1 Team,4,10,10,1.0,57,Finished,5321186,+1:02.945,-6
2023,5,Miami Grand Prix,miami,Miami International Autodrome,USA,tsunoda,TSU,Yuki,Tsunoda,alphatauri,AlphaTauri,17,11,11,0.0,57,Finished,5322550,+1:04.309,6
2023,5,Miami Grand Prix,miami,Miami International Autodrome,USA,stroll,STR,Lance,Stroll,aston_martin,Aston Martin,18,12,12,0.0,57,Finished,5322995,+1:04.754,6
2023,5,Miami Grand Prix,miami,Miami International Autodrome,USA,bottas,BOT,Valtteri,Bottas,alfa,Alfa Romeo,10,13,13,0.0,57,Finished,5329878,+1:11.637,-3
2023,5,Miami Grand Prix,miami,Miami International Autodrome,USA,albon,ALB,Alexander,Albon,williams,Williams,11,14,14,0.0,57,Finished,5331102,+1:12.861,-3
2023,5,Miami Grand Prix,miami,Miami International Autodrome,USA,hulkenberg,HUL,Nico,Hülkenberg,haas,Haas F1 Team,12,15,15,0.0,57,Finished,5333191,+1:14.950,-3
2023,5,Miami Grand Prix,miami,Miami International Autodrome,USA,zhou,ZHO,Guanyu,Zhou,alfa,Alfa Romeo,14,16,16,0.0,57,Finished,5336681,+1:18.440,-2
2023,5,Miami Grand Prix,miami,Miami International Autodrome,USA,norris,NOR,Lando,Norris,mclaren,McLaren,16,17,17,0.0,57,Finished,5345958,+1:27.717,-1
2023,5,Miami Grand Prix,miami,Miami International Autodrome,USA,de_vries,DEV,Nyck,de Vries,alphatauri,AlphaTauri,15,18,18,0.0,57,Finished,5347190,+1:28.949,-3
2023,5,Miami Grand Prix,miami,Miami International Autodrome,USA,piastri,PIA,Oscar,Piastri,mclaren,McLaren,19,19,19,0.0,56,Lapped,5278751,+20.510,0
2023,5,Miami Grand Prix,miami,Miami International Autodrome,USA,sargeant,SAR,Logan,Sargeant,williams,Williams,20,20,20,0.0,56,Lapped,5292629,+34.388,0
2023,6,Monaco Grand Prix,monaco,Circuit de Monaco,Monaco,max_verstappen,VER,Max,Verstappen,red_bull,Red Bull,1,1,1,25.0,78,Finished,6531980,1:48:51.980,0
2023,6,Monaco Grand Prix,monaco,Circuit de Monaco,Monaco,alonso,ALO,Fernando,Alonso,aston_martin,Aston Martin,2,2,2,18.0,78,Finished,6559901,+27.921,0
2023,6,Monaco Grand Prix,monaco,Circuit de Monaco,Monaco,ocon,OCO,Esteban,Ocon,alpine,Alpine F1 Team,3,3,3,15.0,78,Finished,6568970,+36.990,0
2023,6,Monaco Grand Prix,monaco,Circuit de Monaco,Monaco,hamilton,HAM,Lewis,Hamilton,mercedes,Mercedes,5,4,4,13.0,78,Finished,6571042,+39.062,1
2023,6,Monaco Grand Prix,monaco,Circuit de Monaco,Monaco,russell,RUS,George,Russell,mercedes,Mercedes,8,5,5,10.0,78,Finished,6588264,+56.284,3
2023,6,Monaco Grand Prix,monaco,Circuit de Monaco,Monaco,leclerc,LEC,Charles,Leclerc,ferrari,Ferrari,6,6,6,8.0,78,Finished,6593870,+1:01.890,0
2023,6,Monaco Grand Prix,monaco,Circuit de Monaco,Monaco,gasly,GAS,Pierre,Gasly,alpine,Alpine F1 Team,7,7,7,6.0,78,Finished,6594342,+1:02.362,0
2023,6,Monaco Grand Prix,monaco,Circuit de Monaco,Monaco,sainz,SAI,Carlos,Sainz,ferrari,Ferrari,4,8,8,4.0,78,Finished,6595371,+1:03.391,-4
2023,6,Monaco Grand Prix,monaco,Circuit de Monaco,Monaco,norris,NOR,Lando,Norris,mclaren,McLaren,10,9,9,2.0,77,Lapped,6536041,+4.061,1
2023,6,Monaco Grand Prix,monaco,Circuit de Monaco,Monaco,piastri,PIA,Oscar,Piastri,mclaren,McLaren,11,10,10,1.0,77,Lapped,6545939,+13.959,1
2023,6,Monaco Grand Prix,monaco,Circuit de Monaco,Monaco,bottas,BOT,Valtteri,Bottas,alfa,Alfa Romeo,15,11,11,0.0,77,Lapped,6560943,+28.963,4
2023,6,Monaco Grand Prix,monaco,Circuit de Monaco,Monaco,de_vries,DEV,Nyck,de Vries,alphatauri,AlphaTauri,12,12,12,0.0,77,Lapped,6589297,+57.317,0
2023,6,Monaco Grand Prix,monaco,Circuit de Monaco,Monaco,zhou,ZHO,Guanyu,Zhou,alfa,Alfa Romeo,19,13,13,0.0,77,Lapped,6603832,+1:11.852,6
2023,6,Monaco Grand Prix,monaco,Circuit de Monaco,Monaco,albon,ALB,Alexander,Albon,williams,Williams,13,14,14,0.0,77,Lapped,6611190,+1:19.210,-1
2023,6,Monaco Grand Prix,monaco,Circuit de Monaco,Monaco,tsunoda,TSU,Yuki,Tsunoda,alphatauri,AlphaTauri,9,15,15,0.0,76,Lapped,6539525,+7.545,-6
2023,6,Monaco Grand Prix,monaco,Circuit de Monaco,Monaco,perez,PER,Sergio,Pérez,red_bull,Red Bull,20,16,16,0.0,76,Lapped,6581004,+49.024,4
2023,6,Monaco Grand Prix,monaco,Circuit de Monaco,Monaco,hulkenberg,HUL,Nico,Hülkenberg,haas,Haas F1 Team,18,17,17,0.0,76,Lapped,6590486,+58.506,1
2023,6,Monaco Grand Prix,monaco,Circuit de Monaco,Monaco,sargeant,SAR,Logan,Sargeant,williams,Williams,16,18,18,0.0,76,Lapped,6609963,+1:17.983,-2
2023,6,Monaco Grand Prix,monaco,Circuit de Monaco,Monaco,kevin_magnussen,MAG,Kevin,Magnussen,haas,Haas F1 Team,17,19,19,0.0,70,Retired,6156799,,-2
2023,6,Monaco Grand Prix,monaco,Circuit de Monaco,Monaco,stroll,STR,Lance,Stroll,aston_martin,Aston Martin,14,20,R,0.0,53,Retired,,,-6
2023,7,Spanish Grand Prix,catalunya,Circuit de Barcelona-Catalunya,Spain,max_verstappen,VER,Max,Verstappen,red_bull,Red Bull,1,1,1,26.0,66,Finished,5277940,1:27:57.940,0
2023,7,Spanish Grand Prix,catalunya,Circuit de Barcelona-Catalunya,Spain,hamilton,HAM,Lewis,Hamilton,mercedes,Mercedes,4,2,2,18.0,66,Finished,5302030,+24.090,2
2023,7,Spanish Grand Prix,catalunya,Circuit de Barcelona-Catalunya,Spain,russell,RUS,George,Russell,mercedes,Mercedes,12,3,3,15.0,66,Finished,5310329,+32.389,9
2023,7,Spanish Grand Prix,catalunya,Circuit de Barcelona-Catalunya,Spain,perez,PER,Sergio,Pérez,red_bull,Red Bull,11,4,4,12.0,66,Finished,5313752,+35.812,7
2023,7,Spanish Grand Prix,catalunya,Circuit de Barcelona-Catalunya,Spain,sainz,SAI,Carlos,Sainz,ferrari,Ferrari,2,5,5,10.0,66,Finished,5323638,+45.698,-3
2023,7,Spanish Grand Prix,catalunya,Circuit de Barcelona-Catalunya,Spain,stroll,STR,Lance,Stroll,aston_martin,Aston Martin,5,6,6,8.0,66,Finished,5341260,+1:03.320,-1
2023,7,Spanish Grand Prix,catalunya,Circuit de Barcelona-Catalunya,Spain,alonso,ALO,Fernando,Alonso,aston_martin,Aston Martin,8,7,7,6.0,66,Finished,5342067,+1:04.127,1
2023,7,Spanish Grand Prix,catalunya,Circuit de Barcelona-Catalunya,Spain,ocon,OCO,Esteban,Ocon,alpine,Alpine F1 Team,6,8,8,4.0,66,Finished,5347182,+1:09.242,-2
2023,7,Spanish Grand Prix,catalunya,Circuit de Barcelona-Catalunya,Spain,zhou,ZHO,Guanyu,Zhou,alfa,Alfa Romeo,13,9,9,2.0,66,Finished,5349818,+1:11.878,4
2023,7,Spanish Grand Prix,catalunya,Circuit de Barcelona-Catalunya,Spain,gasly,GAS,Pierre,Gasly,alpine,Alpine F1 Team,10,10,10,1.0,66,Finished,5351470,+1:13.530,0
2023,7,Spanish Grand Prix,catalunya,Circuit de Barcelona-Catalunya,Spain,leclerc,LEC,Charles,Leclerc,ferrari,Ferrari,19,11,11,0.0,66,Finished,5352359,+1:14.419,8
2023,7,Spanish Grand Prix,catalunya,Circuit de Barcelona-Catalunya,Spain,tsunoda,TSU,Yuki,Tsunoda,alphatauri,AlphaTauri,15,12,12,0.0,66,Finished,5353356,+1:15.416,3
2023,7,Spanish Grand Prix,catalunya,Circuit de Barcelona-Catalunya,Spain,piastri,PIA,Oscar,Piastri,mclaren,McLaren,9,13,13,0.0,65,Lapped,5282215,+4.275,-4
2023,7,Spanish Grand Prix,catalunya,Circuit de Barcelona-Catalunya,Spain,de_vries,DEV,Nyck,de Vries,alphatauri,AlphaTauri,14,14,14,0.0,65,Lapped,5283267,+5.327,0
2023,7,Spanish Grand Prix,catalunya,Circuit de Barcelona-Catalunya,Spain,hulkenberg,HUL,Nico,Hülkenberg,haas,Haas F1 Team,7,15,15,0.0,65,Lapped,5295237,+17.297,-8
2023,7,Spanish Grand Prix,catalunya,Circuit de Barcelona-Catalunya,Spain,albon,ALB,Alexander,Albon,williams,Williams,18,16,16,0.0,65,Lapped,5305648,+27.708,2
2023,7,Spanish Grand Prix,catalunya,Circuit de Barcelona-Catalunya,Spain,norris,NOR,Lando,Norris,mclaren,McLaren,3,17,17,0.0,65,Lapped,5308330,+30.390,-14
2023,7,Spanish Grand Prix,catalunya,Circuit de Barcelona-Catalunya,Spain,kevin_magnussen,MAG,Kevin,Magnussen,haas,Haas F1 Team,17,18,18,0.0,65,Lapped,5316020,+38.080,-1
2023,7,Spanish Grand Prix,catalunya,Circuit de Barcelona-Catalunya,Spain,bottas,BOT,Valtteri,Bottas,alfa,Alfa Romeo,16,19,19,0.0,65,Lapped,5327883,+49.943,-3
2023,7,Spanish Grand Prix,catalunya,Circuit de Barcelona-Catalunya,Spain,sargeant,SAR,Logan,Sargeant,williams,Williams,20,20,20,0.0,65,Lapped,5329617,+51.677,0
2023,8,Canadian Grand Prix,villeneuve,Circuit Gilles Villeneuve,Canada,max_verstappen,VER,Max,Verstappen,red_bull,Red Bull,1,1,1,25.0,70,Finished,5638348,1:33:58.348,0
2023,8,Canadian Grand Prix,villeneuve,Circuit Gilles Villeneuve,Canada,alonso,ALO,Fernando,Alonso,aston_martin,Aston Martin,2,2,2,18.0,70,Finished,5647918,+9.570,0
2023,8,Canadian Grand Prix,villeneuve,Circuit Gilles Villeneuve,Canada,hamilton,HAM,Lewis,Hamilton,mercedes,Mercedes,3,3,3,15.0,70,Finished,5652516,+14.168,0
2023,8,Canadian Grand Prix,villeneuve,Circuit Gilles Villeneuve,Canada,leclerc,LEC,Charles,Leclerc,ferrari,Ferrari,10,4,4,12.0,70,Finished,5656996,+18.648,6
2023,8,Canadian Grand Prix,villeneuve,Circuit Gilles Villeneuve,Canada,sainz,SAI,Carlos,Sainz,ferrari,Ferrari,11,5,5,10.0,70,Finished,5659888,+21.540,6
2023,8,Canadian Grand Prix,villeneuve,Circuit Gilles Villeneuve,Canada,perez,PER,Sergio,Pérez,red_bull,Red Bull,12,6,6,9.0,70,Finished,5689376,+51.028,6
2023,8,Canadian Grand Prix,villeneuve,Circuit Gilles Villeneuve,Canada,albon,ALB,Alexander,Albon,williams,Williams,9,7,7,6.0,70,Finished,5699161,+1:00.813,2
2023,8,Canadian Grand Prix,villeneuve,Circuit Gilles Villeneuve,Canada,ocon,OCO,Esteban,Ocon,alpine,Alpine F1 Team,6,8,8,4.0,70,Finished,5700040,+1:01.692,-2
2023,8,Canadian Grand Prix,villeneuve,Circuit Gilles Villeneuve,Canada,stroll,STR,Lance,Stroll,aston_martin,Aston Martin,16,9,9,2.0,70,Finished,5702750,+1:04.402,7
2023,8,Canadian Grand Prix,villeneuve,Circuit Gilles Villeneuve,Canada,bottas,BOT,Valtteri,Bottas,alfa,Alfa Romeo,14,10,10,1.0,70,Finished,5702780,+1:04.432,4
2023,8,Canadian Grand Prix,villeneuve,Circuit Gilles Villeneuve,Canada,piastri,PIA,Oscar,Piastri,mclaren,McLaren,8,11,11,0.0,70,Finished,5703449,+1:05.101,-3
2023,8,Canadian Grand Prix,villeneuve,Circuit Gilles Villeneuve,Canada,gasly,GAS,Pierre,Gasly,alpine,Alpine F1 Team,15,12,12,0.0,70,Finished,5703597,+1:05.249,3
2023,8,Canadian Grand Prix,villeneuve,Circuit Gilles Villeneuve,Canada,norris,NOR,Lando,Norris,mclaren,McLaren,7,13,13,0.0,70,Finished,5706711,+1:08.363,-6
2023,8,Canadian Grand Prix,villeneuve,Circuit Gilles Villeneuve,Canada,tsunoda,TSU,Yuki,Tsunoda,alphatauri,AlphaTauri,19,14,14,0.0,70,Finished,5711771,+1:13.423,5
2023,8,Canadian Grand Prix,villeneuve,Circuit Gilles Villeneuve,Canada,hulkenberg,HUL,Nico,Hülkenberg,haas,Haas F1 Team,5,15,15,0.0,69,Lapped,5655291,+16.943,-10
2023,8,Canadian Grand Prix,villeneuve,Circuit Gilles Villeneuve,Canada,zhou,ZHO,Guanyu,Zhou,alfa,Alfa Romeo,20,16,16,0.0,69,Lapped,5655725,+17.377,4
2023,8,Canadian Grand Prix,villeneuve,Circuit Gilles Villeneuve,Canada,kevin_magnussen,MAG,Kevin,Magnussen,haas,Haas F1 Team,13,17,17,0.0,69,Lapped,5708607,+1:10.259,-4
2023,8,Canadian Grand Prix,villeneuve,Circuit Gilles Villeneuve,Canada,de_vries,DEV,Nyck,de Vries,alphatauri,AlphaTauri,17,18,18,0.0,69,Lapped,5713315,+1:14.967,-1
2023,8,Canadian Grand Prix,villeneuve,Circuit Gilles Villeneuve,Canada,russell,RUS,George,Russell,mercedes,Mercedes,4,19,R,0.0,53,Retired,,,-15
2023,8,Canadian Grand Prix,villeneuve,Circuit Gilles Villeneuve,Canada,sargeant,SAR,Logan,Sargeant,williams,Williams,18,20,R,0.0,6,Retired,,,-2
2023,9,Austrian Grand Prix,red_bull_ring,Red Bull Ring,Austria,max_verstappen,VER,Max,Verstappen,red_bull,Red Bull,1,1,1,26.0,71,Finished,5133607,1:25:33.607,0
2023,9,Austrian Grand Prix,red_bull_ring,Red Bull Ring,Austria,leclerc,LEC,Charles,Leclerc,ferrari,Ferrari,2,2,2,18.0,71,Finished,5138762,+5.155,0
2023,9,Austrian Grand Prix,red_bull_ring,Red Bull Ring,Austria,perez,PER,Sergio,Pérez,red_bull,Red Bull,15,3,3,15.0,71,Finished,5150795,+17.188,12
2023,9,Austrian Grand Prix,red_bull_ring,Red Bull Ring,Austria,norris,NOR,Lando,Norris,mclaren,McLaren,4,4,4,12.0,71,Finished,5159934,+26.327,0
2023,9,Austrian Grand Prix,red_bull_ring,Red Bull Ring,Austria,alonso,ALO,Fernando,Alonso,aston_martin,Aston Martin,7,5,5,10.0,71,Finished,5163924,+30.317,2
2023,9,Austrian Grand Prix,red_bull_ring,Red Bull Ring,Austria,sainz,SAI,Carlos,Sainz,ferrari,Ferrari,3,6,6,8.0,71,Finished,5164984,+31.377,-3
2023,9,Austrian Grand Prix,red_bull_ring,Red Bull Ring,Austria,russell,RUS,George,Russell,mercedes,Mercedes,11,7,7,6.0,71,Finished,5182010,+48.403,4
2023,9,Austrian Grand Prix,red_bull_ring,Red Bull Ring,Austria,hamilton,HAM,Lewis,Hamilton,mercedes,Mercedes,5,8,8,4.0,71,Finished,5182803,+49.196,-3
2023,9,Austrian Grand Prix,red_bull_ring,Red Bull Ring,Austria,stroll,STR,Lance,Stroll,aston_martin,Aston Martin,6,9,9,2.0,71,Finished,5192650,+59.043,-3
2023,9,Austrian Grand Prix,red_bull_ring,Red Bull Ring,Austria,gasly,GAS,Pierre,Gasly,alpine,Alpine F1 Team,9,10,10,1.0,71,Finished,5201274,+1:07.667,-1
2023,9,Austrian Grand Prix,red_bull_ring,Red Bull Ring,Austria,albon,ALB,Alexander,Albon,williams,Williams,10,11,11,0.0,71,Finished,5213374,+1:19.767,-1
2023,9,Austrian Grand Prix,red_bull_ring,Red Bull Ring,Austria,zhou,ZHO,Guanyu,Zhou,alfa,Alfa Romeo,17,12,12,0.0,70,Lapped,5158240,+24.633,5
2023,9,Austrian Grand Prix,red_bull_ring,Red Bull Ring,Austria,sargeant,SAR,Logan,Sargeant,williams,Williams,18,13,13,0.0,70,Lapped,5164991,+31.384,5
2023,9,Austrian Grand Prix,red_bull_ring,Red Bull Ring,Austria,ocon,OCO,Esteban,Ocon,alpine,Alpine F1 Team,12,14,14,0.0,70,Lapped,5175747,+42.140,-2
2023,9,Austrian Grand Prix,red_bull_ring,Red Bull Ring,Austria,bottas,BOT,Valtteri,Bottas,alfa,Alfa Romeo,14,15,15,0.0,70,Lapped,5176384,+42.777,-1
2023,9,Austrian Grand Prix,red_bull_ring,Red Bull Ring,Austria,piastri,PIA,Oscar,Piastri,mclaren,McLaren,13,16,16,0.0,70,Lapped,5180176,+46.569,-3
2023,9,Austrian Grand Prix,red_bull_ring,Red Bull Ring,Austria,de_vries,DEV,Nyck,de Vries,alphatauri,AlphaTauri,20,17,17,0.0,70,Lapped,5183310,+49.703,3
2023,9,Austrian Grand Prix,red_bull_ring,Red Bull Ring,Austria,kevin_magnussen,MAG,Kevin,Magnussen,haas,Haas F1 Team,19,18,18,0.0,70,Lapped,5190260,+56.653,1
2023,9,Austrian Grand Prix,red_bull_ring,Red Bull Ring,Austria,tsunoda,TSU,Yuki,Tsunoda,alphatauri,AlphaTauri,16,19,19,0.0,70,Lapped,5193480,+59.873,-3
2023,9,Austrian Grand Prix,red_bull_ring,Red Bull Ring,Austria,hulkenberg,HUL,Nico,Hülkenberg,haas,Haas F1 Team,8,20,R,0.0,12,Retired,,,-12
2023,10,British Grand Prix,silverstone,Silverstone Circuit,UK,max_verstappen,VER,Max,Verstappen,red_bull,Red Bull,1,1,1,26.0,52,Finished,5116938,1:25:16.938,0
2023,10,British Grand Prix,silverstone,Silverstone Circuit,UK,norris,NOR,Lando,Norris,mclaren,McLaren,2,2,2,18.0,52,Finished,5120736,+3.798,0
2023,10,British Grand Prix,silverstone,Silverstone Circuit,UK,hamilton,HAM,Lewis,Hamilton,mercedes,Mercedes,7,3,3,15.0,52,Finished,5123721,+6.783,4
2023,10,British Grand Prix,silverstone,Silverstone Circuit,UK,piastri,PIA,Oscar,Piastri,mclaren,McLaren,3,4,4,12.0,52,Finished,5124714,+7.776,-1
2023,10,British Grand Prix,silverstone,Silverstone Circuit,UK,russell,RUS,George,Russell,mercedes,Mercedes,6,5,5,10.0,52,Finished,5128144,+11.206,1
2023,10,British Grand Prix,silverstone,Silverstone Circuit,UK,perez,PER,Sergio,Pérez,red_bull,Red Bull,15,6,6,8.0,52,Finished,5129820,+12.882,9
2023,10,British Grand Prix,silverstone,Silverstone Circuit,UK,alonso,ALO,Fernando,Alonso,aston_martin,Aston Martin,9,7,7,6.0,52,Finished,5134131,+17.193,2
2023,10,British Grand Prix,silverstone,Silverstone Circuit,UK,albon,ALB,Alexander,Albon,williams,Williams,8,8,8,4.0,52,Finished,5134816,+17.878,0
2023,10,British Grand Prix,silverstone,Silverstone Circuit,UK,leclerc,LEC,Charles,Leclerc,ferrari,Ferrari,4,9,9,2.0,52,Finished,5135627,+18.689,-5
2023,10,British Grand Prix,silverstone,Silverstone Circuit,UK,sainz,SAI,Carlos,Sainz,ferrari,Ferrari,5,10,10,1.0,52,Finished,5136386,+19.448,-5
2023,10,British Grand Prix,silverstone,Silverstone Circuit,UK,sargeant,SAR,Logan,Sargeant,williams,Williams,14,11,11,0.0,52,Finished,5140570,+23.632,3
2023,10,British Grand Prix,silverstone,Silverstone Circuit,UK,bottas,BOT,Valtteri,Bottas,alfa,Alfa Romeo,20,12,12,0.0,52,Finished,5142768,+25.830,8
2023,10,British Grand Prix,silverstone,Silverstone Circuit,UK,hulkenberg,HUL,Nico,Hülkenberg,haas,Haas F1 Team,11,13,13,0.0,52,Finished,5143601,+26.663,-2
2023,10,British Grand Prix,silverstone,Silverstone Circuit,UK,stroll,STR,Lance,Stroll,aston_martin,Aston Martin,12,14,14,0.0,52,Finished,5144421,+27.483,-2
2023,10,British Grand Prix,silverstone,Silverstone Circuit,UK,zhou,ZHO,Guanyu,Zhou,alfa,Alfa Romeo,17,15,15,0.0,52,Finished,5146758,+29.820,2
2023,10,British Grand Prix,silverstone,Silverstone Circuit,UK,tsunoda,TSU,Yuki,Tsunoda,alphatauri,AlphaTauri,16,16,16,0.0,52,Finished,5148163,+31.225,0
2023,10,British Grand Prix,silverstone,Silverstone Circuit,UK,de_vries,DEV,Nyck,de Vries,alphatauri,AlphaTauri,18,17,17,0.0,52,Finished,5150066,+33.128,1
2023,10,British Grand Prix,silverstone,Silverstone Circuit,UK,gasly,GAS,Pierre,Gasly,alpine,Alpine F1 Team,10,18,18,0.0,46,Retired,4655589,,-8
2023,10,British Grand Prix,silverstone,Silverstone Circuit,UK,kevin_magnussen,MAG,Kevin,Magnussen,haas,Haas F1 Team,19,19,R,0.0,31,Retired,,,0
2023,10,British Grand Prix,silverstone,Silverstone Circuit,UK,ocon,OCO,Esteban,Ocon,alpine,Alpine F1 Team,13,20,R,0.0,9,Retired,,,-7
2023,11,Hungarian Grand Prix,hungaroring,Hungaroring,Hungary,max_verstappen,VER,Max,Verstappen,red_bull,Red Bull,2,1,1,26.0,70,Finished,5888634,1:38:08.634,1
2023,11,Hungarian Grand Prix,hungaroring,Hungaroring,Hungary,norris,NOR,Lando,Norris,mclaren,McLaren,3,2,2,18.0,70,Finished,5922365,+33.731,1
2023,11,Hungarian Grand Prix,hungaroring,Hungaroring,Hungary,perez,PER,Sergio,Pérez,red_bull,Red Bull,9,3,3,15.0,70,Finished,5926237,+37.603,6
2023,11,Hungarian Grand Prix,hungaroring,Hungaroring,Hungary,hamilton,HAM,Lewis,Hamilton,mercedes,Mercedes,1,4,4,12.0,70,Finished,5927768,+39.134,-3
2023,11,Hungarian Grand Prix,hungaroring,Hungaroring,Hungary,piastri,PIA,Oscar,Piastri,mclaren,McLaren,4,5,5,10.0,70,Finished,5951206,+1:02.572,-1
2023,11,Hungarian Grand Prix,hungaroring,Hungaroring,Hungary,russell,RUS,George,Russell,mercedes,Mercedes,18,6,6,8.0,70,Finished,5954459,+1:05.825,12
2023,11,Hungarian Grand Prix,hungaroring,Hungaroring,Hungary,leclerc,LEC,Charles,Leclerc,ferrari,Ferrari,6,7,7,6.0,70,Finished,5958951,+1:10.317,-1
2023,11,Hungarian Grand Prix,hungaroring,Hungaroring,Hungary,sainz,SAI,Carlos,Sainz,ferrari,Ferrari,11,8,8,4.0,70,Finished,5959707,+1:11.073,3
2023,11,Hungarian Grand Prix,hungaroring,Hungaroring,Hungary,alonso,ALO,Fernando,Alonso,aston_martin,Aston Martin,8,9,9,2.0,70,Finished,5964343,+1:15.709,-1
2023,11,Hungarian Grand Prix,hungaroring,Hungaroring,Hungary,stroll,STR,Lance,Stroll,aston_martin,Aston Martin,14,10,10,1.0,69,Lapped,5903249,+14.615,4
2023,11,Hungarian Grand Prix,hungaroring,Hungaroring,Hungary,albon,ALB,Alexander,Albon,williams,Williams,16,11,11,0.0,69,Lapped,5917721,+29.087,5
2023,11,Hungarian Grand Prix,hungaroring,Hungaroring,Hungary,bottas,BOT,Valtteri,Bottas,alfa,Alfa Romeo,7,12,12,0.0,69,Lapped,5918713,+30.079,-5
2023,11,Hungarian Grand Prix,hungaroring,Hungaroring,Hungary,ricciardo,RIC,Daniel,Ricciardo,alphatauri,AlphaTauri,13,13,13,0.0,69,Lapped,5924891,+36.257,0
2023,11,Hungarian Grand Prix,hungaroring,Hungaroring,Hungary,hulkenberg,HUL,Nico,Hülkenberg,haas,Haas F1 Team,10,14,14,0.0,69,Lapped,5939932,+51.298,-4
2023,11,Hungarian Grand Prix,hungaroring,Hungaroring,Hungary,tsunoda,TSU,Yuki,Tsunoda,alphatauri,AlphaTauri,17,15,15,0.0,69,Lapped,5940177,+51.543,2
2023,11,Hungarian Grand Prix,hungaroring,Hungaroring,Hungary,zhou,ZHO,Guanyu,Zhou,alfa,Alfa Romeo,5,16,16,0.0,69,Lapped,5949125,+1:00.491,-11
2023,11,Hungarian Grand Prix,hungaroring,Hungaroring,Hungary,kevin_magnussen,MAG,Kevin,Magnussen,haas,Haas F1 Team,19,17,17,0.0,69,Lapped,5970985,+1:22.351,2
2023,11,Hungarian Grand Prix,hungaroring,Hungaroring,Hungary,sargeant,SAR,Logan,Sargeant,williams,Williams,20,18,18,0.0,67,Retired,5789224,,2
2023,11,Hungarian Grand Prix,hungaroring,Hungaroring,Hungary,ocon,OCO,Esteban,Ocon,alpine,Alpine F1 Team,12,19,R,0.0,2,Retired,,,-7
2023,11,Hungarian Grand Prix,hungaroring,Hungaroring,Hungary,gasly,GAS,Pierre,Gasly,alpine,Alpine F1 Team,15,20,R,0.0,1,Retired,,,-5
2023,12,Belgian Grand Prix,spa,Circuit de Spa-Francorchamps,Belgium,max_verstappen,VER,Max,Verstappen,red_bull,Red Bull,6,1,1,25.0,44,Finished,4950450,1:22:30.450,5
2023,12,Belgian Grand Prix,spa,Circuit de Spa-Francorchamps,Belgium,perez,PER,Sergio,Pérez,red_bull,Red Bull,2,2,2,18.0,44,Finished,4972755,+22.305,0
2023,12,Belgian Grand Prix,spa,Circuit de Spa-Francorchamps,Belgium,leclerc,LEC,Charles,Leclerc,ferrari,Ferrari,1,3,3,15.0,44,Finished,4982709,+32.259,-2
2023,12,Belgian Grand Prix,spa,Circuit de Spa-Francorchamps,Belgium,hamilton,HAM,Lewis,Hamilton,mercedes,Mercedes,3,4,4,13.0,44,Finished,5000121,+49.671,-1
2023,12,Belgian Grand Prix,spa,Circuit de Spa-Francorchamps,Belgium,alonso,ALO,Fernando,Alonso,aston_martin,Aston Martin,9,5,5,10.0,44,Finished,5006634,+56.184,4
2023,12,Belgian Grand Prix,spa,Circuit de Spa-Francorchamps,Belgium,russell,RUS,George,Russell,mercedes,Mercedes,8,6,6,8.0,44,Finished,5013551,+1:03.101,2
2023,12,Belgian Grand Prix,spa,Circuit de Spa-Francorchamps,Belgium,norris,NOR,Lando,Norris,mclaren,McLaren,7,7,7,6.0,44,Finished,5024169,+1:13.719,0
2023,12,Belgian Grand Prix,spa,Circuit de Spa-Francorchamps,Belgium,ocon,OCO,Esteban,Ocon,alpine,Alpine F1 Team,14,8,8,4.0,44,Finished,5025169,+1:14.719,6
2023,12,Belgian Grand Prix,spa,Circuit de Spa-Francorchamps,Belgium,stroll,STR,Lance,Stroll,aston_martin,Aston Martin,10,9,9,2.0,44,Finished,5029790,+1:19.340,1
2023,12,Belgian Grand Prix,spa,Circuit de Spa-Francorchamps,Belgium,tsunoda,TSU,Yuki,Tsunoda,alphatauri,AlphaTauri,11,10,10,1.0,44,Finished,5030671,+1:20.221,1
2023,12,Belgian Grand Prix,spa,Circuit de Spa-Francorchamps,Belgium,gasly,GAS,Pierre,Gasly,alpine,Alpine F1 Team,12,11,11,0.0,44,Finished,5033534,+1:23.084,1
2023,12,Belgian Grand Prix,spa,Circuit de Spa-Francorchamps,Belgium,bottas,BOT,Valtteri,Bottas,alfa,Alfa Romeo,13,12,12,0.0,44,Finished,5035641,+1:25.191,1
2023,12,Belgian Grand Prix,spa,Circuit de Spa-Francorchamps,Belgium,zhou,ZHO,Guanyu,Zhou,alfa,Alfa Romeo,17,13,13,0.0,44,Finished,5045891,+1:35.441,4
2023,12,Belgian Grand Prix,spa,Circuit de Spa-Francorchamps,Belgium,albon,ALB,Alexander,Albon,williams,Williams,15,14,14,0.0,44,Finished,5046634,+1:36.184,1
2023,12,Belgian Grand Prix,spa,Circuit de Spa-Francorchamps,Belgium,kevin_magnussen,MAG,Kevin,Magnussen,haas,Haas F1 Team,16,15,15,0.0,44,Finished,5052204,+1:41.754,1
2023,12,Belgian Grand Prix,spa,Circuit de Spa-Francorchamps,Belgium,ricciardo,RIC,Daniel,Ricciardo,alphatauri,AlphaTauri,19,16,16,0.0,44,Finished,5053521,+1:43.071,3
2023,12,Belgian Grand Prix,spa,Circuit de Spa-Francorchamps,Belgium,sargeant,SAR,Logan,Sargeant,williams,Williams,18,17,17,0.0,44,Finished,5054926,+1:44.476,1
2023,12,Belgian Grand Prix,spa,Circuit de Spa-Francorchamps,Belgium,hulkenberg,HUL,Nico,Hülkenberg,haas,Haas F1 Team,20,18,18,0.0,44,Finished,5060900,+1:50.450,2
2023,12,Belgian Grand Prix,spa,Circuit de Spa-Francorchamps,Belgium,sainz,SAI,Carlos,Sainz,ferrari,Ferrari,4,19,R,0.0,23,Retired,,,-15
2023,12,Belgian Grand Prix,spa,Circuit de Spa-Francorchamps,Belgium,piastri,PIA,Oscar,Piastri,mclaren,McLaren,5,20,R,0.0,0,Retired,,,-15
2023,13,Dutch Grand Prix,zandvoort,Circuit Park Zandvoort,Netherlands,max_verstappen,VER,Max,Verstappen,red_bull,Red Bull,1,1,1,25.0,72,Finished,8644411,2:24:04.411,0
2023,13,Dutch Grand Prix,zandvoort,Circuit Park Zandvoort,Netherlands,alonso,ALO,Fernando,Alonso,aston_martin,Aston Martin,5,2,2,19.0,72,Finished,8648155,+3.744,3
2023,13,Dutch Grand Prix,zandvoort,Circuit Park Zandvoort,Netherlands,gasly,GAS,Pierre,Gasly,alpine,Alpine F1 Team,12,3,3,15.0,72,Finished,8651469,+7.058,9
2023,13,Dutch Grand Prix,zandvoort,Circuit Park Zandvoort,Netherlands,perez,PER,Sergio,Pérez,red_bull,Red Bull,7,4,4,12.0,72,Finished,8654479,+10.068,3
2023,13,Dutch Grand Prix,zandvoort,Circuit Park Zandvoort,Netherlands,sainz,SAI,Carlos,Sainz,ferrari,Ferrari,6,5,5,10.0,72,Finished,8656952,+12.541,1
2023,13,Dutch Grand Prix,zandvoort,Circuit Park Zandvoort,Netherlands,hamilton,HAM,Lewis,Hamilton,mercedes,Mercedes,13,6,6,8.0,72,Finished,8657620,+13.209,7
2023,13,Dutch Grand Prix,zandvoort,Circuit Park Zandvoort,Netherlands,norris,NOR,Lando,Norris,mclaren,McLaren,2,7,7,6.0,72,Finished,8657643,+13.232,-5
2023,13,Dutch Grand Prix,zandvoort,Circuit Park Zandvoort,Netherlands,albon,ALB,Alexander,Albon,williams,Williams,4,8,8,4.0,72,Finished,8659566,+15.155,-4
2023,13,Dutch Grand Prix,zandvoort,Circuit Park Zandvoort,Netherlands,piastri,PIA,Oscar,Piastri,mclaren,McLaren,8,9,9,2.0,72,Finished,8660991,+16.580,-1
2023,13,Dutch Grand Prix,zandvoort,Circuit Park Zandvoort,Netherlands,ocon,OCO,Esteban,Ocon,alpine,Alpine F1 Team,16,10,10,1.0,72,Finished,8662757,+18.346,6
2023,13,Dutch Grand Prix,zandvoort,Circuit Park Zandvoort,Netherlands,stroll,STR,Lance,Stroll,aston_martin,Aston Martin,11,11,11,0.0,72,Finished,8664498,+20.087,0
2023,13,Dutch Grand Prix,zandvoort,Circuit Park Zandvoort,Netherlands,hulkenberg,HUL,Nico,Hülkenberg,haas,Haas F1 Team,14,12,12,0.0,72,Finished,8665251,+20.840,2
2023,13,Dutch Grand Prix,zandvoort,Circuit Park Zandvoort,Netherlands,lawson,LAW,Liam,Lawson,alphatauri,AlphaTauri,19,13,13,0.0,72,Finished,8670558,+26.147,6
2023,13,Dutch Grand Prix,zandvoort,Circuit Park Zandvoort,Netherlands,bottas,BOT,Valtteri,Bottas,alfa,Alfa Romeo,18,14,14,0.0,72,Finished,8671799,+27.388,4
2023,13,Dutch Grand Prix,zandvoort,Circuit Park Zandvoort,Netherlands,tsunoda,TSU,Yuki,Tsunoda,alphatauri,AlphaTauri,17,15,15,0.0,72,Finished,8674304,+29.893,2
2023,13,Dutch Grand Prix,zandvoort,Circuit Park Zandvoort,Netherlands,kevin_magnussen,MAG,Kevin,Magnussen,haas,Haas F1 Team,0,16,16,0.0,72,Finished,8675821,+31.410,-16
2023,13,Dutch Grand Prix,zandvoort,Circuit Park Zandvoort,Netherlands,russell,RUS,George,Russell,mercedes,Mercedes,3,17,17,0.0,72,Finished,8700165,+55.754,-14
2023,13,Dutch Grand Prix,zandvoort,Circuit Park Zandvoort,Netherlands,zhou,ZHO,Guanyu,Zhou,alfa,Alfa Romeo,15,18,R,0.0,62,Accident,,,-3
2023,13,Dutch Grand Prix,zandvoort,Circuit Park Zandvoort,Netherlands,leclerc,LEC,Charles,Leclerc,ferrari,Ferrari,9,19,R,0.0,41,Undertray,,,-10
2023,13,Dutch Grand Prix,zandvoort,Circuit Park Zandvoort,Netherlands,sargeant,SAR,Logan,Sargeant,williams,Williams,10,20,R,0.0,14,Accident,,,-10
2023,14,Italian Grand Prix,monza,Autodromo Nazionale di Monza,Italy,max_verstappen,VER,Max,Verstappen,red_bull,Red Bull,2,1,1,25.0,51,Finished,4421143,1:13:41.143,1
2023,14,Italian Grand Prix,monza,Autodromo Nazionale di Monza,Italy,perez,PER,Sergio,Pérez,red_bull,Red Bull,5,2,2,18.0,51,Finished,4427207,+6.064,3
2023,14,Italian Grand Prix,monza,Autodromo Nazionale di Monza,Italy,sainz,SAI,Carlos,Sainz,ferrari,Ferrari,1,3,3,15.0,51,Finished,4432336,+11.193,-2
2023,14,Italian Grand Prix,monza,Autodromo Nazionale di Monza,Italy,leclerc,LEC,Charles,Leclerc,ferrari,Ferrari,3,4,4,12.0,51,Finished,4432520,+11.377,-1
2023,14,Italian Grand Prix,monza,Autodromo Nazionale di Monza,Italy,russell,RUS,George,Russell,mercedes,Mercedes,4,5,5,10.0,51,Finished,4444171,+23.028,-1
2023,14,Italian Grand Prix,monza,Autodromo Nazionale di Monza,Italy,hamilton,HAM,Lewis,Hamilton,mercedes,Mercedes,8,6,6,8.0,51,Finished,4463822,+42.679,2
2023,14,Italian Grand Prix,monza,Autodromo Nazionale di Monza,Italy,albon,ALB,Alexander,Albon,williams,Williams,6,7,7,6.0,51,Finished,4466249,+45.106,-1
2023,14,Italian Grand Prix,monza,Autodromo Nazionale di Monza,Italy,norris,NOR,Lando,Norris,mclaren,McLaren,9,8,8,4.0,51,Finished,4466592,+45.449,1
2023,14,Italian Grand Prix,monza,Autodromo Nazionale di Monza,Italy,alonso,ALO,Fernando,Alonso,aston_martin,Aston Martin,10,9,9,2.0,51,Finished,4467437,+46.294,1
2023,14,Italian Grand Prix,monza,Autodromo Nazionale di Monza,Italy,bottas,BOT,Valtteri,Bottas,alfa,Alfa Romeo,14,10,10,1.0,51,Finished,4485199,+1:04.056,4
2023,14,Italian Grand Prix,monza,Autodromo Nazionale di Monza,Italy,lawson,LAW,Liam,Lawson,alphatauri,AlphaTauri,12,11,11,0.0,51,Finished,4491781,+1:10.638,1
2023,14,Italian Grand Prix,monza,Autodromo Nazionale di Monza,Italy,piastri,PIA,Oscar,Piastri,mclaren,McLaren,7,12,12,0.0,51,Finished,4494217,+1:13.074,-5
2023,14,Italian Grand Prix,monza,Autodromo Nazionale di Monza,Italy,sargeant,SAR,Logan,Sargeant,williams,Williams,15,13,13,0.0,51,Finished,4499700,+1:18.557,2
2023,14,Italian Grand Prix,monza,Autodromo Nazionale di Monza,Italy,zhou,ZHO,Guanyu,Zhou,alfa,Alfa Romeo,16,14,14,0.0,51,Finished,4501307,+1:20.164,2
2023,14,Italian Grand Prix,monza,Autodromo Nazionale di Monza,Italy,gasly,GAS,Pierre,Gasly,alpine,Alpine F1 Team,17,15,15,0.0,51,Finished,4503653,+1:22.510,2
2023,14,Italian Grand Prix,monza,Autodromo Nazionale di Monza,Italy,stroll,STR,Lance,Stroll,aston_martin,Aston Martin,20,16,16,0.0,51,Finished,4508409,+1:27.266,4
2023,14,Italian Grand Prix,monza,Autodromo Nazionale di Monza,Italy,hulkenberg,HUL,Nico,Hülkenberg,haas,Haas F1 Team,13,17,17,0.0,50,Lapped,4423236,+2.093,-4
2023,14,Italian Grand Prix,monza,Autodromo Nazionale di Monza,Italy,kevin_magnussen,MAG,Kevin,Magnussen,haas,Haas F1 Team,19,18,18,0.0,50,Lapped,4433767,+12.624,1
2023,14,Italian Grand Prix,monza,Autodromo Nazionale di Monza,Italy,ocon,OCO,Esteban,Ocon,alpine,Alpine F1 Team,18,19,R,0.0,39,Retired,,,-1
2023,14,Italian Grand Prix,monza,Autodromo Nazionale di Monza,Italy,tsunoda,TSU,Yuki,Tsunoda,alphatauri,AlphaTauri,11,20,W,0.0,0,Did not start,,,-9
2023,15,Singapore Grand Prix,marina_bay,Marina Bay Street Circuit,Singapore,sainz,SAI,Carlos,Sainz,ferrari,Ferrari,1,1,1,25.0,62,Finished,6397418,1:46:37.418,0
2023,15,Singapore Grand Prix,marina_bay,Marina Bay Street Circuit,Singapore,norris,NOR,Lando,Norris,mclaren,McLaren,4,2,2,18.0,62,Finished,6398230,+0.812,2
2023,15,Singapore Grand Prix,marina_bay,Marina Bay Street Circuit,Singapore,hamilton,HAM,Lewis,Hamilton,mercedes,Mercedes,5,3,3,16.0,62,Finished,6398687,+1.269,2
2023,15,Singapore Grand Prix,marina_bay,Marina Bay Street Circuit,Singapore,leclerc,LEC,Charles,Leclerc,ferrari,Ferrari,3,4,4,12.0,62,Finished,6418595,+21.177,-1
2023,15,Singapore Grand Prix,marina_bay,Marina Bay Street Circuit,Singapore,max_verstappen,VER,Max,Verstappen,red_bull,Red Bull,11,5,5,10.0,62,Finished,6418859,+21.441,6
2023,15,Singapore Grand Prix,marina_bay,Marina Bay Street Circuit,Singapore,gasly,GAS,Pierre,Gasly,alpine,Alpine F1 Team,12,6,6,8.0,62,Finished,6435859,+38.441,6
2023,15,Singapore Grand Prix,marina_bay,Marina Bay Street Circuit,Singapore,piastri,PIA,Oscar,Piastri,mclaren,McLaren,17,7,7,6.0,62,Finished,6438897,+41.479,10
2023,15,Singapore Grand Prix,marina_bay,Marina Bay Street Circuit,Singapore,perez,PER,Sergio,Pérez,red_bull,Red Bull,13,8,8,4.0,62,Finished,6456952,+59.534,5
2023,15,Singapore Grand Prix,marina_bay,Marina Bay Street Circuit,Singapore,lawson,LAW,Liam,Lawson,alphatauri,AlphaTauri,10,9,9,2.0,62,Finished,6463336,+1:05.918,1
2023,15,Singapore Grand Prix,marina_bay,Marina Bay Street Circuit,Singapore,kevin_magnussen,MAG,Kevin,Magnussen,haas,Haas F1 Team,6,10,10,1.0,62,Finished,6469534,+1:12.116,-4
2023,15,Singapore Grand Prix,marina_bay,Marina Bay Street Circuit,Singapore,albon,ALB,Alexander,Albon,williams,Williams,14,11,11,0.0,62,Finished,6470835,+1:13.417,3
2023,15,Singapore Grand Prix,marina_bay,Marina Bay Street Circuit,Singapore,zhou,ZHO,Guanyu,Zhou,alfa,Alfa Romeo,19,12,12,0.0,62,Finished,6481067,+1:23.649,7
2023,15,Singapore Grand Prix,marina_bay,Marina Bay Street Circuit,Singapore,hulkenberg,HUL,Nico,Hülkenberg,haas,Haas F1 Team,9,13,13,0.0,62,Finished,6483619,+1:26.201,-4
2023,15,Singapore Grand Prix,marina_bay,Marina Bay Street Circuit,Singapore,sargeant,SAR,Logan,Sargeant,williams,Williams,18,14,14,0.0,62,Finished,6484307,+1:26.889,4
2023,15,Singapore Grand Prix,marina_bay,Marina Bay Street Circuit,Singapore,alonso,ALO,Fernando,Alonso,aston_martin,Aston Martin,7,15,15,0.0,62,Finished,6485021,+1:27.603,-8
2023,15,Singapore Grand Prix,marina_bay,Marina Bay Street Circuit,Singapore,russell,RUS,George,Russell,mercedes,Mercedes,2,16,16,0.0,61,Retired,6298932,,-14
2023,15,Singapore Grand Prix,marina_bay,Marina Bay Street Circuit,Singapore,bottas,BOT,Valtteri,Bottas,alfa,Alfa Romeo,16,17,R,0.0,51,Retired,,,-1
2023,15,Singapore Grand Prix,marina_bay,Marina Bay Street Circuit,Singapore,ocon,OCO,Esteban,Ocon,alpine,Alpine F1 Team,8,18,R,0.0,42,Retired,,,-10
2023,15,Singapore Grand Prix,marina_bay,Marina Bay Street Circuit,Singapore,tsunoda,TSU,Yuki,Tsunoda,alphatauri,AlphaTauri,15,19,R,0.0,0,Retired,,,-4
2023,15,Singapore Grand Prix,marina_bay,Marina Bay Street Circuit,Singapore,stroll,STR,Lance,Stroll,aston_martin,Aston Martin,0,20,W,0.0,0,Withdrew,,,-20
2023,16,Japanese Grand Prix,suzuka,Suzuka Circuit,Japan,max_verstappen,VER,Max,Verstappen,red_bull,Red Bull,1,1,1,26.0,53,Finished,5458421,1:30:58.421,0
2023,16,Japanese Grand Prix,suzuka,Suzuka Circuit,Japan,norris,NOR,Lando,Norris,mclaren,McLaren,3,2,2,18.0,53,Finished,5477808,+19.387,1
2023,16,Japanese Grand Prix,suzuka,Suzuka Circuit,Japan,piastri,PIA,Oscar,Piastri,mclaren,McLaren,2,3,3,15.0,53,Finished,5494915,+36.494,-1
2023,16,Japanese Grand Prix,suzuka,Suzuka Circuit,Japan,leclerc,LEC,Charles,Leclerc,ferrari,Ferrari,4,4,4,12.0,53,Finished,5502419,+43.998,0
2023,16,Japanese Grand Prix,suzuka,Suzuka Circuit,Japan,hamilton,HAM,Lewis,Hamilton,mercedes,Mercedes,7,5,5,10.0,53,Finished,5507797,+49.376,2
2023,16,Japanese Grand Prix,suzuka,Suzuka Circuit,Japan,sainz,SAI,Carlos,Sainz,ferrari,Ferrari,6,6,6,8.0,53,Finished,5508642,+50.221,0
2023,16,Japanese Grand Prix,suzuka,Suzuka Circuit,Japan,russell,RUS,George,Russell,mercedes,Mercedes,8,7,7,6.0,53,Finished,5516080,+57.659,1
2023,16,Japanese Grand Prix,suzuka,Suzuka Circuit,Japan,alonso,ALO,Fernando,Alonso,aston_martin,Aston Martin,10,8,8,4.0,53,Finished,5533146,+1:14.725,2
2023,16,Japanese Grand Prix,suzuka,Suzuka Circuit,Japan,ocon,OCO,Esteban,Ocon,alpine,Alpine F1 Team,14,9,9,2.0,53,Finished,5538099,+1:19.678,5
2023,16,Japanese Grand Prix,suzuka,Suzuka Circuit,Japan,gasly,GAS,Pierre,Gasly,alpine,Alpine F1 Team,12,10,10,1.0,53,Finished,5541576,+1:23.155,2
2023,16,Japanese Grand Prix,suzuka,Suzuka Circuit,Japan,lawson,LAW,Liam,Lawson,alphatauri,AlphaTauri,11,11,11,0.0,52,Lapped,5461510,+3.089,0
2023,16,Japanese Grand Prix,suzuka,Suzuka Circuit,Japan,tsunoda,TSU,Yuki,Tsunoda,alphatauri,AlphaTauri,9,12,12,0.0,52,Lapped,5462395,+3.974,-3
2023,16,Japanese Grand Prix,suzuka,Suzuka Circuit,Japan,zhou,ZHO,Guanyu,Zhou,alfa,Alfa Romeo,19,13,13,0.0,52,Lapped,5464761,+6.340,6
2023,16,Japanese Grand Prix,suzuka,Suzuka Circuit,Japan,hulkenberg,HUL,Nico,Hülkenberg,haas,Haas F1 Team,18,14,14,0.0,52,Lapped,5468019,+9.598,4
2023,16,Japanese Grand Prix,suzuka,Suzuka Circuit,Japan,kevin_magnussen,MAG,Kevin,Magnussen,haas,Haas F1 Team,15,15,15,0.0,52,Lapped,5487991,+29.570,0
2023,16,Japanese Grand Prix,suzuka,Suzuka Circuit,Japan,albon,ALB,Alexander,Albon,williams,Williams,13,16,R,0.0,26,Retired,,,-3
2023,16,Japanese Grand Prix,suzuka,Suzuka Circuit,Japan,sargeant,SAR,Logan,Sargeant,williams,Williams,20,17,R,0.0,22,Retired,,,3
2023,16,Japanese Grand Prix,suzuka,Suzuka Circuit,Japan,stroll,STR,Lance,Stroll,aston_martin,Aston Martin,17,18,R,0.0,20,Retired,,,-1
2023,16,Japanese Grand Prix,suzuka,Suzuka Circuit,Japan,perez,PER,Sergio,Pérez,red_bull,Red Bull,5,19,R,0.0,15,Retired,,,-14
2023,16,Japanese Grand Prix,suzuka,Suzuka Circuit,Japan,bottas,BOT,Valtteri,Bottas,alfa,Alfa Romeo,16,20,R,0.0,7,Retired,,,-4
2023,17,Qatar Grand Prix,losail,Losail International Circuit,Qatar,max_verstappen,VER,Max,Verstappen,red_bull,Red Bull,1,1,1,26.0,57,Finished,5259168,1:27:39.168,0
2023,17,Qatar Grand Prix,losail,Losail International Circuit,Qatar,piastri,PIA,Oscar,Piastri,mclaren,McLaren,6,2,2,18.0,57,Finished,5264001,+4.833,4
2023,17,Qatar Grand Prix,losail,Losail International Circuit,Qatar,norris,NOR,Lando,Norris,mclaren,McLaren,10,3,3,15.0,57,Finished,5265137,+5.969,7
2023,17,Qatar Grand Prix,losail,Losail International Circuit,Qatar,russell,RUS,George,Russell,mercedes,Mercedes,2,4,4,12.0,57,Finished,5293287,+34.119,-2
2023,17,Qatar Grand Prix,losail,Losail International Circuit,Qatar,leclerc,LEC,Charles,Leclerc,ferrari,Ferrari,5,5,5,10.0,57,Finished,5298144,+38.976,0
2023,17,Qatar Grand Prix,losail,Losail International Circuit,Qatar,alonso,ALO,Fernando,Alonso,aston_martin,Aston Martin,4,6,6,8.0,57,Finished,5308200,+49.032,-2
2023,17,Qatar Grand Prix,losail,Losail International Circuit,Qatar,ocon,OCO,Esteban,Ocon,alpine,Alpine F1 Team,8,7,7,6.0,57,Finished,5321558,+1:02.390,1
2023,17,Qatar Grand Prix,losail,Losail International Circuit,Qatar,bottas,BOT,Valtteri,Bottas,alfa,Alfa Romeo,9,8,8,4.0,57,Finished,5325731,+1:06.563,1
2023,17,Qatar Grand Prix,losail,Losail International Circuit,Qatar,zhou,ZHO,Guanyu,Zhou,alfa,Alfa Romeo,19,9,9,2.0,57,Finished,5335295,+1:16.127,10
2023,17,Qatar Grand Prix,losail,Losail International Circuit,Qatar,perez,PER,Sergio,Pérez,red_bull,Red Bull,20,10,10,1.0,57,Finished,5339349,+1:20.181,10
2023,17,Qatar Grand Prix,losail,Losail International Circuit,Qatar,stroll,STR,Lance,Stroll,aston_martin,Aston Martin,16,11,11,0.0,57,Finished,5340820,+1:21.652,5
2023,17,Qatar Grand Prix,losail,Losail International Circuit,Qatar,gasly,GAS,Pierre,Gasly,alpine,Alpine F1 Team,7,12,12,0.0,57,Finished,5341468,+1:22.300,-5
2023,17,Qatar Grand Prix,losail,Losail International Circuit,Qatar,albon,ALB,Alexander,Albon,williams,Williams,13,13,13,0.0,57,Finished,5350182,+1:31.014,0
2023,17,Qatar Grand Prix,losail,Losail International Circuit,Qatar,kevin_magnussen,MAG,Kevin,Magnussen,haas,Haas F1 Team,18,14,14,0.0,56,Lapped,5260414,+1.246,4
2023,17,Qatar Grand Prix,losail,Losail International Circuit,Qatar,tsunoda,TSU,Yuki,Tsunoda,alphatauri,AlphaTauri,11,15,15,0.0,56,Lapped,5268126,+8.958,-4
2023,17,Qatar Grand Prix,losail,Losail International Circuit,Qatar,hulkenberg,HUL,Nico,Hülkenberg,haas,Haas F1 Team,14,16,16,0.0,56,Lapped,5274253,+15.085,-2
2023,17,Qatar Grand Prix,losail,Losail International Circuit,Qatar,lawson,LAW,Liam,Lawson,alphatauri,AlphaTauri,17,17,17,0.0,56,Lapped,5286276,+27.108,0
2023,17,Qatar Grand Prix,losail,Losail International Circuit,Qatar,sargeant,SAR,Logan,Sargeant,williams,Williams,15,18,R,0.0,40,Retired,,,-3
2023,17,Qatar Grand Prix,losail,Losail International Circuit,Qatar,hamilton,HAM,Lewis,Hamilton,mercedes,Mercedes,3,19,R,0.0,0,Retired,,,-16
2023,17,Qatar Grand Prix,losail,Losail International Circuit,Qatar,sainz,SAI,Carlos,Sainz,ferrari,Ferrari,12,20,W,0.0,0,Did not start,,,-8
2023,18,United States Grand Prix,americas,Circuit of the Americas,USA,max_verstappen,VER,Max,Verstappen,red_bull,Red Bull,6,1,1,25.0,56,Finished,5721362,1:35:21.362,5
2023,18,United States Grand Prix,americas,Circuit of the Americas,USA,norris,NOR,Lando,Norris,mclaren,McLaren,2,2,2,18.0,56,Finished,5732092,+10.730,0
2023,18,United States Grand Prix,americas,Circuit of the Americas,USA,sainz,SAI,Carlos,Sainz,ferrari,Ferrari,4,3,3,15.0,56,Finished,5736496,+15.134,1
2023,18,United States Grand Prix,americas,Circuit of the Americas,USA,perez,PER,Sergio,Pérez,red_bull,Red Bull,9,4,4,12.0,56,Finished,5739822,+18.460,5
2023,18,United States Grand Prix,americas,Circuit of the Americas,USA,russell,RUS,George,Russell,mercedes,Mercedes,5,5,5,10.0,56,Finished,5746361,+24.999,0
2023,18,United States Grand Prix,americas,Circuit of the Americas,USA,gasly,GAS,Pierre,Gasly,alpine,Alpine F1 Team,7,6,6,8.0,56,Finished,5769358,+47.996,1
2023,18,United States Grand Prix,americas,Circuit of the Americas,USA,stroll,STR,Lance,Stroll,aston_martin,Aston Martin,20,7,7,6.0,56,Finished,5770058,+48.696,13
2023,18,United States Grand Prix,americas,Circuit of the Americas,USA,tsunoda,TSU,Yuki,Tsunoda,alphatauri,AlphaTauri,11,8,8,5.0,56,Finished,5795747,+1:14.385,3
2023,18,United States Grand Prix,americas,Circuit of the Americas,USA,albon,ALB,Alexander,Albon,williams,Williams,15,9,9,2.0,56,Finished,5808076,+1:26.714,6
2023,18,United States Grand Prix,americas,Circuit of the Americas,USA,sargeant,SAR,Logan,Sargeant,williams,Williams,16,10,10,1.0,56,Finished,5809360,+1:27.998,6
2023,18,United States Grand Prix,americas,Circuit of the Americas,USA,hulkenberg,HUL,Nico,Hülkenberg,haas,Haas F1 Team,18,11,11,0.0,56,Finished,5811266,+1:29.904,7
2023,18,United States Grand Prix,americas,Circuit of the Americas,USA,bottas,BOT,Valtteri,Bottas,alfa,Alfa Romeo,13,12,12,0.0,56,Finished,5819963,+1:38.601,1
2023,18,United States Grand Prix,americas,Circuit of the Americas,USA,zhou,ZHO,Guanyu,Zhou,alfa,Alfa Romeo,12,13,13,0.0,55,Lapped,5724938,+3.576,-1
2023,18,United States Grand Prix,americas,Circuit of the Americas,USA,kevin_magnussen,MAG,Kevin,Magnussen,haas,Haas F1 Team,17,14,14,0.0,55,Lapped,5729434,+8.072,3
2023,18,United States Grand Prix,americas,Circuit of the Americas,USA,ricciardo,RIC,Daniel,Ricciardo,alphatauri,AlphaTauri,14,15,15,0.0,55,Lapped,5730214,+8.852,-1
2023,18,United States Grand Prix,americas,Circuit of the Americas,USA,alonso,ALO,Fernando,Alonso,aston_martin,Aston Martin,19,16,R,0.0,49,Retired,,,3
2023,18,United States Grand Prix,americas,Circuit of the Americas,USA,piastri,PIA,Oscar,Piastri,mclaren,McLaren,10,17,R,0.0,10,Retired,,,-7
2023,18,United States Grand Prix,americas,Circuit of the Americas,USA,ocon,OCO,Esteban,Ocon,alpine,Alpine F1 Team,8,18,R,0.0,6,Retired,,,-10
2023,18,United States Grand Prix,americas,Circuit of the Americas,USA,hamilton,HAM,Lewis,Hamilton,mercedes,Mercedes,3,19,19,0.0,56,Disqualified,5723587,+2.225,-16
2023,18,United States Grand Prix,americas,Circuit of the Americas,USA,leclerc,LEC,Charles,Leclerc,ferrari,Ferrari,1,20,20,0.0,56,Disqualified,5746024,+24.662,-19
2023,19,Mexico City Grand Prix,rodriguez,Autódromo Hermanos Rodríguez,Mexico,max_verstappen,VER,Max,Verstappen,red_bull,Red Bull,3,1,1,25.0,71,Finished,7350814,2:02:30.814,2
2023,19,Mexico City Grand Prix,rodriguez,Autódromo Hermanos Rodríguez,Mexico,hamilton,HAM,Lewis,Hamilton,mercedes,Mercedes,6,2,2,19.0,71,Finished,7364689,+13.875,4
2023,19,Mexico City Grand Prix,rodriguez,Autódromo Hermanos Rodríguez,Mexico,leclerc,LEC,Charles,Leclerc,ferrari,Ferrari,1,3,3,15.0,71,Finished,7373938,+23.124,-2
2023,19,Mexico City Grand Prix,rodriguez,Autódromo Hermanos Rodríguez,Mexico,sainz,SAI,Carlos,Sainz,ferrari,Ferrari,2,4,4,12.0,71,Finished,7377968,+27.154,-2
2023,19,Mexico City Grand Prix,rodriguez,Autódromo Hermanos Rodríguez,Mexico,norris,NOR,Lando,Norris,mclaren,McLaren,17,5,5,10.0,71,Finished,7384080,+33.266,12
2023,19,Mexico City Grand Prix,rodriguez,Autódromo Hermanos Rodríguez,Mexico,russell,RUS,George,Russell,mercedes,Mercedes,8,6,6,8.0,71,Finished,7391834,+41.020,2
2023,19,Mexico City Grand Prix,rodriguez,Autódromo Hermanos Rodríguez,Mexico,ricciardo,RIC,Daniel,Ricciardo,alphatauri,AlphaTauri,4,7,7,6.0,71,Finished,7392384,+41.570,-3
2023,19,Mexico City Grand Prix,rodriguez,Autódromo Hermanos Rodríguez,Mexico,piastri,PIA,Oscar,Piastri,mclaren,McLaren,7,8,8,4.0,71,Finished,7393918,+43.104,-1
2023,19,Mexico City Grand Prix,rodriguez,Autódromo Hermanos Rodríguez,Mexico,albon,ALB,Alexander,Albon,williams,Williams,14,9,9,2.0,71,Finished,7399387,+48.573,5
2023,19,Mexico City Grand Prix,rodriguez,Autódromo Hermanos Rodríguez,Mexico,ocon,OCO,Esteban,Ocon,alpine,Alpine F1 Team,15,10,10,1.0,71,Finished,7413693,+1:02.879,5
2023,19,Mexico City Grand Prix,rodriguez,Autódromo Hermanos Rodríguez,Mexico,gasly,GAS,Pierre,Gasly,alpine,Alpine F1 Team,11,11,11,0.0,71,Finished,7417022,+1:06.208,0
2023,19,Mexico City Grand Prix,rodriguez,Autódromo Hermanos Rodríguez,Mexico,tsunoda,TSU,Yuki,Tsunoda,alphatauri,AlphaTauri,18,12,12,0.0,71,Finished,7429796,+1:18.982,6
2023,19,Mexico City Grand Prix,rodriguez,Autódromo Hermanos Rodríguez,Mexico,hulkenberg,HUL,Nico,Hülkenberg,haas,Haas F1 Team,12,13,13,0.0,71,Finished,7431123,+1:20.309,-1
2023,19,Mexico City Grand Prix,rodriguez,Autódromo Hermanos Rodríguez,Mexico,zhou,ZHO,Guanyu,Zhou,alfa,Alfa Romeo,10,14,14,0.0,71,Finished,7432490,+1:21.676,-4
2023,19,Mexico City Grand Prix,rodriguez,Autódromo Hermanos Rodríguez,Mexico,bottas,BOT,Valtteri,Bottas,alfa,Alfa Romeo,9,15,15,0.0,71,Finished,7436411,+1:25.597,-6
2023,19,Mexico City Grand Prix,rodriguez,Autódromo Hermanos Rodríguez,Mexico,sargeant,SAR,Logan,Sargeant,williams,Williams,19,16,16,0.0,70,Retired,,,3
2023,19,Mexico City Grand Prix,rodriguez,Autódromo Hermanos Rodríguez,Mexico,stroll,STR,Lance,Stroll,aston_martin,Aston Martin,0,17,17,0.0,66,Collision damage,,,-17
2023,19,Mexico City Grand Prix,rodriguez,Autódromo Hermanos Rodríguez,Mexico,alonso,ALO,Fernando,Alonso,aston_martin,Aston Martin,13,18,W,0.0,47,Withdrew,,,-5
2023,19,Mexico City Grand Prix,rodriguez,Autódromo Hermanos Rodríguez,Mexico,kevin_magnussen,MAG,Kevin,Magnussen,haas,Haas F1 Team,16,19,R,0.0,31,Accident,,,-3
2023,19,Mexico City Grand Prix,rodriguez,Autódromo Hermanos Rodríguez,Mexico,perez,PER,Sergio,Pérez,red_bull,Red Bull,5,20,R,0.0,1,Collision damage,,,-15
2023,20,São Paulo Grand Prix,interlagos,Autódromo José Carlos Pace,Brazil,max_verstappen,VER,Max,Verstappen,red_bull,Red Bull,1,1,1,25.0,71,Finished,7008894,1:56:48.894,0
2023,20,São Paulo Grand Prix,interlagos,Autódromo José Carlos Pace,Brazil,norris,NOR,Lando,Norris,mclaren,McLaren,6,2,2,19.0,71,Finished,7017171,+8.277,4
2023,20,São Paulo Grand Prix,interlagos,Autódromo José Carlos Pace,Brazil,alonso,ALO,Fernando,Alonso,aston_martin,Aston Martin,4,3,3,15.0,71,Finished,7043049,+34.155,1
2023,20,São Paulo Grand Prix,interlagos,Autódromo José Carlos Pace,Brazil,perez,PER,Sergio,Pérez,red_bull,Red Bull,9,4,4,12.0,71,Finished,7043102,+34.208,5
2023,20,São Paulo Grand Prix,interlagos,Autódromo José Carlos Pace,Brazil,stroll,STR,Lance,Stroll,aston_martin,Aston Martin,3,5,5,10.0,71,Finished,7049739,+40.845,-2
2023,20,São Paulo Grand Prix,interlagos,Autódromo José Carlos Pace,Brazil,sainz,SAI,Carlos,Sainz,ferrari,Ferrari,7,6,6,8.0,71,Finished,7059082,+50.188,1
2023,20,São Paulo Grand Prix,interlagos,Autódromo José Carlos Pace,Brazil,gasly,GAS,Pierre,Gasly,alpine,Alpine F1 Team,15,7,7,6.0,71,Finished,7064987,+56.093,8
2023,20,São Paulo Grand Prix,interlagos,Autódromo José Carlos Pace,Brazil,hamilton,HAM,Lewis,Hamilton,mercedes,Mercedes,5,8,8,4.0,71,Finished,7071753,+1:02.859,-3
2023,20,São Paulo Grand Prix,interlagos,Autódromo José Carlos Pace,Brazil,tsunoda,TSU,Yuki,Tsunoda,alphatauri,AlphaTauri,16,9,9,2.0,71,Finished,7078774,+1:09.880,7
2023,20,São Paulo Grand Prix,interlagos,Autódromo José Carlos Pace,Brazil,ocon,OCO,Esteban,Ocon,alpine,Alpine F1 Team,14,10,10,1.0,70,Lapped,7018735,+9.841,4
2023,20,São Paulo Grand Prix,interlagos,Autódromo José Carlos Pace,Brazil,sargeant,SAR,Logan,Sargeant,williams,Williams,19,11,11,0.0,70,Lapped,7035102,+26.208,8
2023,20,São Paulo Grand Prix,interlagos,Autódromo José Carlos Pace,Brazil,hulkenberg,HUL,Nico,Hülkenberg,haas,Haas F1 Team,11,12,12,0.0,70,Lapped,7038854,+29.960,-1
2023,20,São Paulo Grand Prix,interlagos,Autódromo José Carlos Pace,Brazil,ricciardo,RIC,Daniel,Ricciardo,alphatauri,AlphaTauri,17,13,13,0.0,70,Lapped,7078855,+1:09.961,4
2023,20,São Paulo Grand Prix,interlagos,Autódromo José Carlos Pace,Brazil,piastri,PIA,Oscar,Piastri,mclaren,McLaren,10,14,14,0.0,69,Lapped,7012530,+3.636,-4
2023,20,São Paulo Grand Prix,interlagos,Autódromo José Carlos Pace,Brazil,russell,RUS,George,Russell,mercedes,Mercedes,8,15,R,0.0,57,Retired,,,-7
2023,20,São Paulo Grand Prix,interlagos,Autódromo José Carlos Pace,Brazil,bottas,BOT,Valtteri,Bottas,alfa,Alfa Romeo,18,16,R,0.0,39,Retired,,,2
2023,20,São Paulo Grand Prix,interlagos,Autódromo José Carlos Pace,Brazil,zhou,ZHO,Guanyu,Zhou,alfa,Alfa Romeo,20,17,R,0.0,22,Retired,,,3
2023,20,São Paulo Grand Prix,interlagos,Autódromo José Carlos Pace,Brazil,kevin_magnussen,MAG,Kevin,Magnussen,haas,Haas F1 Team,12,18,R,0.0,0,Retired,,,-6
2023,20,São Paulo Grand Prix,interlagos,Autódromo José Carlos Pace,Brazil,albon,ALB,Alexander,Albon,williams,Williams,13,19,R,0.0,0,Retired,,,-6
2023,20,São Paulo Grand Prix,interlagos,Autódromo José Carlos Pace,Brazil,leclerc,LEC,Charles,Leclerc,ferrari,Ferrari,2,20,W,0.0,0,Did not start,,,-18
2023,21,Las Vegas Grand Prix,vegas,Las Vegas Strip Street Circuit,USA,max_verstappen,VER,Max,Verstappen,red_bull,Red Bull,2,1,1,25.0,50,Finished,5348289,1:29:08.289,1
2023,21,Las Vegas Grand Prix,vegas,Las Vegas Strip Street Circuit,USA,leclerc,LEC,Charles,Leclerc,ferrari,Ferrari,1,2,2,18.0,50,Finished,5350359,+2.070,-1
2023,21,Las Vegas Grand Prix,vegas,Las Vegas Strip Street Circuit,USA,perez,PER,Sergio,Pérez,red_bull,Red Bull,11,3,3,15.0,50,Finished,5350530,+2.241,8
2023,21,Las Vegas Grand Prix,vegas,Las Vegas Strip Street Circuit,USA,ocon,OCO,Esteban,Ocon,alpine,Alpine F1 Team,16,4,4,12.0,50,Finished,5366954,+18.665,12
2023,21,Las Vegas Grand Prix,vegas,Las Vegas Strip Street Circuit,USA,stroll,STR,Lance,Stroll,aston_martin,Aston Martin,19,5,5,10.0,50,Finished,5368356,+20.067,14
2023,21,Las Vegas Grand Prix,vegas,Las Vegas Strip Street Circuit,USA,sainz,SAI,Carlos,Sainz,ferrari,Ferrari,12,6,6,8.0,50,Finished,5369123,+20.834,6
2023,21,Las Vegas Grand Prix,vegas,Las Vegas Strip Street Circuit,USA,hamilton,HAM,Lewis,Hamilton,mercedes,Mercedes,10,7,7,6.0,50,Finished,5370044,+21.755,3
2023,21,Las Vegas Grand Prix,vegas,Las Vegas Strip Street Circuit,USA,russell,RUS,George,Russell,mercedes,Mercedes,3,8,8,4.0,50,Finished,5371380,+23.091,-5
2023,21,Las Vegas Grand Prix,vegas,Las Vegas Strip Street Circuit,USA,alonso,ALO,Fernando,Alonso,aston_martin,Aston Martin,9,9,9,2.0,50,Finished,5374253,+25.964,0
2023,21,Las Vegas Grand Prix,vegas,Las Vegas Strip Street Circuit,USA,piastri,PIA,Oscar,Piastri,mclaren,McLaren,18,10,10,2.0,50,Finished,5377785,+29.496,8
2023,21,Las Vegas Grand Prix,vegas,Las Vegas Strip Street Circuit,USA,gasly,GAS,Pierre,Gasly,alpine,Alpine F1 Team,4,11,11,0.0,50,Finished,5382559,+34.270,-7
2023,21,Las Vegas Grand Prix,vegas,Las Vegas Strip Street Circuit,USA,albon,ALB,Alexander,Albon,williams,Williams,5,12,12,0.0,50,Finished,5391687,+43.398,-7
2023,21,Las Vegas Grand Prix,vegas,Las Vegas Strip Street Circuit,USA,kevin_magnussen,MAG,Kevin,Magnussen,haas,Haas F1 Team,8,13,13,0.0,50,Finished,5393114,+44.825,-5
2023,21,Las Vegas Grand Prix,vegas,Las Vegas Strip Street Circuit,USA,ricciardo,RIC,Daniel,Ricciardo,alphatauri,AlphaTauri,14,14,14,0.0,50,Finished,5396814,+48.525,0
2023,21,Las Vegas Grand Prix,vegas,Las Vegas Strip Street Circuit,USA,zhou,ZHO,Guanyu,Zhou,alfa,Alfa Romeo,17,15,15,0.0,50,Finished,5398451,+50.162,2
2023,21,Las Vegas Grand Prix,vegas,Las Vegas Strip Street Circuit,USA,sargeant,SAR,Logan,Sargeant,williams,Williams,6,16,16,0.0,50,Finished,5399171,+50.882,-10
2023,21,Las Vegas Grand Prix,vegas,Las Vegas Strip Street Circuit,USA,bottas,BOT,Valtteri,Bottas,alfa,Alfa Romeo,7,17,17,0.0,50,Finished,5433639,+1:25.350,-10
2023,21,Las Vegas Grand Prix,vegas,Las Vegas Strip Street Circuit,USA,tsunoda,TSU,Yuki,Tsunoda,alphatauri,AlphaTauri,20,18,18,0.0,46,Retired,5018931,,2
2023,21,Las Vegas Grand Prix,vegas,Las Vegas Strip Street Circuit,USA,hulkenberg,HUL,Nico,Hülkenberg,haas,Haas F1 Team,13,19,19,0.0,45,Retired,4903790,,-6
2023,21,Las Vegas Grand Prix,vegas,Las Vegas Strip Street Circuit,USA,norris,NOR,Lando,Norris,mclaren,McLaren,15,20,R,0.0,2,Retired,,,-5
2023,22,Abu Dhabi Grand Prix,yas_marina,Yas Marina Circuit,UAE,max_verstappen,VER,Max,Verstappen,red_bull,Red Bull,1,1,1,26.0,58,Finished,5222624,1:27:02.624,0
2023,22,Abu Dhabi Grand Prix,yas_marina,Yas Marina Circuit,UAE,leclerc,LEC,Charles,Leclerc,ferrari,Ferrari,2,2,2,18.0,58,Finished,5240617,+17.993,0
2023,22,Abu Dhabi Grand Prix,yas_marina,Yas Marina Circuit,UAE,russell,RUS,George,Russell,mercedes,Mercedes,4,3,3,15.0,58,Finished,5242952,+20.328,1
2023,22,Abu Dhabi Grand Prix,yas_marina,Yas Marina Circuit,UAE,perez,PER,Sergio,Pérez,red_bull,Red Bull,9,4,4,12.0,58,Finished,5244077,+21.453,5
2023,22,Abu Dhabi Grand Prix,yas_marina,Yas Marina Circuit,UAE,norris,NOR,Lando,Norris,mclaren,McLaren,5,5,5,10.0,58,Finished,5246908,+24.284,0
2023,22,Abu Dhabi Grand Prix,yas_marina,Yas Marina Circuit,UAE,piastri,PIA,Oscar,Piastri,mclaren,McLaren,3,6,6,8.0,58,Finished,5254111,+31.487,-3
2023,22,Abu Dhabi Grand Prix,yas_marina,Yas Marina Circuit,UAE,alonso,ALO,Fernando,Alonso,aston_martin,Aston Martin,7,7,7,6.0,58,Finished,5262136,+39.512,0
2023,22,Abu Dhabi Grand Prix,yas_marina,Yas Marina Circuit,UAE,tsunoda,TSU,Yuki,Tsunoda,alphatauri,AlphaTauri,6,8,8,4.0,58,Finished,5265712,+43.088,-2
2023,22,Abu Dhabi Grand Prix,yas_marina,Yas Marina Circuit,UAE,hamilton,HAM,Lewis,Hamilton,mercedes,Mercedes,11,9,9,2.0,58,Finished,5267048,+44.424,2
2023,22,Abu Dhabi Grand Prix,yas_marina,Yas Marina Circuit,UAE,stroll,STR,Lance,Stroll,aston_martin,Aston Martin,13,10,10,1.0,58,Finished,5278256,+55.632,3
2023,22,Abu Dhabi Grand Prix,yas_marina,Yas Marina Circuit,UAE,ricciardo,RIC,Daniel,Ricciardo,alphatauri,AlphaTauri,15,11,11,0.0,58,Finished,5278853,+56.229,4
2023,22,Abu Dhabi Grand Prix,yas_marina,Yas Marina Circuit,UAE,ocon,OCO,Esteban,Ocon,alpine,Alpine F1 Team,12,12,12,0.0,58,Finished,5288997,+1:06.373,0
2023,22,Abu Dhabi Grand Prix,yas_marina,Yas Marina Circuit,UAE,gasly,GAS,Pierre,Gasly,alpine,Alpine F1 Team,10,13,13,0.0,58,Finished,5292984,+1:10.360,-3
2023,22,Abu Dhabi Grand Prix,yas_marina,Yas Marina Circuit,UAE,albon,ALB,Alexander,Albon,williams,Williams,14,14,14,0.0,58,Finished,5295808,+1:13.184,0
2023,22,Abu Dhabi Grand Prix,yas_marina,Yas Marina Circuit,UAE,hulkenberg,HUL,Nico,Hülkenberg,haas,Haas F1 Team,8,15,15,0.0,58,Finished,5306320,+1:23.696,-7
2023,22,Abu Dhabi Grand Prix,yas_marina,Yas Marina Circuit,UAE,sargeant,SAR,Logan,Sargeant,williams,Williams,20,16,16,0.0,58,Finished,5310415,+1:27.791,4
2023,22,Abu Dhabi Grand Prix,yas_marina,Yas Marina Circuit,UAE,zhou,ZHO,Guanyu,Zhou,alfa,Alfa Romeo,19,17,17,0.0,58,Finished,5312046,+1:29.422,2
2023,22,Abu Dhabi Grand Prix,yas_marina,Yas Marina Circuit,UAE,sainz,SAI,Carlos,Sainz,ferrari,Ferrari,16,18,18,0.0,57,Retired,5210923,,-2
2023,22,Abu Dhabi Grand Prix,yas_marina,Yas Marina Circuit,UAE,bottas,BOT,Valtteri,Bottas,alfa,Alfa Romeo,18,19,19,0.0,57,Lapped,5235035,+12.411,-1
2023,22,Abu Dhabi Grand Prix,yas_marina,Yas Marina Circuit,UAE,kevin_magnussen,MAG,Kevin,Magnussen,haas,Haas F1 Team,17,20,20,0.0,57,Lapped,5237500,+14.876,-3
2024,1,Bahrain Grand Prix,bahrain,Bahrain International Circuit,Bahrain,max_verstappen,VER,Max,Verstappen,red_bull,Red Bull,1,1,1,26.0,57,Finished,5504742,1:31:44.742,0
2024,1,Bahrain Grand Prix,bahrain,Bahrain International Circuit,Bahrain,perez,PER,Sergio,Pérez,red_bull,Red Bull,5,2,2,18.0,57,Finished,5527199,+22.457,3
2024,1,Bahrain Grand Prix,bahrain,Bahrain International Circuit,Bahrain,sainz,SAI,Carlos,Sainz,ferrari,Ferrari,4,3,3,15.0,57,Finished,5529852,+25.110,1
2024,1,Bahrain Grand Prix,bahrain,Bahrain International Circuit,Bahrain,leclerc,LEC,Charles,Leclerc,ferrari,Ferrari,2,4,4,12.0,57,Finished,5544411,+39.669,-2
2024,1,Bahrain Grand Prix,bahrain,Bahrain International Circuit,Bahrain,russell,RUS,George,Russell,mercedes,Mercedes,3,5,5,10.0,57,Finished,5551530,+46.788,-2
2024,1,Bahrain Grand Prix,bahrain,Bahrain International Circuit,Bahrain,norris,NOR,Lando,Norris,mclaren,McLaren,7,6,6,8.0,57,Finished,5553200,+48.458,1
2024,1,Bahrain Grand Prix,bahrain,Bahrain International Circuit,Bahrain,hamilton,HAM,Lewis,Hamilton,mercedes,Mercedes,9,7,7,6.0,57,Finished,5555066,+50.324,2
2024,1,Bahrain Grand Prix,bahrain,Bahrain International Circuit,Bahrain,piastri,PIA,Oscar,Piastri,mclaren,McLaren,8,8,8,4.0,57,Finished,5560824,+56.082,0
2024,1,Bahrain Grand Prix,bahrain,Bahrain International Circuit,Bahrain,alonso,ALO,Fernando,Alonso,aston_martin,Aston Martin,6,9,9,2.0,57,Finished,5579629,+1:14.887,-3
2024,1,Bahrain Grand Prix,bahrain,Bahrain International Circuit,Bahrain,stroll,STR,Lance,Stroll,aston_martin,Aston Martin,12,10,10,1.0,57,Finished,5597958,+1:33.216,2
2024,1,Bahrain Grand Prix,bahrain,Bahrain International Circuit,Bahrain,zhou,ZHO,Guanyu,Zhou,sauber,Sauber,17,11,11,0.0,56,Lapped,5511501,+6.759,6
2024,1,Bahrain Grand Prix,bahrain,Bahrain International Circuit,Bahrain,kevin_magnussen,MAG,Kevin,Magnussen,haas,Haas F1 Team,15,12,12,0.0,56,Lapped,5513058,+8.316,3
2024,1,Bahrain Grand Prix,bahrain,Bahrain International Circuit,Bahrain,ricciardo,RIC,Daniel,Ricciardo,rb,RB F1 Team,14,13,13,0.0,56,Lapped,5513700,+8.958,1
2024,1,Bahrain Grand Prix,bahrain,Bahrain International Circuit,Bahrain,tsunoda,TSU,Yuki,Tsunoda,rb,RB F1 Team,11,14,14,0.0,56,Lapped,5514224,+9.482,-3
2024,1,Bahrain Grand Prix,bahrain,Bahrain International Circuit,Bahrain,albon,ALB,Alexander,Albon,williams,Williams,13,15,15,0.0,56,Lapped,5516628,+11.886,-2
2024,1,Bahrain Grand Prix,bahrain,Bahrain International Circuit,Bahrain,hulkenberg,HUL,Nico,Hülkenberg,haas,Haas F1 Team,10,16,16,0.0,56,Lapped,5522374,+17.632,-6
2024,1,Bahrain Grand Prix,bahrain,Bahrain International Circuit,Bahrain,ocon,OCO,Esteban,Ocon,alpine,Alpine F1 Team,19,17,17,0.0,56,Lapped,5536192,+31.450,2
2024,1,Bahrain Grand Prix,bahrain,Bahrain International Circuit,Bahrain,gasly,GAS,Pierre,Gasly,alpine,Alpine F1 Team,20,18,18,0.0,56,Lapped,5537159,+32.417,2
2024,1,Bahrain Grand Prix,bahrain,Bahrain International Circuit,Bahrain,bottas,BOT,Valtteri,Bottas,sauber,Sauber,16,19,19,0.0,56,Lapped,5587972,+1:23.230,-3
2024,1,Bahrain Grand Prix,bahrain,Bahrain International Circuit,Bahrain,sargeant,SAR,Logan,Sargeant,williams,Williams,18,20,20,0.0,55,Lapped,5525537,+20.795,-2
2024,2,Saudi Arabian Grand Prix,jeddah,Jeddah Corniche Circuit,Saudi Arabia,max_verstappen,VER,Max,Verstappen,red_bull,Red Bull,1,1,1,25.0,50,Finished,4843273,1:20:43.273,0
2024,2,Saudi Arabian Grand Prix,jeddah,Jeddah Corniche Circuit,Saudi Arabia,perez,PER,Sergio,Pérez,red_bull,Red Bull,3,2,2,18.0,50,Finished,4856916,+13.643,1
2024,2,Saudi Arabian Grand Prix,jeddah,Jeddah Corniche Circuit,Saudi Arabia,leclerc,LEC,Charles,Leclerc,ferrari,Ferrari,2,3,3,16.0,50,Finished,4861912,+18.639,-1
2024,2,Saudi Arabian Grand Prix,jeddah,Jeddah Corniche Circuit,Saudi Arabia,piastri,PIA,Oscar,Piastri,mclaren,McLaren,5,4,4,12.0,50,Finished,4875280,+32.007,1
2024,2,Saudi Arabian Grand Prix,jeddah,Jeddah Corniche Circuit,Saudi Arabia,alonso,ALO,Fernando,Alonso,aston_martin,Aston Martin,4,5,5,10.0,50,Finished,4879032,+35.759,-1
2024,2,Saudi Arabian Grand Prix,jeddah,Jeddah Corniche Circuit,Saudi Arabia,russell,RUS,George,Russell,mercedes,Mercedes,7,6,6,8.0,50,Finished,4883209,+39.936,1
2024,2,Saudi Arabian Grand Prix,jeddah,Jeddah Corniche Circuit,Saudi Arabia,bearman,BEA,Oliver,Bearman,ferrari,Ferrari,11,7,7,6.0,50,Finished,4885952,+42.679,4
2024,2,Saudi Arabian Grand Prix,jeddah,Jeddah Corniche Circuit,Saudi Arabia,norris,NOR,Lando,Norris,mclaren,McLaren,6,8,8,4.0,50,Finished,4888981,+45.708,-2
2024,2,Saudi Arabian Grand Prix,jeddah,Jeddah Corniche Circuit,Saudi Arabia,hamilton,HAM,Lewis,Hamilton,mercedes,Mercedes,8,9,9,2.0,50,Finished,4890664,+47.391,-1
2024,2,Saudi Arabian Grand Prix,jeddah,Jeddah Corniche Circuit,Saudi Arabia,hulkenberg,HUL,Nico,Hülkenberg,haas,Haas F1 Team,15,10,10,1.0,50,Finished,4920269,+1:16.996,5
2024,2,Saudi Arabian Grand Prix,jeddah,Jeddah Corniche Circuit,Saudi Arabia,albon,ALB,Alexander,Albon,williams,Williams,12,11,11,0.0,50,Finished,4931627,+1:28.354,1
2024,2,Saudi Arabian Grand Prix,jeddah,Jeddah Corniche Circuit,Saudi Arabia,kevin_magnussen,MAG,Kevin,Magnussen,haas,Haas F1 Team,13,12,12,0.0,50,Finished,4949010,+1:45.737,1
2024,2,Saudi Arabian Grand Prix,jeddah,Jeddah Corniche Circuit,Saudi Arabia,ocon,OCO,Esteban,Ocon,alpine,Alpine F1 Team,17,13,13,0.0,49,Lapped,4847274,+4.001,4
2024,2,Saudi Arabian Grand Prix,jeddah,Jeddah Corniche Circuit,Saudi Arabia,sargeant,SAR,Logan,Sargeant,williams,Williams,19,14,14,0.0,49,Lapped,4850058,+6.785,5
2024,2,Saudi Arabian Grand Prix,jeddah,Jeddah Corniche Circuit,Saudi Arabia,tsunoda,TSU,Yuki,Tsunoda,rb,RB F1 Team,9,15,15,0.0,49,Lapped,4853806,+10.533,-6
2024,2,Saudi Arabian Grand Prix,jeddah,Jeddah Corniche Circuit,Saudi Arabia,ricciardo,RIC,Daniel,Ricciardo,rb,RB F1 Team,14,16,16,0.0,49,Lapped,4863988,+20.715,-2
2024,2,Saudi Arabian Grand Prix,jeddah,Jeddah Corniche Circuit,Saudi Arabia,bottas,BOT,Valtteri,Bottas,sauber,Sauber,16,17,17,0.0,49,Lapped,4866388,+23.115,-1
2024,2,Saudi Arabian Grand Prix,jeddah,Jeddah Corniche Circuit,Saudi Arabia,zhou,ZHO,Guanyu,Zhou,sauber,Sauber,20,18,18,0.0,49,Lapped,4872826,+29.553,2
2024,2,Saudi Arabian Grand Prix,jeddah,Jeddah Corniche Circuit,Saudi Arabia,stroll,STR,Lance,Stroll,aston_martin,Aston Martin,10,19,R,0.0,5,Retired,,,-9
2024,2,Saudi Arabian Grand Prix,jeddah,Jeddah Corniche Circuit,Saudi Arabia,gasly,GAS,Pierre,Gasly,alpine,Alpine F1 Team,18,20,R,0.0,1,Retired,,,-2
2024,3,Australian Grand Prix,albert_park,Albert Park Grand Prix Circuit,Australia,sainz,SAI,Carlos,Sainz,ferrari,Ferrari,2,1,1,25.0,58,Finished,4826843,1:20:26.843,1
2024,3,Australian Grand Prix,albert_park,Albert Park Grand Prix Circuit,Australia,leclerc,LEC,Charles,Leclerc,ferrari,Ferrari,4,2,2,19.0,58,Finished,4829209,+2.366,2
2024,3,Australian Grand Prix,albert_park,Albert Park Grand Prix Circuit,Australia,norris,NOR,Lando,Norris,mclaren,McLaren,3,3,3,15.0,58,Finished,4832747,+5.904,0
2024,3,Australian Grand Prix,albert_park,Albert Park Grand Prix Circuit,Australia,piastri,PIA,Oscar,Piastri,mclaren,McLaren,5,4,4,12.0,58,Finished,4862613,+35.770,1
2024,3,Australian Grand Prix,albert_park,Albert Park Grand Prix Circuit,Australia,perez,PER,Sergio,Pérez,red_bull,Red Bull,6,5,5,10.0,58,Finished,4883152,+56.309,1
2024,3,Australian Grand Prix,albert_park,Albert Park Grand Prix Circuit,Australia,stroll,STR,Lance,Stroll,aston_martin,Aston Martin,9,6,6,8.0,58,Finished,4920065,+1:33.222,3
2024,3,Australian Grand Prix,albert_park,Albert Park Grand Prix Circuit,Australia,tsunoda,TSU,Yuki,Tsunoda,rb,RB F1 Team,8,7,7,6.0,58,Finished,4922444,+1:35.601,1
2024,3,Australian Grand Prix,albert_park,Albert Park Grand Prix Circuit,Australia,alonso,ALO,Fernando,Alonso,aston_martin,Aston Martin,10,8,8,4.0,58,Finished,4927835,+1:40.992,2
2024,3,Australian Grand Prix,albert_park,Albert Park Grand Prix Circuit,Australia,hulkenberg,HUL,Nico,Hülkenberg,haas,Haas F1 Team,16,9,9,2.0,58,Finished,4931396,+1:44.553,7
2024,3,Australian Grand Prix,albert_park,Albert Park Grand Prix Circuit,Australia,kevin_magnussen,MAG,Kevin,Magnussen,haas,Haas F1 Team,14,10,10,1.0,57,Lapped,4830924,+4.081,4
2024,3,Australian Grand Prix,albert_park,Albert Park Grand Prix Circuit,Australia,albon,ALB,Alexander,Albon,williams,Williams,12,11,11,0.0,57,Lapped,4831852,+5.009,1
2024,3,Australian Grand Prix,albert_park,Albert Park Grand Prix Circuit,Australia,ricciardo,RIC,Daniel,Ricciardo,rb,RB F1 Team,18,12,12,0.0,57,Lapped,4838351,+11.508,6
2024,3,Australian Grand Prix,albert_park,Albert Park Grand Prix Circuit,Australia,gasly,GAS,Pierre,Gasly,alpine,Alpine F1 Team,17,13,13,0.0,57,Lapped,4867796,+40.953,4
2024,3,Australian Grand Prix,albert_park,Albert Park Grand Prix Circuit,Australia,bottas,BOT,Valtteri,Bottas,sauber,Sauber,13,14,14,0.0,57,Lapped,4869169,+42.326,-1
2024,3,Australian Grand Prix,albert_park,Albert Park Grand Prix Circuit,Australia,zhou,ZHO,Guanyu,Zhou,sauber,Sauber,19,15,15,0.0,57,Lapped,4871136,+44.293,4
2024,3,Australian Grand Prix,albert_park,Albert Park Grand Prix Circuit,Australia,ocon,OCO,Esteban,Ocon,alpine,Alpine F1 Team,15,16,16,0.0,57,Lapped,4880822,+53.979,-1
2024,3,Australian Grand Prix,albert_park,Albert Park Grand Prix Circuit,Australia,russell,RUS,George,Russell,mercedes,Mercedes,7,17,17,0.0,56,Retired,4684734,,-10
2024,3,Australian Grand Prix,albert_park,Albert Park Grand Prix Circuit,Australia,hamilton,HAM,Lewis,Hamilton,mercedes,Mercedes,11,18,R,0.0,15,Retired,,,-7
2024,3,Australian Grand Prix,albert_park,Albert Park Grand Prix Circuit,Australia,max_verstappen,VER,Max,Verstappen,red_bull,Red Bull,1,19,R,0.0,3,Retired,,,-18
2024,4,Japanese Grand Prix,suzuka,Suzuka Circuit,Japan,max_verstappen,VER,Max,Verstappen,red_bull,Red Bull,1,1,1,26.0,53,Finished,6863566,1:54:23.566,0
2024,4,Japanese Grand Prix,suzuka,Suzuka Circuit,Japan,perez,PER,Sergio,Pérez,red_bull,Red Bull,2,2,2,18.0,53,Finished,6876101,+12.535,0
2024,4,Japanese Grand Prix,suzuka,Suzuka Circuit,Japan,sainz,SAI,Carlos,Sainz,ferrari,Ferrari,4,3,3,15.0,53,Finished,6884432,+20.866,1
2024,4,Japanese Grand Prix,suzuka,Suzuka Circuit,Japan,leclerc,LEC,Charles,Leclerc,ferrari,Ferrari,8,4,4,12.0,53,Finished,6890088,+26.522,4
2024,4,Japanese Grand Prix,suzuka,Suzuka Circuit,Japan,norris,NOR,Lando,Norris,mclaren,McLaren,3,5,5,10.0,53,Finished,6893266,+29.700,-2
2024,4,Japanese Grand Prix,suzuka,Suzuka Circuit,Japan,alonso,ALO,Fernando,Alonso,aston_martin,Aston Martin,5,6,6,8.0,53,Finished,6907838,+44.272,-1
2024,4,Japanese Grand Prix,suzuka,Suzuka Circuit,Japan,russell,RUS,George,Russell,mercedes,Mercedes,9,7,7,6.0,53,Finished,6909517,+45.951,2
2024,4,Japanese Grand Prix,suzuka,Suzuka Circuit,Japan,piastri,PIA,Oscar,Piastri,mclaren,McLaren,6,8,8,4.0,53,Finished,6911091,+47.525,-2
2024,4,Japanese Grand Prix,suzuka,Suzuka Circuit,Japan,hamilton,HAM,Lewis,Hamilton,mercedes,Mercedes,7,9,9,2.0,53,Finished,6912192,+48.626,-2
2024,4,Japanese Grand Prix,suzuka,Suzuka Circuit,Japan,tsunoda,TSU,Yuki,Tsunoda,rb,RB F1 Team,10,10,10,1.0,52,Lapped,6865168,+1.602,0
2024,4,Japanese Grand Prix,suzuka,Suzuka Circuit,Japan,hulkenberg,HUL,Nico,Hülkenberg,haas,Haas F1 Team,12,11,11,0.0,52,Lapped,6870734,+7.168,1
2024,4,Japanese Grand Prix,suzuka,Suzuka Circuit,Japan,stroll,STR,Lance,Stroll,aston_martin,Aston Martin,16,12,12,0.0,52,Lapped,6874799,+11.233,4
2024,4,Japanese Grand Prix,suzuka,Suzuka Circuit,Japan,kevin_magnussen,MAG,Kevin,Magnussen,haas,Haas F1 Team,18,13,13,0.0,52,Lapped,6881485,+17.919,5
2024,4,Japanese Grand Prix,suzuka,Suzuka Circuit,Japan,bottas,BOT,Valtteri,Bottas,sauber,Sauber,13,14,14,0.0,52,Lapped,6882459,+18.893,-1
2024,4,Japanese Grand Prix,suzuka,Suzuka Circuit,Japan,ocon,OCO,Esteban,Ocon,alpine,Alpine F1 Team,15,15,15,0.0,52,Lapped,6904718,+41.152,0
2024,4,Japanese Grand Prix,suzuka,Suzuka Circuit,Japan,gasly,GAS,Pierre,Gasly,alpine,Alpine F1 Team,17,16,16,0.0,52,Lapped,6918632,+55.066,1
2024,4,Japanese Grand Prix,suzuka,Suzuka Circuit,Japan,sargeant,SAR,Logan,Sargeant,williams,Williams,19,17,17,0.0,52,Lapped,6936331,+1:12.765,2
2024,4,Japanese Grand Prix,suzuka,Suzuka Circuit,Japan,zhou,ZHO,Guanyu,Zhou,sauber,Sauber,20,18,R,0.0,12,Retired,,,2
2024,4,Japanese Grand Prix,suzuka,Suzuka Circuit,Japan,ricciardo,RIC,Daniel,Ricciardo,rb,RB F1 Team,11,19,R,0.0,0,Retired,,,-8
2024,4,Japanese Grand Prix,suzuka,Suzuka Circuit,Japan,albon,ALB,Alexander,Albon,williams,Williams,14,20,R,0.0,0,Retired,,,-6
2024,5,Chinese Grand Prix,shanghai,Shanghai International Circuit,China,max_verstappen,VER,Max,Verstappen,red_bull,Red Bull,1,1,1,25.0,56,Finished,6052554,1:40:52.554,0
2024,5,Chinese Grand Prix,shanghai,Shanghai International Circuit,China,norris,NOR,Lando,Norris,mclaren,McLaren,4,2,2,18.0,56,Finished,6066327,+13.773,2
2024,5,Chinese Grand Prix,shanghai,Shanghai International Circuit,China,perez,PER,Sergio,Pérez,red_bull,Red Bull,2,3,3,15.0,56,Finished,6071714,+19.160,-1
2024,5,Chinese Grand Prix,shanghai,Shanghai International Circuit,China,leclerc,LEC,Charles,Leclerc,ferrari,Ferrari,6,4,4,12.0,56,Finished,6076177,+23.623,2
2024,5,Chinese Grand Prix,shanghai,Shanghai International Circuit,China,sainz,SAI,Carlos,Sainz,ferrari,Ferrari,7,5,5,10.0,56,Finished,6086537,+33.983,2
2024,5,Chinese Grand Prix,shanghai,Shanghai International Circuit,China,russell,RUS,George,Russell,mercedes,Mercedes,8,6,6,8.0,56,Finished,6091278,+38.724,2
2024,5,Chinese Grand Prix,shanghai,Shanghai International Circuit,China,alonso,ALO,Fernando,Alonso,aston_martin,Aston Martin,3,7,7,7.0,56,Finished,6095968,+43.414,-4
2024,5,Chinese Grand Prix,shanghai,Shanghai International Circuit,China,piastri,PIA,Oscar,Piastri,mclaren,McLaren,5,8,8,4.0,56,Finished,6108752,+56.198,-3
2024,5,Chinese Grand Prix,shanghai,Shanghai International Circuit,China,hamilton,HAM,Lewis,Hamilton,mercedes,Mercedes,18,9,9,2.0,56,Finished,6110540,+57.986,9
2024,5,Chinese Grand Prix,shanghai,Shanghai International Circuit,China,hulkenberg,HUL,Nico,Hülkenberg,haas,Haas F1 Team,9,10,10,1.0,56,Finished,6113030,+1:00.476,-1
2024,5,Chinese Grand Prix,shanghai,Shanghai International Circuit,China,ocon,OCO,Esteban,Ocon,alpine,Alpine F1 Team,13,11,11,0.0,56,Finished,6115366,+1:02.812,2
2024,5,Chinese Grand Prix,shanghai,Shanghai International Circuit,China,albon,ALB,Alexander,Albon,williams,Williams,14,12,12,0.0,56,Finished,6118060,+1:05.506,2
2024,5,Chinese Grand Prix,shanghai,Shanghai International Circuit,China,gasly,GAS,Pierre,Gasly,alpine,Alpine F1 Team,15,13,13,0.0,56,Finished,6121777,+1:09.223,2
2024,5,Chinese Grand Prix,shanghai,Shanghai International Circuit,China,zhou,ZHO,Guanyu,Zhou,sauber,Sauber,16,14,14,0.0,56,Finished,6124243,+1:11.689,2
2024,5,Chinese Grand Prix,shanghai,Shanghai International Circuit,China,stroll,STR,Lance,Stroll,aston_martin,Aston Martin,11,15,15,0.0,56,Finished,6135340,+1:22.786,-4
2024,5,Chinese Grand Prix,shanghai,Shanghai International Circuit,China,kevin_magnussen,MAG,Kevin,Magnussen,haas,Haas F1 Team,17,16,16,0.0,56,Finished,6140087,+1:27.533,1
2024,5,Chinese Grand Prix,shanghai,Shanghai International Circuit,China,sargeant,SAR,Logan,Sargeant,williams,Williams,20,17,17,0.0,56,Finished,6147664,+1:35.110,3
2024,5,Chinese Grand Prix,shanghai,Shanghai International Circuit,China,ricciardo,RIC,Daniel,Ricciardo,rb,RB F1 Team,12,18,R,0.0,33,Retired,,,-6
2024,5,Chinese Grand Prix,shanghai,Shanghai International Circuit,China,tsunoda,TSU,Yuki,Tsunoda,rb,RB F1 Team,19,19,R,0.0,26,Retired,,,0
2024,5,Chinese Grand Prix,shanghai,Shanghai International Circuit,China,bottas,BOT,Valtteri,Bottas,sauber,Sauber,10,20,R,0.0,19,Retired,,,-10
2024,6,Miami Grand Prix,miami,Miami International Autodrome,USA,norris,NOR,Lando,Norris,mclaren,McLaren,5,1,1,25.0,57,Finished,5449876,1:30:49.876,4
2024,6,Miami Grand Prix,miami,Miami International Autodrome,USA,max_verstappen,VER,Max,Verstappen,red_bull,Red Bull,1,2,2,18.0,57,Finished,5457488,+7.612,-1
2024,6,Miami Grand Prix,miami,Miami International Autodrome,USA,leclerc,LEC,Charles,Leclerc,ferrari,Ferrari,2,3,3,15.0,57,Finished,5459796,+9.920,-1
2024,6,Miami Grand Prix,miami,Miami International Autodrome,USA,perez,PER,Sergio,Pérez,red_bull,Red Bull,4,4,4,12.0,57,Finished,5464526,+14.650,0
2024,6,Miami Grand Prix,miami,Miami International Autodrome,USA,sainz,SAI,Carlos,Sainz,ferrari,Ferrari,3,5,5,10.0,57,Finished,5466283,+16.407,-2
2024,6,Miami Grand Prix,miami,Miami International Autodrome,USA,hamilton,HAM,Lewis,Hamilton,mercedes,Mercedes,8,6,6,8.0,57,Finished,5466461,+16.585,2
2024,6,Miami Grand Prix,miami,Miami International Autodrome,USA,tsunoda,TSU,Yuki,Tsunoda,rb,RB F1 Team,10,7,7,6.0,57,Finished,5476061,+26.185,3
2024,6,Miami Grand Prix,miami,Miami International Autodrome,USA,russell,RUS,George,Russell,mercedes,Mercedes,7,8,8,4.0,57,Finished,5484665,+34.789,-1
2024,6,Miami Grand Prix,miami,Miami International Autodrome,USA,alonso,ALO,Fernando,Alonso,aston_martin,Aston Martin,15,9,9,2.0,57,Finished,5486983,+37.107,6
2024,6,Miami Grand Prix,miami,Miami International Autodrome,USA,ocon,OCO,Esteban,Ocon,alpine,Alpine F1 Team,13,10,10,1.0,57,Finished,5489622,+39.746,3
2024,6,Miami Grand Prix,miami,Miami International Autodrome,USA,hulkenberg,HUL,Nico,Hülkenberg,haas,Haas F1 Team,9,11,11,0.0,57,Finished,5490665,+40.789,-2
2024,6,Miami Grand Prix,miami,Miami International Autodrome,USA,gasly,GAS,Pierre,Gasly,alpine,Alpine F1 Team,12,12,12,0.0,57,Finished,5494834,+44.958,0
2024,6,Miami Grand Prix,miami,Miami International Autodrome,USA,piastri,PIA,Oscar,Piastri,mclaren,McLaren,6,13,13,0.0,57,Finished,5499632,+49.756,-7
2024,6,Miami Grand Prix,miami,Miami International Autodrome,USA,zhou,ZHO,Guanyu,Zhou,sauber,Sauber,19,14,14,0.0,57,Finished,5499855,+49.979,5
2024,6,Miami Grand Prix,miami,Miami International Autodrome,USA,ricciardo,RIC,Daniel,Ricciardo,rb,RB F1 Team,20,15,15,0.0,57,Finished,5500832,+50.956,5
2024,6,Miami Grand Prix,miami,Miami International Autodrome,USA,bottas,BOT,Valtteri,Bottas,sauber,Sauber,16,16,16,0.0,57,Finished,5502232,+52.356,0
2024,6,Miami Grand Prix,miami,Miami International Autodrome,USA,stroll,STR,Lance,Stroll,aston_martin,Aston Martin,11,17,17,0.0,57,Finished,5505049,+55.173,-6
2024,6,Miami Grand Prix,miami,Miami International Autodrome,USA,albon,ALB,Alexander,Albon,williams,Williams,14,18,18,0.0,57,Finished,5525967,+1:16.091,-4
2024,6,Miami Grand Prix,miami,Miami International Autodrome,USA,kevin_magnussen,MAG,Kevin,Magnussen,haas,Haas F1 Team,18,19,19,0.0,57,Finished,5534559,+1:24.683,-1
2024,6,Miami Grand Prix,miami,Miami International Autodrome,USA,sargeant,SAR,Logan,Sargeant,williams,Williams,17,20,R,0.0,27,Retired,,,-3
2024,7,Emilia Romagna Grand Prix,imola,Autodromo Enzo e Dino Ferrari,Italy,max_verstappen,VER,Max,Verstappen,red_bull,Red Bull,1,1,1,25.0,63,Finished,5125252,1:25:25.252,0
2024,7,Emilia Romagna Grand Prix,imola,Autodromo Enzo e Dino Ferrari,Italy,norris,NOR,Lando,Norris,mclaren,McLaren,2,2,2,18.0,63,Finished,5125977,+0.725,0
2024,7,Emilia Romagna Grand Prix,imola,Autodromo Enzo e Dino Ferrari,Italy,leclerc,LEC,Charles,Leclerc,ferrari,Ferrari,3,3,3,15.0,63,Finished,5133168,+7.916,0
2024,7,Emilia Romagna Grand Prix,imola,Autodromo Enzo e Dino Ferrari,Italy,piastri,PIA,Oscar,Piastri,mclaren,McLaren,5,4,4,12.0,63,Finished,5139384,+14.132,1
2024,7,Emilia Romagna Grand Prix,imola,Autodromo Enzo e Dino Ferrari,Italy,sainz,SAI,Carlos,Sainz,ferrari,Ferrari,4,5,5,10.0,63,Finished,5147577,+22.325,-1
2024,7,Emilia Romagna Grand Prix,imola,Autodromo Enzo e Dino Ferrari,Italy,hamilton,HAM,Lewis,Hamilton,mercedes,Mercedes,8,6,6,8.0,63,Finished,5160356,+35.104,2
2024,7,Emilia Romagna Grand Prix,imola,Autodromo Enzo e Dino Ferrari,Italy,russell,RUS,George,Russell,mercedes,Mercedes,6,7,7,7.0,63,Finished,5172406,+47.154,-1
2024,7,Emilia Romagna Grand Prix,imola,Autodromo Enzo e Dino Ferrari,Italy,perez,PER,Sergio,Pérez,red_bull,Red Bull,11,8,8,4.0,63,Finished,5180028,+54.776,3
2024,7,Emilia Romagna Grand Prix,imola,Autodromo Enzo e Dino Ferrari,Italy,stroll,STR,Lance,Stroll,aston_martin,Aston Martin,13,9,9,2.0,63,Finished,5204808,+1:19.556,4
2024,7,Emilia Romagna Grand Prix,imola,Autodromo Enzo e Dino Ferrari,Italy,tsunoda,TSU,Yuki,Tsunoda,rb,RB F1 Team,7,10,10,1.0,62,Lapped,5143108,+17.856,-3
2024,7,Emilia Romagna Grand Prix,imola,Autodromo Enzo e Dino Ferrari,Italy,hulkenberg,HUL,Nico,Hülkenberg,haas,Haas F1 Team,10,11,11,0.0,62,Lapped,5150529,+25.277,-1
2024,7,Emilia Romagna Grand Prix,imola,Autodromo Enzo e Dino Ferrari,Italy,kevin_magnussen,MAG,Kevin,Magnussen,haas,Haas F1 Team,18,12,12,0.0,62,Lapped,5151686,+26.434,6
2024,7,Emilia Romagna Grand Prix,imola,Autodromo Enzo e Dino Ferrari,Italy,ricciardo,RIC,Daniel,Ricciardo,rb,RB F1 Team,9,13,13,0.0,62,Lapped,5152913,+27.661,-4
2024,7,Emilia Romagna Grand Prix,imola,Autodromo Enzo e Dino Ferrari,Italy,ocon,OCO,Esteban,Ocon,alpine,Alpine F1 Team,12,14,14,0.0,62,Lapped,5169159,+43.907,-2
2024,7,Emilia Romagna Grand Prix,imola,Autodromo Enzo e Dino Ferrari,Italy,zhou,ZHO,Guanyu,Zhou,sauber,Sauber,17,15,15,0.0,62,Lapped,5170185,+44.933,2
2024,7,Emilia Romagna Grand Prix,imola,Autodromo Enzo e Dino Ferrari,Italy,gasly,GAS,Pierre,Gasly,alpine,Alpine F1 Team,15,16,16,0.0,62,Lapped,5174967,+49.715,-1
2024,7,Emilia Romagna Grand Prix,imola,Autodromo Enzo e Dino Ferrari,Italy,sargeant,SAR,Logan,Sargeant,williams,Williams,19,17,17,0.0,62,Lapped,5176303,+51.051,2
2024,7,Emilia Romagna Grand Prix,imola,Autodromo Enzo e Dino Ferrari,Italy,bottas,BOT,Valtteri,Bottas,sauber,Sauber,16,18,18,0.0,62,Lapped,5181595,+56.343,-2
2024,7,Emilia Romagna Grand Prix,imola,Autodromo Enzo e Dino Ferrari,Italy,alonso,ALO,Fernando,Alonso,aston_martin,Aston Martin,20,19,19,0.0,62,Lapped,5200376,+1:15.124,1
2024,7,Emilia Romagna Grand Prix,imola,Autodromo Enzo e Dino Ferrari,Italy,albon,ALB,Alexander,Albon,williams,Williams,14,20,R,0.0,51,Retired,,,-6
2024,8,Monaco Grand Prix,monaco,Circuit de Monaco,Monaco,leclerc,LEC,Charles,Leclerc,ferrari,Ferrari,1,1,1,25.0,78,Finished,8595554,2:23:15.554,0
2024,8,Monaco Grand Prix,monaco,Circuit de Monaco,Monaco,piastri,PIA,Oscar,Piastri,mclaren,McLaren,2,2,2,18.0,78,Finished,8602706,+7.152,0
2024,8,Monaco Grand Prix,monaco,Circuit de Monaco,Monaco,sainz,SAI,Carlos,Sainz,ferrari,Ferrari,3,3,3,15.0,78,Finished,8603139,+7.585,0
2024,8,Monaco Grand Prix,monaco,Circuit de Monaco,Monaco,norris,NOR,Lando,Norris,mclaren,McLaren,4,4,4,12.0,78,Finished,8604204,+8.650,0
2024,8,Monaco Grand Prix,monaco,Circuit de Monaco,Monaco,russell,RUS,George,Russell,mercedes,Mercedes,5,5,5,10.0,78,Finished,8608863,+13.309,0
2024,8,Monaco Grand Prix,monaco,Circuit de Monaco,Monaco,max_verstappen,VER,Max,Verstappen,red_bull,Red Bull,6,6,6,8.0,78,Finished,8609407,+13.853,0
2024,8,Monaco Grand Prix,monaco,Circuit de Monaco,Monaco,hamilton,HAM,Lewis,Hamilton,mercedes,Mercedes,7,7,7,7.0,78,Finished,8610462,+14.908,0
2024,8,Monaco Grand Prix,monaco,Circuit de Monaco,Monaco,tsunoda,TSU,Yuki,Tsunoda,rb,RB F1 Team,8,8,8,4.0,77,Lapped,8635041,+39.487,0
2024,8,Monaco Grand Prix,monaco,Circuit de Monaco,Monaco,albon,ALB,Alexander,Albon,williams,Williams,9,9,9,2.0,77,Lapped,8649606,+54.052,0
2024,8,Monaco Grand Prix,monaco,Circuit de Monaco,Monaco,gasly,GAS,Pierre,Gasly,alpine,Alpine F1 Team,10,10,10,1.0,77,Lapped,8655795,+1:00.241,0
2024,8,Monaco Grand Prix,monaco,Circuit de Monaco,Monaco,alonso,ALO,Fernando,Alonso,aston_martin,Aston Martin,14,11,11,0.0,76,Lapped,8599408,+3.854,3
2024,8,Monaco Grand Prix,monaco,Circuit de Monaco,Monaco,ricciardo,RIC,Daniel,Ricciardo,rb,RB F1 Team,12,12,12,0.0,76,Lapped,8599818,+4.264,0
2024,8,Monaco Grand Prix,monaco,Circuit de Monaco,Monaco,bottas,BOT,Valtteri,Bottas,sauber,Sauber,17,13,13,0.0,76,Lapped,8600042,+4.488,4
2024,8,Monaco Grand Prix,monaco,Circuit de Monaco,Monaco,stroll,STR,Lance,Stroll,aston_martin,Aston Martin,13,14,14,0.0,76,Lapped,8601521,+5.967,-1
2024,8,Monaco Grand Prix,monaco,Circuit de Monaco,Monaco,sargeant,SAR,Logan,Sargeant,williams,Williams,15,15,15,0.0,76,Lapped,8604580,+9.026,0
2024,8,Monaco Grand Prix,monaco,Circuit de Monaco,Monaco,zhou,ZHO,Guanyu,Zhou,sauber,Sauber,18,16,16,0.0,76,Lapped,8650814,+55.260,2
2024,8,Monaco Grand Prix,monaco,Circuit de Monaco,Monaco,ocon,OCO,Esteban,Ocon,alpine,Alpine F1 Team,11,17,R,0.0,0,Retired,,,-6
2024,8,Monaco Grand Prix,monaco,Circuit de Monaco,Monaco,perez,PER,Sergio,Pérez,red_bull,Red Bull,16,18,R,0.0,0,Retired,,,-2
2024,8,Monaco Grand Prix,monaco,Circuit de Monaco,Monaco,hulkenberg,HUL,Nico,Hülkenberg,haas,Haas F1 Team,19,19,R,0.0,0,Retired,,,0
2024,8,Monaco Grand Prix,monaco,Circuit de Monaco,Monaco,kevin_magnussen,MAG,Kevin,Magnussen,haas,Haas F1 Team,20,20,R,0.0,0,Retired,,,0
2024,9,Canadian Grand Prix,villeneuve,Circuit Gilles Villeneuve,Canada,max_verstappen,VER,Max,Verstappen,red_bull,Red Bull,2,1,1,25.0,70,Finished,6347927,1:45:47.927,1
2024,9,Canadian Grand Prix,villeneuve,Circuit Gilles Villeneuve,Canada,norris,NOR,Lando,Norris,mclaren,McLaren,3,2,2,18.0,70,Finished,6351806,+3.879,1
2024,9,Canadian Grand Prix,villeneuve,Circuit Gilles Villeneuve,Canada,russell,RUS,George,Russell,mercedes,Mercedes,1,3,3,15.0,70,Finished,6352244,+4.317,-2
2024,9,Canadian Grand Prix,villeneuve,Circuit Gilles Villeneuve,Canada,hamilton,HAM,Lewis,Hamilton,mercedes,Mercedes,7,4,4,13.0,70,Finished,6352842,+4.915,3
2024,9,Canadian Grand Prix,villeneuve,Circuit Gilles Villeneuve,Canada,piastri,PIA,Oscar,Piastri,mclaren,McLaren,4,5,5,10.0,70,Finished,6358126,+10.199,-1
2024,9,Canadian Grand Prix,villeneuve,Circuit Gilles Villeneuve,Canada,alonso,ALO,Fernando,Alonso,aston_martin,Aston Martin,6,6,6,8.0,70,Finished,6365437,+17.510,0
2024,9,Canadian Grand Prix,villeneuve,Circuit Gilles Villeneuve,Canada,stroll,STR,Lance,Stroll,aston_martin,Aston Martin,9,7,7,6.0,70,Finished,6371552,+23.625,2
2024,9,Canadian Grand Prix,villeneuve,Circuit Gilles Villeneuve,Canada,ricciardo,RIC,Daniel,Ricciardo,rb,RB F1 Team,5,8,8,4.0,70,Finished,6376599,+28.672,-3
2024,9,Canadian Grand Prix,villeneuve,Circuit Gilles Villeneuve,Canada,gasly,GAS,Pierre,Gasly,alpine,Alpine F1 Team,15,9,9,2.0,70,Finished,6377948,+30.021,6
2024,9,Canadian Grand Prix,villeneuve,Circuit Gilles Villeneuve,Canada,ocon,OCO,Esteban,Ocon,alpine,Alpine F1 Team,18,10,10,1.0,70,Finished,6378240,+30.313,8
2024,9,Canadian Grand Prix,villeneuve,Circuit Gilles Villeneuve,Canada,hulkenberg,HUL,Nico,Hülkenberg,haas,Haas F1 Team,17,11,11,0.0,70,Finished,6378751,+30.824,6
2024,9,Canadian Grand Prix,villeneuve,Circuit Gilles Villeneuve,Canada,kevin_magnussen,MAG,Kevin,Magnussen,haas,Haas F1 Team,14,12,12,0.0,70,Finished,6379180,+31.253,2
2024,9,Canadian Grand Prix,villeneuve,Circuit Gilles Villeneuve,Canada,bottas,BOT,Valtteri,Bottas,sauber,Sauber,19,13,13,0.0,70,Finished,6388414,+40.487,6
2024,9,Canadian Grand Prix,villeneuve,Circuit Gilles Villeneuve,Canada,tsunoda,TSU,Yuki,Tsunoda,rb,RB F1 Team,8,14,14,0.0,70,Finished,6400621,+52.694,-6
2024,9,Canadian Grand Prix,villeneuve,Circuit Gilles Villeneuve,Canada,zhou,ZHO,Guanyu,Zhou,sauber,Sauber,20,15,15,0.0,69,Lapped,6401455,+53.528,5
2024,9,Canadian Grand Prix,villeneuve,Circuit Gilles Villeneuve,Canada,sainz,SAI,Carlos,Sainz,ferrari,Ferrari,12,16,R,0.0,52,Retired,,,-4
2024,9,Canadian Grand Prix,villeneuve,Circuit Gilles Villeneuve,Canada,albon,ALB,Alexander,Albon,williams,Williams,10,17,R,0.0,52,Retired,,,-7
2024,9,Canadian Grand Prix,villeneuve,Circuit Gilles Villeneuve,Canada,perez,PER,Sergio,Pérez,red_bull,Red Bull,16,18,R,0.0,51,Retired,,,-2
2024,9,Canadian Grand Prix,villeneuve,Circuit Gilles Villeneuve,Canada,leclerc,LEC,Charles,Leclerc,ferrari,Ferrari,11,19,R,0.0,40,Retired,,,-8
2024,9,Canadian Grand Prix,villeneuve,Circuit Gilles Villeneuve,Canada,sargeant,SAR,Logan,Sargeant,williams,Williams,13,20,R,0.0,23,Retired,,,-7
2024,10,Spanish Grand Prix,catalunya,Circuit de Barcelona-Catalunya,Spain,max_verstappen,VER,Max,Verstappen,red_bull,Red Bull,2,1,1,25.0,66,Finished,5300227,1:28:20.227,1
2024,10,Spanish Grand Prix,catalunya,Circuit de Barcelona-Catalunya,Spain,norris,NOR,Lando,Norris,mclaren,McLaren,1,2,2,19.0,66,Finished,5302446,+2.219,-1
2024,10,Spanish Grand Prix,catalunya,Circuit de Barcelona-Catalunya,Spain,hamilton,HAM,Lewis,Hamilton,mercedes,Mercedes,3,3,3,15.0,66,Finished,5318017,+17.790,0
2024,10,Spanish Grand Prix,catalunya,Circuit de Barcelona-Catalunya,Spain,russell,RUS,George,Russell,mercedes,Mercedes,4,4,4,12.0,66,Finished,5322547,+22.320,0
2024,10,Spanish Grand Prix,catalunya,Circuit de Barcelona-Catalunya,Spain,leclerc,LEC,Charles,Leclerc,ferrari,Ferrari,5,5,5,10.0,66,Finished,5322936,+22.709,0
2024,10,Spanish Grand Prix,catalunya,Circuit de Barcelona-Catalunya,Spain,sainz,SAI,Carlos,Sainz,ferrari,Ferrari,6,6,6,8.0,66,Finished,5331255,+31.028,0
2024,10,Spanish Grand Prix,catalunya,Circuit de Barcelona-Catalunya,Spain,piastri,PIA,Oscar,Piastri,mclaren,McLaren,9,7,7,6.0,66,Finished,5333987,+33.760,2
2024,10,Spanish Grand Prix,catalunya,Circuit de Barcelona-Catalunya,Spain,perez,PER,Sergio,Pérez,red_bull,Red Bull,11,8,8,4.0,66,Finished,5359751,+59.524,3
2024,10,Spanish Grand Prix,catalunya,Circuit de Barcelona-Catalunya,Spain,gasly,GAS,Pierre,Gasly,alpine,Alpine F1 Team,7,9,9,2.0,66,Finished,5362252,+1:02.025,-2
2024,10,Spanish Grand Prix,catalunya,Circuit de Barcelona-Catalunya,Spain,ocon,OCO,Esteban,Ocon,alpine,Alpine F1 Team,8,10,10,1.0,66,Finished,5372116,+1:11.889,-2
2024,10,Spanish Grand Prix,catalunya,Circuit de Barcelona-Catalunya,Spain,hulkenberg,HUL,Nico,Hülkenberg,haas,Haas F1 Team,13,11,11,0.0,66,Finished,5379442,+1:19.215,2
2024,10,Spanish Grand Prix,catalunya,Circuit de Barcelona-Catalunya,Spain,alonso,ALO,Fernando,Alonso,aston_martin,Aston Martin,10,12,12,0.0,65,Lapped,5309724,+9.497,-2
2024,10,Spanish Grand Prix,catalunya,Circuit de Barcelona-Catalunya,Spain,zhou,ZHO,Guanyu,Zhou,sauber,Sauber,15,13,13,0.0,65,Lapped,5315703,+15.476,2
2024,10,Spanish Grand Prix,catalunya,Circuit de Barcelona-Catalunya,Spain,stroll,STR,Lance,Stroll,aston_martin,Aston Martin,14,14,14,0.0,65,Lapped,5325479,+25.252,0
2024,10,Spanish Grand Prix,catalunya,Circuit de Barcelona-Catalunya,Spain,ricciardo,RIC,Daniel,Ricciardo,rb,RB F1 Team,18,15,15,0.0,65,Lapped,5344277,+44.050,3
2024,10,Spanish Grand Prix,catalunya,Circuit de Barcelona-Catalunya,Spain,bottas,BOT,Valtteri,Bottas,sauber,Sauber,12,16,16,0.0,65,Lapped,5353540,+53.313,-4
2024,10,Spanish Grand Prix,catalunya,Circuit de Barcelona-Catalunya,Spain,kevin_magnussen,MAG,Kevin,Magnussen,haas,Haas F1 Team,16,17,17,0.0,65,Lapped,5355015,+54.788,-1
2024,10,Spanish Grand Prix,catalunya,Circuit de Barcelona-Catalunya,Spain,albon,ALB,Alexander,Albon,williams,Williams,20,18,18,0.0,65,Lapped,5358376,+58.149,2
2024,10,Spanish Grand Prix,catalunya,Circuit de Barcelona-Catalunya,Spain,tsunoda,TSU,Yuki,Tsunoda,rb,RB F1 Team,17,19,19,0.0,65,Lapped,5369131,+1:08.904,-2
2024,10,Spanish Grand Prix,catalunya,Circuit de Barcelona-Catalunya,Spain,sargeant,SAR,Logan,Sargeant,williams,Williams,19,20,20,0.0,64,Lapped,5305093,+4.866,-1
2024,11,Austrian Grand Prix,red_bull_ring,Red Bull Ring,Austria,russell,RUS,George,Russell,mercedes,Mercedes,3,1,1,25.0,71,Finished,5062798,1:24:22.798,2
2024,11,Austrian Grand Prix,red_bull_ring,Red Bull Ring,Austria,piastri,PIA,Oscar,Piastri,mclaren,McLaren,7,2,2,18.0,71,Finished,5064704,+1.906,5
2024,11,Austrian Grand Prix,red_bull_ring,Red Bull Ring,Austria,sainz,SAI,Carlos,Sainz,ferrari,Ferrari,4,3,3,15.0,71,Finished,5067331,+4.533,1
2024,11,Austrian Grand Prix,red_bull_ring,Red Bull Ring,Austria,hamilton,HAM,Lewis,Hamilton,mercedes,Mercedes,5,4,4,12.0,71,Finished,5085940,+23.142,1
2024,11,Austrian Grand Prix,red_bull_ring,Red Bull Ring,Austria,max_verstappen,VER,Max,Verstappen,red_bull,Red Bull,1,5,5,10.0,71,Finished,5100051,+37.253,-4
2024,11,Austrian Grand Prix,red_bull_ring,Red Bull Ring,Austria,hulkenberg,HUL,Nico,Hülkenberg,haas,Haas F1 Team,9,6,6,8.0,71,Finished,5116886,+54.088,3
2024,11,Austrian Grand Prix,red_bull_ring,Red Bull Ring,Austria,perez,PER,Sergio,Pérez,red_bull,Red Bull,8,7,7,6.0,71,Finished,5117470,+54.672,1
2024,11,Austrian Grand Prix,red_bull_ring,Red Bull Ring,Austria,kevin_magnussen,MAG,Kevin,Magnussen,haas,Haas F1 Team,12,8,8,4.0,71,Finished,5123153,+1:00.355,4
2024,11,Austrian Grand Prix,red_bull_ring,Red Bull Ring,Austria,ricciardo,RIC,Daniel,Ricciardo,rb,RB F1 Team,11,9,9,2.0,71,Finished,5123967,+1:01.169,2
2024,11,Austrian Grand Prix,red_bull_ring,Red Bull Ring,Austria,gasly,GAS,Pierre,Gasly,alpine,Alpine F1 Team,13,10,10,1.0,71,Finished,5124564,+1:01.766,3
2024,11,Austrian Grand Prix,red_bull_ring,Red Bull Ring,Austria,leclerc,LEC,Charles,Leclerc,ferrari,Ferrari,6,11,11,0.0,71,Finished,5129854,+1:07.056,-5
2024,11,Austrian Grand Prix,red_bull_ring,Red Bull Ring,Austria,ocon,OCO,Esteban,Ocon,alpine,Alpine F1 Team,10,12,12,0.0,71,Finished,5131123,+1:08.325,-2
2024,11,Austrian Grand Prix,red_bull_ring,Red Bull Ring,Austria,stroll,STR,Lance,Stroll,aston_martin,Aston Martin,17,13,13,0.0,70,Lapped,5073032,+10.234,4
2024,11,Austrian Grand Prix,red_bull_ring,Red Bull Ring,Austria,tsunoda,TSU,Yuki,Tsunoda,rb,RB F1 Team,14,14,14,0.0,70,Lapped,5075943,+13.145,0
2024,11,Austrian Grand Prix,red_bull_ring,Red Bull Ring,Austria,albon,ALB,Alexander,Albon,williams,Williams,16,15,15,0.0,70,Lapped,5078664,+15.866,1
2024,11,Austrian Grand Prix,red_bull_ring,Red Bull Ring,Austria,bottas,BOT,Valtteri,Bottas,sauber,Sauber,18,16,16,0.0,70,Lapped,5082173,+19.375,2
2024,11,Austrian Grand Prix,red_bull_ring,Red Bull Ring,Austria,zhou,ZHO,Guanyu,Zhou,sauber,Sauber,20,17,17,0.0,70,Lapped,5107680,+44.882,3
2024,11,Austrian Grand Prix,red_bull_ring,Red Bull Ring,Austria,alonso,ALO,Fernando,Alonso,aston_martin,Aston Martin,15,18,18,0.0,70,Lapped,5110458,+47.660,-3
2024,11,Austrian Grand Prix,red_bull_ring,Red Bull Ring,Austria,sargeant,SAR,Logan,Sargeant,williams,Williams,19,19,19,0.0,69,Lapped,5069107,+6.309,0
2024,11,Austrian Grand Prix,red_bull_ring,Red Bull Ring,Austria,norris,NOR,Lando,Norris,mclaren,McLaren,2,20,20,0.0,64,Lapped,4596054,,-18
2024,12,British Grand Prix,silverstone,Silverstone Circuit,UK,hamilton,HAM,Lewis,Hamilton,mercedes,Mercedes,2,1,1,25.0,52,Finished,4947059,1:22:27.059,1
2024,12,British Grand Prix,silverstone,Silverstone Circuit,UK,max_verstappen,VER,Max,Verstappen,red_bull,Red Bull,4,2,2,18.0,52,Finished,4948524,+1.465,2
2024,12,British Grand Prix,silverstone,Silverstone Circuit,UK,norris,NOR,Lando,Norris,mclaren,McLaren,3,3,3,15.0,52,Finished,4954606,+7.547,0
2024,12,British Grand Prix,silverstone,Silverstone Circuit,UK,piastri,PIA,Oscar,Piastri,mclaren,McLaren,5,4,4,12.0,52,Finished,4959488,+12.429,1
2024,12,British Grand Prix,silverstone,Silverstone Circuit,UK,sainz,SAI,Carlos,Sainz,ferrari,Ferrari,7,5,5,11.0,52,Finished,4994377,+47.318,2
2024,12,British Grand Prix,silverstone,Silverstone Circuit,UK,hulkenberg,HUL,Nico,Hülkenberg,haas,Haas F1 Team,6,6,6,8.0,52,Finished,5002781,+55.722,0
2024,12,British Grand Prix,silverstone,Silverstone Circuit,UK,stroll,STR,Lance,Stroll,aston_martin,Aston Martin,8,7,7,6.0,52,Finished,5003628,+56.569,1
2024,12,British Grand Prix,silverstone,Silverstone Circuit,UK,alonso,ALO,Fernando,Alonso,aston_martin,Aston Martin,10,8,8,4.0,52,Finished,5010636,+1:03.577,2
2024,12,British Grand Prix,silverstone,Silverstone Circuit,UK,albon,ALB,Alexander,Albon,williams,Williams,9,9,9,2.0,52,Finished,5015446,+1:08.387,0
2024,12,British Grand Prix,silverstone,Silverstone Circuit,UK,tsunoda,TSU,Yuki,Tsunoda,rb,RB F1 Team,13,10,10,1.0,52,Finished,5026362,+1:19.303,3
2024,12,British Grand Prix,silverstone,Silverstone Circuit,UK,sargeant,SAR,Logan,Sargeant,williams,Williams,12,11,11,0.0,52,Finished,5036019,+1:28.960,1
2024,12,British Grand Prix,silverstone,Silverstone Circuit,UK,kevin_magnussen,MAG,Kevin,Magnussen,haas,Haas F1 Team,17,12,12,0.0,52,Finished,5037212,+1:30.153,5
2024,12,British Grand Prix,silverstone,Silverstone Circuit,UK,ricciardo,RIC,Daniel,Ricciardo,rb,RB F1 Team,15,13,13,0.0,51,Lapped,4956996,+9.937,2
2024,12,British Grand Prix,silverstone,Silverstone Circuit,UK,leclerc,LEC,Charles,Leclerc,ferrari,Ferrari,11,14,14,0.0,51,Lapped,4987532,+40.473,-3
2024,12,British Grand Prix,silverstone,Silverstone Circuit,UK,bottas,BOT,Valtteri,Bottas,sauber,Sauber,16,15,15,0.0,51,Lapped,4988880,+41.821,1
2024,12,British Grand Prix,silverstone,Silverstone Circuit,UK,ocon,OCO,Esteban,Ocon,alpine,Alpine F1 Team,18,16,16,0.0,50,Lapped,4957741,+10.682,2
2024,12,British Grand Prix,silverstone,Silverstone Circuit,UK,perez,PER,Sergio,Pérez,red_bull,Red Bull,20,17,17,0.0,50,Lapped,4965064,+18.005,3
2024,12,British Grand Prix,silverstone,Silverstone Circuit,UK,zhou,ZHO,Guanyu,Zhou,sauber,Sauber,14,18,18,0.0,50,Lapped,5001535,+54.476,-4
2024,12,British Grand Prix,silverstone,Silverstone Circuit,UK,russell,RUS,George,Russell,mercedes,Mercedes,1,19,R,0.0,33,Retired,,,-18
2024,12,British Grand Prix,silverstone,Silverstone Circuit,UK,gasly,GAS,Pierre,Gasly,alpine,Alpine F1 Team,19,20,W,0.0,0,Did not start,,,-1
2024,13,Hungarian Grand Prix,hungaroring,Hungaroring,Hungary,piastri,PIA,Oscar,Piastri,mclaren,McLaren,2,1,1,25.0,70,Finished,5881989,1:38:01.989,1
2024,13,Hungarian Grand Prix,hungaroring,Hungaroring,Hungary,norris,NOR,Lando,Norris,mclaren,McLaren,1,2,2,18.0,70,Finished,5884130,+2.141,-1
2024,13,Hungarian Grand Prix,hungaroring,Hungaroring,Hungary,hamilton,HAM,Lewis,Hamilton,mercedes,Mercedes,5,3,3,15.0,70,Finished,5896869,+14.880,2
2024,13,Hungarian Grand Prix,hungaroring,Hungaroring,Hungary,leclerc,LEC,Charles,Leclerc,ferrari,Ferrari,6,4,4,12.0,70,Finished,5901675,+19.686,2
2024,13,Hungarian Grand Prix,hungaroring,Hungaroring,Hungary,max_verstappen,VER,Max,Verstappen,red_bull,Red Bull,3,5,5,10.0,70,Finished,5903338,+21.349,-2
2024,13,Hungarian Grand Prix,hungaroring,Hungaroring,Hungary,sainz,SAI,Carlos,Sainz,ferrari,Ferrari,4,6,6,8.0,70,Finished,5905062,+23.073,-2
2024,13,Hungarian Grand Prix,hungaroring,Hungaroring,Hungary,perez,PER,Sergio,Pérez,red_bull,Red Bull,16,7,7,6.0,70,Finished,5921781,+39.792,9
2024,13,Hungarian Grand Prix,hungaroring,Hungaroring,Hungary,russell,RUS,George,Russell,mercedes,Mercedes,17,8,8,5.0,70,Finished,5924357,+42.368,9
2024,13,Hungarian Grand Prix,hungaroring,Hungaroring,Hungary,tsunoda,TSU,Yuki,Tsunoda,rb,RB F1 Team,10,9,9,2.0,70,Finished,5959248,+1:17.259,1
2024,13,Hungarian Grand Prix,hungaroring,Hungaroring,Hungary,stroll,STR,Lance,Stroll,aston_martin,Aston Martin,8,10,10,1.0,70,Finished,5959965,+1:17.976,-2
2024,13,Hungarian Grand Prix,hungaroring,Hungaroring,Hungary,alonso,ALO,Fernando,Alonso,aston_martin,Aston Martin,7,11,11,0.0,70,Finished,5964449,+1:22.460,-4
2024,13,Hungarian Grand Prix,hungaroring,Hungaroring,Hungary,ricciardo,RIC,Daniel,Ricciardo,rb,RB F1 Team,9,12,12,0.0,69,Lapped,5899913,+17.924,-3
2024,13,Hungarian Grand Prix,hungaroring,Hungaroring,Hungary,hulkenberg,HUL,Nico,Hülkenberg,haas,Haas F1 Team,11,13,13,0.0,69,Lapped,5915173,+33.184,-2
2024,13,Hungarian Grand Prix,hungaroring,Hungaroring,Hungary,albon,ALB,Alexander,Albon,williams,Williams,13,14,14,0.0,69,Lapped,5918758,+36.769,-1
2024,13,Hungarian Grand Prix,hungaroring,Hungaroring,Hungary,kevin_magnussen,MAG,Kevin,Magnussen,haas,Haas F1 Team,15,15,15,0.0,69,Lapped,5927291,+45.302,0
2024,13,Hungarian Grand Prix,hungaroring,Hungaroring,Hungary,bottas,BOT,Valtteri,Bottas,sauber,Sauber,12,16,16,0.0,69,Lapped,5927398,+45.409,-4
2024,13,Hungarian Grand Prix,hungaroring,Hungaroring,Hungary,sargeant,SAR,Logan,Sargeant,williams,Williams,14,17,17,0.0,69,Lapped,5934580,+52.591,-3
2024,13,Hungarian Grand Prix,hungaroring,Hungaroring,Hungary,ocon,OCO,Esteban,Ocon,alpine,Alpine F1 Team,19,18,18,0.0,69,Lapped,5942918,+1:00.929,1
2024,13,Hungarian Grand Prix,hungaroring,Hungaroring,Hungary,zhou,ZHO,Guanyu,Zhou,sauber,Sauber,18,19,19,0.0,69,Lapped,5945587,+1:03.598,-1
2024,13,Hungarian Grand Prix,hungaroring,Hungaroring,Hungary,gasly,GAS,Pierre,Gasly,alpine,Alpine F1 Team,20,20,R,0.0,33,Retired,,,0
2024,14,Belgian Grand Prix,spa,Circuit de Spa-Francorchamps,Belgium,hamilton,HAM,Lewis,Hamilton,mercedes,Mercedes,3,1,1,25.0,44,Finished,4797566,1:19:57.566,2
2024,14,Belgian Grand Prix,spa,Circuit de Spa-Francorchamps,Belgium,piastri,PIA,Oscar,Piastri,mclaren,McLaren,5,2,2,18.0,44,Finished,4798213,+0.647,3
2024,14,Belgian Grand Prix,spa,Circuit de Spa-Francorchamps,Belgium,leclerc,LEC,Charles,Leclerc,ferrari,Ferrari,1,3,3,15.0,44,Finished,4805589,+8.023,-2
2024,14,Belgian Grand Prix,spa,Circuit de Spa-Francorchamps,Belgium,max_verstappen,VER,Max,Verstappen,red_bull,Red Bull,11,4,4,12.0,44,Finished,4806266,+8.700,7
2024,14,Belgian Grand Prix,spa,Circuit de Spa-Francorchamps,Belgium,norris,NOR,Lando,Norris,mclaren,McLaren,4,5,5,10.0,44,Finished,4806890,+9.324,-1
2024,14,Belgian Grand Prix,spa,Circuit de Spa-Francorchamps,Belgium,sainz,SAI,Carlos,Sainz,ferrari,Ferrari,7,6,6,8.0,44,Finished,4816835,+19.269,1
2024,14,Belgian Grand Prix,spa,Circuit de Spa-Francorchamps,Belgium,perez,PER,Sergio,Pérez,red_bull,Red Bull,2,7,7,7.0,44,Finished,4840235,+42.669,-5
2024,14,Belgian Grand Prix,spa,Circuit de Spa-Francorchamps,Belgium,alonso,ALO,Fernando,Alonso,aston_martin,Aston Martin,8,8,8,4.0,44,Finished,4847003,+49.437,0
2024,14,Belgian Grand Prix,spa,Circuit de Spa-Francorchamps,Belgium,ocon,OCO,Esteban,Ocon,alpine,Alpine F1 Team,9,9,9,2.0,44,Finished,4849592,+52.026,0
2024,14,Belgian Grand Prix,spa,Circuit de Spa-Francorchamps,Belgium,ricciardo,RIC,Daniel,Ricciardo,rb,RB F1 Team,13,10,10,1.0,44,Finished,4851966,+54.400,3
2024,14,Belgian Grand Prix,spa,Circuit de Spa-Francorchamps,Belgium,stroll,STR,Lance,Stroll,aston_martin,Aston Martin,15,11,11,0.0,44,Finished,4860051,+1:02.485,4
2024,14,Belgian Grand Prix,spa,Circuit de Spa-Francorchamps,Belgium,albon,ALB,Alexander,Albon,williams,Williams,10,12,12,0.0,44,Finished,4860691,+1:03.125,-2
2024,14,Belgian Grand Prix,spa,Circuit de Spa-Francorchamps,Belgium,gasly,GAS,Pierre,Gasly,alpine,Alpine F1 Team,12,13,13,0.0,44,Finished,4861405,+1:03.839,-1
2024,14,Belgian Grand Prix,spa,Circuit de Spa-Francorchamps,Belgium,kevin_magnussen,MAG,Kevin,Magnussen,haas,Haas F1 Team,17,14,14,0.0,44,Finished,4863671,+1:06.105,3
2024,14,Belgian Grand Prix,spa,Circuit de Spa-Francorchamps,Belgium,bottas,BOT,Valtteri,Bottas,sauber,Sauber,14,15,15,0.0,44,Finished,4867678,+1:10.112,-1
2024,14,Belgian Grand Prix,spa,Circuit de Spa-Francorchamps,Belgium,tsunoda,TSU,Yuki,Tsunoda,rb,RB F1 Team,20,16,16,0.0,44,Finished,4873777,+1:16.211,4
2024,14,Belgian Grand Prix,spa,Circuit de Spa-Francorchamps,Belgium,sargeant,SAR,Logan,Sargeant,williams,Williams,18,17,17,0.0,44,Finished,4883097,+1:25.531,1
2024,14,Belgian Grand Prix,spa,Circuit de Spa-Francorchamps,Belgium,hulkenberg,HUL,Nico,Hülkenberg,haas,Haas F1 Team,16,18,18,0.0,44,Finished,4885873,+1:28.307,-2
2024,14,Belgian Grand Prix,spa,Circuit de Spa-Francorchamps,Belgium,zhou,ZHO,Guanyu,Zhou,sauber,Sauber,19,19,R,0.0,5,Retired,,,0
2024,14,Belgian Grand Prix,spa,Circuit de Spa-Francorchamps,Belgium,russell,RUS,George,Russell,mercedes,Mercedes,6,20,20,0.0,44,Disqualified,4797040,,-14
2024,15,Dutch Grand Prix,zandvoort,Circuit Park Zandvoort,Netherlands,norris,NOR,Lando,Norris,mclaren,McLaren,1,1,1,26.0,72,Finished,5445519,1:30:45.519,0
2024,15,Dutch Grand Prix,zandvoort,Circuit Park Zandvoort,Netherlands,max_verstappen,VER,Max,Verstappen,red_bull,Red Bull,2,2,2,18.0,72,Finished,5468415,+22.896,0
2024,15,Dutch Grand Prix,zandvoort,Circuit Park Zandvoort,Netherlands,leclerc,LEC,Charles,Leclerc,ferrari,Ferrari,6,3,3,15.0,72,Finished,5470958,+25.439,3
2024,15,Dutch Grand Prix,zandvoort,Circuit Park Zandvoort,Netherlands,piastri,PIA,Oscar,Piastri,mclaren,McLaren,3,4,4,12.0,72,Finished,5472856,+27.337,-1
2024,15,Dutch Grand Prix,zandvoort,Circuit Park Zandvoort,Netherlands,sainz,SAI,Carlos,Sainz,ferrari,Ferrari,10,5,5,10.0,72,Finished,5477656,+32.137,5
2024,15,Dutch Grand Prix,zandvoort,Circuit Park Zandvoort,Netherlands,perez,PER,Sergio,Pérez,red_bull,Red Bull,5,6,6,8.0,72,Finished,5485061,+39.542,-1
2024,15,Dutch Grand Prix,zandvoort,Circuit Park Zandvoort,Netherlands,russell,RUS,George,Russell,mercedes,Mercedes,4,7,7,6.0,72,Finished,5490136,+44.617,-3
2024,15,Dutch Grand Prix,zandvoort,Circuit Park Zandvoort,Netherlands,hamilton,HAM,Lewis,Hamilton,mercedes,Mercedes,14,8,8,4.0,72,Finished,5495118,+49.599,6
2024,15,Dutch Grand Prix,zandvoort,Circuit Park Zandvoort,Netherlands,gasly,GAS,Pierre,Gasly,alpine,Alpine F1 Team,9,9,9,2.0,71,Lapped,5454123,+8.604,0
2024,15,Dutch Grand Prix,zandvoort,Circuit Park Zandvoort,Netherlands,alonso,ALO,Fernando,Alonso,aston_martin,Aston Martin,7,10,10,1.0,71,Lapped,5459052,+13.533,-3
2024,15,Dutch Grand Prix,zandvoort,Circuit Park Zandvoort,Netherlands,hulkenberg,HUL,Nico,Hülkenberg,haas,Haas F1 Team,12,11,11,0.0,71,Lapped,5464733,+19.214,1
2024,15,Dutch Grand Prix,zandvoort,Circuit Park Zandvoort,Netherlands,ricciardo,RIC,Daniel,Ricciardo,rb,RB F1 Team,13,12,12,0.0,71,Lapped,5466586,+21.067,1
2024,15,Dutch Grand Prix,zandvoort,Circuit Park Zandvoort,Netherlands,stroll,STR,Lance,Stroll,aston_martin,Aston Martin,8,13,13,0.0,71,Lapped,5471231,+25.712,-5
2024,15,Dutch Grand Prix,zandvoort,Circuit Park Zandvoort,Netherlands,albon,ALB,Alexander,Albon,williams,Williams,19,14,14,0.0,71,Lapped,5486230,+40.711,5
2024,15,Dutch Grand Prix,zandvoort,Circuit Park Zandvoort,Netherlands,ocon,OCO,Esteban,Ocon,alpine,Alpine F1 Team,15,15,15,0.0,71,Lapped,5492397,+46.878,0
2024,15,Dutch Grand Prix,zandvoort,Circuit Park Zandvoort,Netherlands,sargeant,SAR,Logan,Sargeant,williams,Williams,18,16,16,0.0,71,Lapped,5510058,+1:04.539,2
2024,15,Dutch Grand Prix,zandvoort,Circuit Park Zandvoort,Netherlands,tsunoda,TSU,Yuki,Tsunoda,rb,RB F1 Team,11,17,17,0.0,71,Lapped,5510665,+1:05.146,-6
2024,15,Dutch Grand Prix,zandvoort,Circuit Park Zandvoort,Netherlands,kevin_magnussen,MAG,Kevin,Magnussen,haas,Haas F1 Team,20,18,18,0.0,71,Lapped,5511226,+1:05.707,2
2024,15,Dutch Grand Prix,zandvoort,Circuit Park Zandvoort,Netherlands,bottas,BOT,Valtteri,Bottas,sauber,Sauber,16,19,19,0.0,70,Lapped,5448767,+3.248,-3
2024,15,Dutch Grand Prix,zandvoort,Circuit Park Zandvoort,Netherlands,zhou,ZHO,Guanyu,Zhou,sauber,Sauber,17,20,20,0.0,70,Lapped,5481538,+36.019,-3
2024,16,Italian Grand Prix,monza,Autodromo Nazionale di Monza,Italy,leclerc,LEC,Charles,Leclerc,ferrari,Ferrari,4,1,1,25.0,53,Finished,4480727,1:14:40.727,3
2024,16,Italian Grand Prix,monza,Autodromo Nazionale di Monza,Italy,piastri,PIA,Oscar,Piastri,mclaren,McLaren,2,2,2,18.0,53,Finished,4483391,+2.664,0
2024,16,Italian Grand Prix,monza,Autodromo Nazionale di Monza,Italy,norris,NOR,Lando,Norris,mclaren,McLaren,1,3,3,16.0,53,Finished,4486880,+6.153,-2
2024,16,Italian Grand Prix,monza,Autodromo Nazionale di Monza,Italy,sainz,SAI,Carlos,Sainz,ferrari,Ferrari,5,4,4,12.0,53,Finished,4496348,+15.621,1
2024,16,Italian Grand Prix,monza,Autodromo Nazionale di Monza,Italy,hamilton,HAM,Lewis,Hamilton,mercedes,Mercedes,6,5,5,10.0,53,Finished,4503547,+22.820,1
2024,16,Italian Grand Prix,monza,Autodromo Nazionale di Monza,Italy,max_verstappen,VER,Max,Verstappen,red_bull,Red Bull,7,6,6,8.0,53,Finished,4518659,+37.932,1
2024,16,Italian Grand Prix,monza,Autodromo Nazionale di Monza,Italy,russell,RUS,George,Russell,mercedes,Mercedes,3,7,7,6.0,53,Finished,4520442,+39.715,-4
2024,16,Italian Grand Prix,monza,Autodromo Nazionale di Monza,Italy,perez,PER,Sergio,Pérez,red_bull,Red Bull,8,8,8,4.0,53,Finished,4534875,+54.148,0
2024,16,Italian Grand Prix,monza,Autodromo Nazionale di Monza,Italy,albon,ALB,Alexander,Albon,williams,Williams,9,9,9,2.0,53,Finished,4548183,+1:07.456,0
2024,16,Italian Grand Prix,monza,Autodromo Nazionale di Monza,Italy,kevin_magnussen,MAG,Kevin,Magnussen,haas,Haas F1 Team,13,10,10,1.0,53,Finished,4549029,+1:08.302,3
2024,16,Italian Grand Prix,monza,Autodromo Nazionale di Monza,Italy,alonso,ALO,Fernando,Alonso,aston_martin,Aston Martin,11,11,11,0.0,53,Finished,4549222,+1:08.495,0
2024,16,Italian Grand Prix,monza,Autodromo Nazionale di Monza,Italy,colapinto,COL,Franco,Colapinto,williams,Williams,18,12,12,0.0,53,Finished,4562035,+1:21.308,6
2024,16,Italian Grand Prix,monza,Autodromo Nazionale di Monza,Italy,ricciardo,RIC,Daniel,Ricciardo,rb,RB F1 Team,12,13,13,0.0,53,Finished,4574179,+1:33.452,-1
2024,16,Italian Grand Prix,monza,Autodromo Nazionale di Monza,Italy,ocon,OCO,Esteban,Ocon,alpine,Alpine F1 Team,15,14,14,0.0,52,Lapped,4493386,+12.659,1
2024,16,Italian Grand Prix,monza,Autodromo Nazionale di Monza,Italy,gasly,GAS,Pierre,Gasly,alpine,Alpine F1 Team,14,15,15,0.0,52,Lapped,4499071,+18.344,-1
2024,16,Italian Grand Prix,monza,Autodromo Nazionale di Monza,Italy,bottas,BOT,Valtteri,Bottas,sauber,Sauber,19,16,16,0.0,52,Lapped,4507938,+27.211,3
2024,16,Italian Grand Prix,monza,Autodromo Nazionale di Monza,Italy,hulkenberg,HUL,Nico,Hülkenberg,haas,Haas F1 Team,10,17,17,0.0,52,Lapped,4511597,+30.870,-7
2024,16,Italian Grand Prix,monza,Autodromo Nazionale di Monza,Italy,zhou,ZHO,Guanyu,Zhou,sauber,Sauber,20,18,18,0.0,52,Lapped,4520782,+40.055,2
2024,16,Italian Grand Prix,monza,Autodromo Nazionale di Monza,Italy,stroll,STR,Lance,Stroll,aston_martin,Aston Martin,17,19,19,0.0,52,Lapped,4524235,+43.508,-2
2024,16,Italian Grand Prix,monza,Autodromo Nazionale di Monza,Italy,tsunoda,TSU,Yuki,Tsunoda,rb,RB F1 Team,16,20,R,0.0,7,Retired,,,-4
2024,17,Azerbaijan Grand Prix,baku,Baku City Circuit,Azerbaijan,piastri,PIA,Oscar,Piastri,mclaren,McLaren,2,1,1,25.0,51,Finished,5578007,1:32:58.007,1
2024,17,Azerbaijan Grand Prix,baku,Baku City Circuit,Azerbaijan,leclerc,LEC,Charles,Leclerc,ferrari,Ferrari,1,2,2,18.0,51,Finished,5588917,+10.910,-1
2024,17,Azerbaijan Grand Prix,baku,Baku City Circuit,Azerbaijan,russell,RUS,George,Russell,mercedes,Mercedes,5,3,3,15.0,51,Finished,5609335,+31.328,2
2024,17,Azerbaijan Grand Prix,baku,Baku City Circuit,Azerbaijan,norris,NOR,Lando,Norris,mclaren,McLaren,15,4,4,13.0,51,Finished,5614150,+36.143,11
2024,17,Azerbaijan Grand Prix,baku,Baku City Circuit,Azerbaijan,max_verstappen,VER,Max,Verstappen,red_bull,Red Bull,6,5,5,10.0,51,Finished,5655105,+1:17.098,1
2024,17,Azerbaijan Grand Prix,baku,Baku City Circuit,Azerbaijan,alonso,ALO,Fernando,Alonso,aston_martin,Aston Martin,7,6,6,8.0,51,Finished,5663475,+1:25.468,1
2024,17,Azerbaijan Grand Prix,baku,Baku City Circuit,Azerbaijan,albon,ALB,Alexander,Albon,williams,Williams,9,7,7,6.0,51,Finished,5665403,+1:27.396,2
2024,17,Azerbaijan Grand Prix,baku,Baku City Circuit,Azerbaijan,colapinto,COL,Franco,Colapinto,williams,Williams,8,8,8,4.0,51,Finished,5667548,+1:29.541,0
2024,17,Azerbaijan Grand Prix,baku,Baku City Circuit,Azerbaijan,hamilton,HAM,Lewis,Hamilton,mercedes,Mercedes,19,9,9,2.0,51,Finished,5670408,+1:32.401,10
2024,17,Azerbaijan Grand Prix,baku,Baku City Circuit,Azerbaijan,bearman,BEA,Oliver,Bearman,haas,Haas F1 Team,10,10,10,1.0,51,Finished,5671134,+1:33.127,0
2024,17,Azerbaijan Grand Prix,baku,Baku City Circuit,Azerbaijan,hulkenberg,HUL,Nico,Hülkenberg,haas,Haas F1 Team,12,11,11,0.0,51,Finished,5671472,+1:33.465,1
2024,17,Azerbaijan Grand Prix,baku,Baku City Circuit,Azerbaijan,gasly,GAS,Pierre,Gasly,alpine,Alpine F1 Team,18,12,12,0.0,51,Finished,5695196,+1:57.189,6
2024,17,Azerbaijan Grand Prix,baku,Baku City Circuit,Azerbaijan,ricciardo,RIC,Daniel,Ricciardo,rb,RB F1 Team,14,13,13,0.0,51,Finished,5724914,+2:26.907,1
2024,17,Azerbaijan Grand Prix,baku,Baku City Circuit,Azerbaijan,zhou,ZHO,Guanyu,Zhou,sauber,Sauber,17,14,14,0.0,51,Finished,5726848,+2:28.841,3
2024,17,Azerbaijan Grand Prix,baku,Baku City Circuit,Azerbaijan,ocon,OCO,Esteban,Ocon,alpine,Alpine F1 Team,20,15,15,0.0,50,Lapped,5599351,+21.344,5
2024,17,Azerbaijan Grand Prix,baku,Baku City Circuit,Azerbaijan,bottas,BOT,Valtteri,Bottas,sauber,Sauber,16,16,16,0.0,50,Lapped,5603402,+25.395,0
2024,17,Azerbaijan Grand Prix,baku,Baku City Circuit,Azerbaijan,perez,PER,Sergio,Pérez,red_bull,Red Bull,4,17,17,0.0,49,Retired,5321198,,-13
2024,17,Azerbaijan Grand Prix,baku,Baku City Circuit,Azerbaijan,sainz,SAI,Carlos,Sainz,ferrari,Ferrari,3,18,18,0.0,49,Retired,5321768,,-15
2024,17,Azerbaijan Grand Prix,baku,Baku City Circuit,Azerbaijan,stroll,STR,Lance,Stroll,aston_martin,Aston Martin,13,19,19,0.0,45,Retired,5001080,,-6
2024,17,Azerbaijan Grand Prix,baku,Baku City Circuit,Azerbaijan,tsunoda,TSU,Yuki,Tsunoda,rb,RB F1 Team,11,20,R,0.0,14,Retired,,,-9
2024,18,Singapore Grand Prix,marina_bay,Marina Bay Street Circuit,Singapore,norris,NOR,Lando,Norris,mclaren,McLaren,1,1,1,25.0,62,Finished,6052571,1:40:52.571,0
2024,18,Singapore Grand Prix,marina_bay,Marina Bay Street Circuit,Singapore,max_verstappen,VER,Max,Verstappen,red_bull,Red Bull,2,2,2,18.0,62,Finished,6073516,+20.945,0
2024,18,Singapore Grand Prix,marina_bay,Marina Bay Street Circuit,Singapore,piastri,PIA,Oscar,Piastri,mclaren,McLaren,5,3,3,15.0,62,Finished,6094394,+41.823,2
2024,18,Singapore Grand Prix,marina_bay,Marina Bay Street Circuit,Singapore,russell,RUS,George,Russell,mercedes,Mercedes,4,4,4,12.0,62,Finished,6113611,+1:01.040,0
2024,18,Singapore Grand Prix,marina_bay,Marina Bay Street Circuit,Singapore,leclerc,LEC,Charles,Leclerc,ferrari,Ferrari,9,5,5,10.0,62,Finished,6115001,+1:02.430,4
2024,18,Singapore Grand Prix,marina_bay,Marina Bay Street Circuit,Singapore,hamilton,HAM,Lewis,Hamilton,mercedes,Mercedes,3,6,6,8.0,62,Finished,6137819,+1:25.248,-3
2024,18,Singapore Grand Prix,marina_bay,Marina Bay Street Circuit,Singapore,sainz,SAI,Carlos,Sainz,ferrari,Ferrari,10,7,7,6.0,62,Finished,6148610,+1:36.039,3
2024,18,Singapore Grand Prix,marina_bay,Marina Bay Street Circuit,Singapore,alonso,ALO,Fernando,Alonso,aston_martin,Aston Martin,7,8,8,4.0,61,Lapped,6053444,+0.873,-1
2024,18,Singapore Grand Prix,marina_bay,Marina Bay Street Circuit,Singapore,hulkenberg,HUL,Nico,Hülkenberg,haas,Haas F1 Team,6,9,9,2.0,61,Lapped,6055711,+3.140,-3
2024,18,Singapore Grand Prix,marina_bay,Marina Bay Street Circuit,Singapore,perez,PER,Sergio,Pérez,red_bull,Red Bull,13,10,10,1.0,61,Lapped,6057195,+4.624,3
2024,18,Singapore Grand Prix,marina_bay,Marina Bay Street Circuit,Singapore,colapinto,COL,Franco,Colapinto,williams,Williams,12,11,11,0.0,61,Lapped,6058855,+6.284,1
2024,18,Singapore Grand Prix,marina_bay,Marina Bay Street Circuit,Singapore,tsunoda,TSU,Yuki,Tsunoda,rb,RB F1 Team,8,12,12,0.0,61,Lapped,6061363,+8.792,-4
2024,18,Singapore Grand Prix,marina_bay,Marina Bay Street Circuit,Singapore,ocon,OCO,Esteban,Ocon,alpine,Alpine F1 Team,15,13,13,0.0,61,Lapped,6096576,+44.005,2
2024,18,Singapore Grand Prix,marina_bay,Marina Bay Street Circuit,Singapore,stroll,STR,Lance,Stroll,aston_martin,Aston Martin,17,14,14,0.0,61,Lapped,6100142,+47.571,3
2024,18,Singapore Grand Prix,marina_bay,Marina Bay Street Circuit,Singapore,zhou,ZHO,Guanyu,Zhou,sauber,Sauber,20,15,15,0.0,61,Lapped,6109791,+57.220,5
2024,18,Singapore Grand Prix,marina_bay,Marina Bay Street Circuit,Singapore,bottas,BOT,Valtteri,Bottas,sauber,Sauber,19,16,16,0.0,61,Lapped,6110400,+57.829,3
2024,18,Singapore Grand Prix,marina_bay,Marina Bay Street Circuit,Singapore,gasly,GAS,Pierre,Gasly,alpine,Alpine F1 Team,18,17,17,0.0,61,Lapped,6111630,+59.059,1
2024,18,Singapore Grand Prix,marina_bay,Marina Bay Street Circuit,Singapore,ricciardo,RIC,Daniel,Ricciardo,rb,RB F1 Team,16,18,18,0.0,61,Lapped,6142367,+1:29.796,-2
2024,18,Singapore Grand Prix,marina_bay,Marina Bay Street Circuit,Singapore,kevin_magnussen,MAG,Kevin,Magnussen,haas,Haas F1 Team,14,19,19,0.0,57,Retired,5811906,,-5
2024,18,Singapore Grand Prix,marina_bay,Marina Bay Street Circuit,Singapore,albon,ALB,Alexander,Albon,williams,Williams,11,20,R,0.0,15,Retired,,,-9
2024,19,United States Grand Prix,americas,Circuit of the Americas,USA,leclerc,LEC,Charles,Leclerc,ferrari,Ferrari,4,1,1,25.0,56,Finished,5709639,1:35:09.639,3
2024,19,United States Grand Prix,americas,Circuit of the Americas,USA,sainz,SAI,Carlos,Sainz,ferrari,Ferrari,3,2,2,18.0,56,Finished,5718201,+8.562,1
2024,19,United States Grand Prix,americas,Circuit of the Americas,USA,max_verstappen,VER,Max,Verstappen,red_bull,Red Bull,2,3,3,15.0,56,Finished,5729051,+19.412,-1
2024,19,United States Grand Prix,americas,Circuit of the Americas,USA,norris,NOR,Lando,Norris,mclaren,McLaren,1,4,4,12.0,56,Finished,5729993,+20.354,-3
2024,19,United States Grand Prix,americas,Circuit of the Americas,USA,piastri,PIA,Oscar,Piastri,mclaren,McLaren,5,5,5,10.0,56,Finished,5731560,+21.921,0
2024,19,United States Grand Prix,americas,Circuit of the Americas,USA,russell,RUS,George,Russell,mercedes,Mercedes,20,6,6,8.0,56,Finished,5765934,+56.295,14
2024,19,United States Grand Prix,americas,Circuit of the Americas,USA,perez,PER,Sergio,Pérez,red_bull,Red Bull,9,7,7,6.0,56,Finished,5768711,+59.072,2
2024,19,United States Grand Prix,americas,Circuit of the Americas,USA,hulkenberg,HUL,Nico,Hülkenberg,haas,Haas F1 Team,11,8,8,4.0,56,Finished,5772596,+1:02.957,3
2024,19,United States Grand Prix,americas,Circuit of the Americas,USA,lawson,LAW,Liam,Lawson,rb,RB F1 Team,19,9,9,2.0,56,Finished,5780202,+1:10.563,10
2024,19,United States Grand Prix,americas,Circuit of the Americas,USA,colapinto,COL,Franco,Colapinto,williams,Williams,15,10,10,1.0,56,Finished,5781618,+1:11.979,5
2024,19,United States Grand Prix,americas,Circuit of the Americas,USA,kevin_magnussen,MAG,Kevin,Magnussen,haas,Haas F1 Team,8,11,11,0.0,56,Finished,5789421,+1:19.782,-3
2024,19,United States Grand Prix,americas,Circuit of the Americas,USA,gasly,GAS,Pierre,Gasly,alpine,Alpine F1 Team,6,12,12,0.0,56,Finished,5800197,+1:30.558,-6
2024,19,United States Grand Prix,americas,Circuit of the Americas,USA,alonso,ALO,Fernando,Alonso,aston_martin,Aston Martin,7,13,13,0.0,55,Lapped,5711365,+1.726,-6
2024,19,United States Grand Prix,americas,Circuit of the Americas,USA,tsunoda,TSU,Yuki,Tsunoda,rb,RB F1 Team,10,14,14,0.0,55,Lapped,5717851,+8.212,-4
2024,19,United States Grand Prix,americas,Circuit of the Americas,USA,stroll,STR,Lance,Stroll,aston_martin,Aston Martin,13,15,15,0.0,55,Lapped,5726622,+16.983,-2
2024,19,United States Grand Prix,americas,Circuit of the Americas,USA,albon,ALB,Alexander,Albon,williams,Williams,14,16,16,0.0,55,Lapped,5727731,+18.092,-2
2024,19,United States Grand Prix,americas,Circuit of the Americas,USA,bottas,BOT,Valtteri,Bottas,sauber,Sauber,16,17,17,0.0,55,Lapped,5743972,+34.333,-1
2024,19,United States Grand Prix,americas,Circuit of the Americas,USA,ocon,OCO,Esteban,Ocon,alpine,Alpine F1 Team,12,18,18,0.0,55,Lapped,5751751,+42.112,-6
2024,19,United States Grand Prix,americas,Circuit of the Americas,USA,zhou,ZHO,Guanyu,Zhou,sauber,Sauber,18,19,19,0.0,55,Lapped,5758879,+49.240,-1
2024,19,United States Grand Prix,americas,Circuit of the Americas,USA,hamilton,HAM,Lewis,Hamilton,mercedes,Mercedes,17,20,R,0.0,1,Retired,,,-3
2024,20,Mexico City Grand Prix,rodriguez,Autódromo Hermanos Rodríguez,Mexico,sainz,SAI,Carlos,Sainz,ferrari,Ferrari,1,1,1,25.0,71,Finished,6055800,1:40:55.800,0
2024,20,Mexico City Grand Prix,rodriguez,Autódromo Hermanos Rodríguez,Mexico,norris,NOR,Lando,Norris,mclaren,McLaren,3,2,2,18.0,71,Finished,6060505,+4.705,1
2024,20,Mexico City Grand Prix,rodriguez,Autódromo Hermanos Rodríguez,Mexico,leclerc,LEC,Charles,Leclerc,ferrari,Ferrari,4,3,3,16.0,71,Finished,6090187,+34.387,1
2024,20,Mexico City Grand Prix,rodriguez,Autódromo Hermanos Rodríguez,Mexico,hamilton,HAM,Lewis,Hamilton,mercedes,Mercedes,6,4,4,12.0,71,Finished,6100580,+44.780,2
2024,20,Mexico City Grand Prix,rodriguez,Autódromo Hermanos Rodríguez,Mexico,russell,RUS,George,Russell,mercedes,Mercedes,5,5,5,10.0,71,Finished,6104336,+48.536,0
2024,20,Mexico City Grand Prix,rodriguez,Autódromo Hermanos Rodríguez,Mexico,max_verstappen,VER,Max,Verstappen,red_bull,Red Bull,2,6,6,8.0,71,Finished,6115358,+59.558,-4
2024,20,Mexico City Grand Prix,rodriguez,Autódromo Hermanos Rodríguez,Mexico,kevin_magnussen,MAG,Kevin,Magnussen,haas,Haas F1 Team,7,7,7,6.0,71,Finished,6119442,+1:03.642,0
2024,20,Mexico City Grand Prix,rodriguez,Autódromo Hermanos Rodríguez,Mexico,piastri,PIA,Oscar,Piastri,mclaren,McLaren,17,8,8,4.0,71,Finished,6120728,+1:04.928,9
2024,20,Mexico City Grand Prix,rodriguez,Autódromo Hermanos Rodríguez,Mexico,hulkenberg,HUL,Nico,Hülkenberg,haas,Haas F1 Team,10,9,9,2.0,70,Lapped,6058520,+2.720,1
2024,20,Mexico City Grand Prix,rodriguez,Autódromo Hermanos Rodríguez,Mexico,gasly,GAS,Pierre,Gasly,alpine,Alpine F1 Team,8,10,10,1.0,70,Lapped,6074387,+18.587,-2
2024,20,Mexico City Grand Prix,rodriguez,Autódromo Hermanos Rodríguez,Mexico,stroll,STR,Lance,Stroll,aston_martin,Aston Martin,14,11,11,0.0,70,Lapped,6080872,+25.072,3
2024,20,Mexico City Grand Prix,rodriguez,Autódromo Hermanos Rodríguez,Mexico,colapinto,COL,Franco,Colapinto,williams,Williams,16,12,12,0.0,70,Lapped,6093297,+37.497,4
2024,20,Mexico City Grand Prix,rodriguez,Autódromo Hermanos Rodríguez,Mexico,ocon,OCO,Esteban,Ocon,alpine,Alpine F1 Team,0,13,13,0.0,70,Lapped,6095463,+39.663,-13
2024,20,Mexico City Grand Prix,rodriguez,Autódromo Hermanos Rodríguez,Mexico,bottas,BOT,Valtteri,Bottas,sauber,Sauber,15,14,14,0.0,70,Lapped,6098027,+42.227,1
2024,20,Mexico City Grand Prix,rodriguez,Autódromo Hermanos Rodríguez,Mexico,zhou,ZHO,Guanyu,Zhou,sauber,Sauber,19,15,15,0.0,70,Lapped,6117522,+1:01.722,4
2024,20,Mexico City Grand Prix,rodriguez,Autódromo Hermanos Rodríguez,Mexico,lawson,LAW,Liam,Lawson,rb,RB F1 Team,12,16,16,0.0,70,Lapped,6120266,+1:04.466,-4
2024,20,Mexico City Grand Prix,rodriguez,Autódromo Hermanos Rodríguez,Mexico,perez,PER,Sergio,Pérez,red_bull,Red Bull,18,17,17,0.0,70,Lapped,6129084,+1:13.284,1
2024,20,Mexico City Grand Prix,rodriguez,Autódromo Hermanos Rodríguez,Mexico,alonso,ALO,Fernando,Alonso,aston_martin,Aston Martin,13,18,R,0.0,15,Retired,,,-5
2024,20,Mexico City Grand Prix,rodriguez,Autódromo Hermanos Rodríguez,Mexico,albon,ALB,Alexander,Albon,williams,Williams,9,19,R,0.0,0,Retired,,,-10
2024,20,Mexico City Grand Prix,rodriguez,Autódromo Hermanos Rodríguez,Mexico,tsunoda,TSU,Yuki,Tsunoda,rb,RB F1 Team,11,20,R,0.0,0,Retired,,,-9
2024,21,São Paulo Grand Prix,interlagos,Autódromo José Carlos Pace,Brazil,max_verstappen,VER,Max,Verstappen,red_bull,Red Bull,17,1,1,26.0,69,Finished,7614430,2:06:54.430,16
2024,21,São Paulo Grand Prix,interlagos,Autódromo José Carlos Pace,Brazil,ocon,OCO,Esteban,Ocon,alpine,Alpine F1 Team,4,2,2,18.0,69,Finished,7633907,+19.477,2
2024,21,São Paulo Grand Prix,interlagos,Autódromo José Carlos Pace,Brazil,gasly,GAS,Pierre,Gasly,alpine,Alpine F1 Team,13,3,3,15.0,69,Finished,7636962,+22.532,10
2024,21,São Paulo Grand Prix,interlagos,Autódromo José Carlos Pace,Brazil,russell,RUS,George,Russell,mercedes,Mercedes,2,4,4,12.0,69,Finished,7637695,+23.265,-2
2024,21,São Paulo Grand Prix,interlagos,Autódromo José Carlos Pace,Brazil,leclerc,LEC,Charles,Leclerc,ferrari,Ferrari,6,5,5,10.0,69,Finished,7644607,+30.177,1
2024,21,São Paulo Grand Prix,interlagos,Autódromo José Carlos Pace,Brazil,norris,NOR,Lando,Norris,mclaren,McLaren,1,6,6,8.0,69,Finished,7645802,+31.372,-5
2024,21,São Paulo Grand Prix,interlagos,Autódromo José Carlos Pace,Brazil,tsunoda,TSU,Yuki,Tsunoda,rb,RB F1 Team,3,7,7,6.0,69,Finished,7656486,+42.056,-4
2024,21,São Paulo Grand Prix,interlagos,Autódromo José Carlos Pace,Brazil,piastri,PIA,Oscar,Piastri,mclaren,McLaren,8,8,8,4.0,69,Finished,7659373,+44.943,0
2024,21,São Paulo Grand Prix,interlagos,Autódromo José Carlos Pace,Brazil,lawson,LAW,Liam,Lawson,rb,RB F1 Team,5,9,9,2.0,69,Finished,7664882,+50.452,-4
2024,21,São Paulo Grand Prix,interlagos,Autódromo José Carlos Pace,Brazil,hamilton,HAM,Lewis,Hamilton,mercedes,Mercedes,14,10,10,1.0,69,Finished,7665183,+50.753,4
2024,21,São Paulo Grand Prix,interlagos,Autódromo José Carlos Pace,Brazil,perez,PER,Sergio,Pérez,red_bull,Red Bull,12,11,11,0.0,69,Finished,7665961,+51.531,1
2024,21,São Paulo Grand Prix,interlagos,Autódromo José Carlos Pace,Brazil,bearman,BEA,Oliver,Bearman,haas,Haas F1 Team,15,12,12,0.0,69,Finished,7671515,+57.085,3
2024,21,São Paulo Grand Prix,interlagos,Autódromo José Carlos Pace,Brazil,bottas,BOT,Valtteri,Bottas,sauber,Sauber,11,13,13,0.0,69,Finished,7678018,+1:03.588,-2
2024,21,São Paulo Grand Prix,interlagos,Autódromo José Carlos Pace,Brazil,alonso,ALO,Fernando,Alonso,aston_martin,Aston Martin,9,14,14,0.0,69,Finished,7692479,+1:18.049,-5
2024,21,São Paulo Grand Prix,interlagos,Autódromo José Carlos Pace,Brazil,zhou,ZHO,Guanyu,Zhou,sauber,Sauber,19,15,15,0.0,69,Finished,7694079,+1:19.649,4
2024,21,São Paulo Grand Prix,interlagos,Autódromo José Carlos Pace,Brazil,sainz,SAI,Carlos,Sainz,ferrari,Ferrari,20,16,R,0.0,38,Retired,,,4
2024,21,São Paulo Grand Prix,interlagos,Autódromo José Carlos Pace,Brazil,colapinto,COL,Franco,Colapinto,williams,Williams,16,17,R,0.0,30,Retired,,,-1
2024,21,São Paulo Grand Prix,interlagos,Autódromo José Carlos Pace,Brazil,albon,ALB,Alexander,Albon,williams,Williams,7,18,W,0.0,0,Did not start,,,-11
2024,21,São Paulo Grand Prix,interlagos,Autódromo José Carlos Pace,Brazil,stroll,STR,Lance,Stroll,aston_martin,Aston Martin,10,19,W,0.0,0,Did not start,,,-9
2024,21,São Paulo Grand Prix,interlagos,Autódromo José Carlos Pace,Brazil,hulkenberg,HUL,Nico,Hülkenberg,haas,Haas F1 Team,18,20,D,0.0,0,Disqualified,,,-2
2024,22,Las Vegas Grand Prix,vegas,Las Vegas Strip Street Circuit,USA,russell,RUS,George,Russell,mercedes,Mercedes,1,1,1,25.0,50,Finished,4925969,1:22:05.969,0
2024,22,Las Vegas Grand Prix,vegas,Las Vegas Strip Street Circuit,USA,hamilton,HAM,Lewis,Hamilton,mercedes,Mercedes,10,2,2,18.0,50,Finished,4933282,+7.313,8
2024,22,Las Vegas Grand Prix,vegas,Las Vegas Strip Street Circuit,USA,sainz,SAI,Carlos,Sainz,ferrari,Ferrari,2,3,3,15.0,50,Finished,4937875,+11.906,-1
2024,22,Las Vegas Grand Prix,vegas,Las Vegas Strip Street Circuit,USA,leclerc,LEC,Charles,Leclerc,ferrari,Ferrari,4,4,4,12.0,50,Finished,4940252,+14.283,0
2024,22,Las Vegas Grand Prix,vegas,Las Vegas Strip Street Circuit,USA,max_verstappen,VER,Max,Verstappen,red_bull,Red Bull,5,5,5,10.0,50,Finished,4942551,+16.582,0
2024,22,Las Vegas Grand Prix,vegas,Las Vegas Strip Street Circuit,USA,norris,NOR,Lando,Norris,mclaren,McLaren,6,6,6,9.0,50,Finished,4969354,+43.385,0
2024,22,Las Vegas Grand Prix,vegas,Las Vegas Strip Street Circuit,USA,piastri,PIA,Oscar,Piastri,mclaren,McLaren,8,7,7,6.0,50,Finished,4977334,+51.365,1
2024,22,Las Vegas Grand Prix,vegas,Las Vegas Strip Street Circuit,USA,hulkenberg,HUL,Nico,Hülkenberg,haas,Haas F1 Team,9,8,8,4.0,50,Finished,4985777,+59.808,1
2024,22,Las Vegas Grand Prix,vegas,Las Vegas Strip Street Circuit,USA,tsunoda,TSU,Yuki,Tsunoda,rb,RB F1 Team,7,9,9,2.0,50,Finished,4988777,+1:02.808,-2
2024,22,Las Vegas Grand Prix,vegas,Las Vegas Strip Street Circuit,USA,perez,PER,Sergio,Pérez,red_bull,Red Bull,15,10,10,1.0,50,Finished,4989083,+1:03.114,5
2024,22,Las Vegas Grand Prix,vegas,Las Vegas Strip Street Circuit,USA,alonso,ALO,Fernando,Alonso,aston_martin,Aston Martin,16,11,11,0.0,50,Finished,4995164,+1:09.195,5
2024,22,Las Vegas Grand Prix,vegas,Las Vegas Strip Street Circuit,USA,kevin_magnussen,MAG,Kevin,Magnussen,haas,Haas F1 Team,12,12,12,0.0,50,Finished,4995772,+1:09.803,0
2024,22,Las Vegas Grand Prix,vegas,Las Vegas Strip Street Circuit,USA,zhou,ZHO,Guanyu,Zhou,sauber,Sauber,13,13,13,0.0,50,Finished,5000054,+1:14.085,0
2024,22,Las Vegas Grand Prix,vegas,Las Vegas Strip Street Circuit,USA,colapinto,COL,Franco,Colapinto,williams,Williams,20,14,14,0.0,50,Finished,5001141,+1:15.172,6
2024,22,Las Vegas Grand Prix,vegas,Las Vegas Strip Street Circuit,USA,stroll,STR,Lance,Stroll,aston_martin,Aston Martin,18,15,15,0.0,50,Finished,5010071,+1:24.102,3
2024,22,Las Vegas Grand Prix,vegas,Las Vegas Strip Street Circuit,USA,lawson,LAW,Liam,Lawson,rb,RB F1 Team,14,16,16,0.0,50,Finished,5016974,+1:31.005,-2
2024,22,Las Vegas Grand Prix,vegas,Las Vegas Strip Street Circuit,USA,ocon,OCO,Esteban,Ocon,alpine,Alpine F1 Team,11,17,17,0.0,49,Lapped,4928029,+2.060,-6
2024,22,Las Vegas Grand Prix,vegas,Las Vegas Strip Street Circuit,USA,bottas,BOT,Valtteri,Bottas,sauber,Sauber,19,18,18,0.0,49,Lapped,4937254,+11.285,1
2024,22,Las Vegas Grand Prix,vegas,Las Vegas Strip Street Circuit,USA,albon,ALB,Alexander,Albon,williams,Williams,17,19,R,0.0,25,Retired,,,-2
2024,22,Las Vegas Grand Prix,vegas,Las Vegas Strip Street Circuit,USA,gasly,GAS,Pierre,Gasly,alpine,Alpine F1 Team,3,20,R,0.0,15,Retired,,,-17
2024,23,Qatar Grand Prix,losail,Losail International Circuit,Qatar,max_verstappen,VER,Max,Verstappen,red_bull,Red Bull,2,1,1,25.0,57,Finished,5465323,1:31:05.323,1
2024,23,Qatar Grand Prix,losail,Losail International Circuit,Qatar,leclerc,LEC,Charles,Leclerc,ferrari,Ferrari,5,2,2,18.0,57,Finished,5471354,+6.031,3
2024,23,Qatar Grand Prix,losail,Losail International Circuit,Qatar,piastri,PIA,Oscar,Piastri,mclaren,McLaren,4,3,3,15.0,57,Finished,5472142,+6.819,1
2024,23,Qatar Grand Prix,losail,Losail International Circuit,Qatar,russell,RUS,George,Russell,mercedes,Mercedes,1,4,4,12.0,57,Finished,5479427,+14.104,-3
2024,23,Qatar Grand Prix,losail,Losail International Circuit,Qatar,gasly,GAS,Pierre,Gasly,alpine,Alpine F1 Team,11,5,5,10.0,57,Finished,5482105,+16.782,6
2024,23,Qatar Grand Prix,losail,Losail International Circuit,Qatar,sainz,SAI,Carlos,Sainz,ferrari,Ferrari,7,6,6,8.0,57,Finished,5482799,+17.476,1
2024,23,Qatar Grand Prix,losail,Losail International Circuit,Qatar,alonso,ALO,Fernando,Alonso,aston_martin,Aston Martin,8,7,7,6.0,57,Finished,5485190,+19.867,1
2024,23,Qatar Grand Prix,losail,Losail International Circuit,Qatar,zhou,ZHO,Guanyu,Zhou,sauber,Sauber,12,8,8,4.0,57,Finished,5490683,+25.360,4
2024,23,Qatar Grand Prix,losail,Losail International Circuit,Qatar,kevin_magnussen,MAG,Kevin,Magnussen,haas,Haas F1 Team,10,9,9,2.0,57,Finished,5497500,+32.177,1
2024,23,Qatar Grand Prix,losail,Losail International Circuit,Qatar,norris,NOR,Lando,Norris,mclaren,McLaren,3,10,10,2.0,57,Finished,5501085,+35.762,-7
2024,23,Qatar Grand Prix,losail,Losail International Circuit,Qatar,bottas,BOT,Valtteri,Bottas,sauber,Sauber,13,11,11,0.0,57,Finished,5515566,+50.243,2
2024,23,Qatar Grand Prix,losail,Losail International Circuit,Qatar,hamilton,HAM,Lewis,Hamilton,mercedes,Mercedes,6,12,12,0.0,57,Finished,5521445,+56.122,-6
2024,23,Qatar Grand Prix,losail,Losail International Circuit,Qatar,tsunoda,TSU,Yuki,Tsunoda,rb,RB F1 Team,14,13,13,0.0,57,Finished,5526423,+1:01.100,1
2024,23,Qatar Grand Prix,losail,Losail International Circuit,Qatar,lawson,LAW,Liam,Lawson,rb,RB F1 Team,17,14,14,0.0,57,Finished,5527979,+1:02.656,3
2024,23,Qatar Grand Prix,losail,Losail International Circuit,Qatar,albon,ALB,Alexander,Albon,williams,Williams,16,15,15,0.0,56,Lapped,5478292,+12.969,1
2024,23,Qatar Grand Prix,losail,Losail International Circuit,Qatar,hulkenberg,HUL,Nico,Hülkenberg,haas,Haas F1 Team,18,16,R,0.0,39,Retired,,,2
2024,23,Qatar Grand Prix,losail,Losail International Circuit,Qatar,perez,PER,Sergio,Pérez,red_bull,Red Bull,9,17,R,0.0,38,Retired,,,-8
2024,23,Qatar Grand Prix,losail,Losail International Circuit,Qatar,stroll,STR,Lance,Stroll,aston_martin,Aston Martin,15,18,R,0.0,8,Retired,,,-3
2024,23,Qatar Grand Prix,losail,Losail International Circuit,Qatar,colapinto,COL,Franco,Colapinto,williams,Williams,19,19,R,0.0,0,Retired,,,0
2024,23,Qatar Grand Prix,losail,Losail International Circuit,Qatar,ocon,OCO,Esteban,Ocon,alpine,Alpine F1 Team,20,20,R,0.0,0,Retired,,,0
2024,24,Abu Dhabi Grand Prix,yas_marina,Yas Marina Circuit,UAE,norris,NOR,Lando,Norris,mclaren,McLaren,1,1,1,25.0,58,Finished,5193291,1:26:33.291,0
2024,24,Abu Dhabi Grand Prix,yas_marina,Yas Marina Circuit,UAE,sainz,SAI,Carlos,Sainz,ferrari,Ferrari,3,2,2,18.0,58,Finished,5199123,+5.832,1
2024,24,Abu Dhabi Grand Prix,yas_marina,Yas Marina Circuit,UAE,leclerc,LEC,Charles,Leclerc,ferrari,Ferrari,19,3,3,15.0,58,Finished,5225219,+31.928,16
2024,24,Abu Dhabi Grand Prix,yas_marina,Yas Marina Circuit,UAE,hamilton,HAM,Lewis,Hamilton,mercedes,Mercedes,16,4,4,12.0,58,Finished,5229774,+36.483,12
2024,24,Abu Dhabi Grand Prix,yas_marina,Yas Marina Circuit,UAE,russell,RUS,George,Russell,mercedes,Mercedes,6,5,5,10.0,58,Finished,5230829,+37.538,1
2024,24,Abu Dhabi Grand Prix,yas_marina,Yas Marina Circuit,UAE,max_verstappen,VER,Max,Verstappen,red_bull,Red Bull,4,6,6,8.0,58,Finished,5243138,+49.847,-2
2024,24,Abu Dhabi Grand Prix,yas_marina,Yas Marina Circuit,UAE,gasly,GAS,Pierre,Gasly,alpine,Alpine F1 Team,5,7,7,6.0,58,Finished,5265851,+1:12.560,-2
2024,24,Abu Dhabi Grand Prix,yas_marina,Yas Marina Circuit,UAE,hulkenberg,HUL,Nico,Hülkenberg,haas,Haas F1 Team,7,8,8,4.0,58,Finished,5268845,+1:15.554,-1
2024,24,Abu Dhabi Grand Prix,yas_marina,Yas Marina Circuit,UAE,alonso,ALO,Fernando,Alonso,aston_martin,Aston Martin,8,9,9,2.0,58,Finished,5275664,+1:22.373,-1
2024,24,Abu Dhabi Grand Prix,yas_marina,Yas Marina Circuit,UAE,piastri,PIA,Oscar,Piastri,mclaren,McLaren,2,10,10,1.0,58,Finished,5277112,+1:23.821,-8
2024,24,Abu Dhabi Grand Prix,yas_marina,Yas Marina Circuit,UAE,albon,ALB,Alexander,Albon,williams,Williams,18,11,11,0.0,57,Lapped,5204542,+11.251,7
2024,24,Abu Dhabi Grand Prix,yas_marina,Yas Marina Circuit,UAE,tsunoda,TSU,Yuki,Tsunoda,rb,RB F1 Team,11,12,12,0.0,57,Lapped,5208029,+14.738,-1
2024,24,Abu Dhabi Grand Prix,yas_marina,Yas Marina Circuit,UAE,zhou,ZHO,Guanyu,Zhou,sauber,Sauber,15,13,13,0.0,57,Lapped,5210595,+17.304,2
2024,24,Abu Dhabi Grand Prix,yas_marina,Yas Marina Circuit,UAE,stroll,STR,Lance,Stroll,aston_martin,Aston Martin,13,14,14,0.0,57,Lapped,5211764,+18.473,-1
2024,24,Abu Dhabi Grand Prix,yas_marina,Yas Marina Circuit,UAE,doohan,DOO,Jack,Doohan,alpine,Alpine F1 Team,17,15,15,0.0,57,Lapped,5219846,+26.555,2
2024,24,Abu Dhabi Grand Prix,yas_marina,Yas Marina Circuit,UAE,kevin_magnussen,MAG,Kevin,Magnussen,haas,Haas F1 Team,14,16,16,0.0,57,Lapped,5270888,+1:17.597,-2
2024,24,Abu Dhabi Grand Prix,yas_marina,Yas Marina Circuit,UAE,lawson,LAW,Liam,Lawson,rb,RB F1 Team,12,17,17,0.0,55,Retired,5076949,,-5
2024,24,Abu Dhabi Grand Prix,yas_marina,Yas Marina Circuit,UAE,bottas,BOT,Valtteri,Bottas,sauber,Sauber,9,18,R,0.0,30,Retired,,,-9
2024,24,Abu Dhabi Grand Prix,yas_marina,Yas Marina Circuit,UAE,colapinto,COL,Franco,Colapinto,williams,Williams,20,19,R,0.0,26,Retired,,,1
2024,24,Abu Dhabi Grand Prix,yas_marina,Yas Marina Circuit,UAE,perez,PER,Sergio,Pérez,red_bull,Red Bull,10,20,R,0.0,0,Retired,,,-10
2025,1,Australian Grand Prix,albert_park,Albert Park Grand Prix Circuit,Australia,norris,NOR,Lando,Norris,mclaren,McLaren,1,1,1,25.0,57,Finished,6126304,1:42:06.304,0
2025,1,Australian Grand Prix,albert_park,Albert Park Grand Prix Circuit,Australia,max_verstappen,VER,Max,Verstappen,red_bull,Red Bull,3,2,2,18.0,57,Finished,6127199,+0.895,1
2025,1,Australian Grand Prix,albert_park,Albert Park Grand Prix Circuit,Australia,russell,RUS,George,Russell,mercedes,Mercedes,4,3,3,15.0,57,Finished,6134785,+8.481,1
2025,1,Australian Grand Prix,albert_park,Albert Park Grand Prix Circuit,Australia,antonelli,ANT,Andrea Kimi,Antonelli,mercedes,Mercedes,16,4,4,12.0,57,Finished,6136439,+10.135,12
2025,1,Australian Grand Prix,albert_park,Albert Park Grand Prix Circuit,Australia,albon,ALB,Alexander,Albon,williams,Williams,6,5,5,10.0,57,Finished,6139077,+12.773,1
2025,1,Australian Grand Prix,albert_park,Albert Park Grand Prix Circuit,Australia,stroll,STR,Lance,Stroll,aston_martin,Aston Martin,13,6,6,8.0,57,Finished,6143717,+17.413,7
2025,1,Australian Grand Prix,albert_park,Albert Park Grand Prix Circuit,Australia,hulkenberg,HUL,Nico,Hülkenberg,sauber,Sauber,17,7,7,6.0,57,Finished,6144727,+18.423,10
2025,1,Australian Grand Prix,albert_park,Albert Park Grand Prix Circuit,Australia,leclerc,LEC,Charles,Leclerc,ferrari,Ferrari,7,8,8,4.0,57,Finished,6146130,+19.826,-1
2025,1,Australian Grand Prix,albert_park,Albert Park Grand Prix Circuit,Australia,piastri,PIA,Oscar,Piastri,mclaren,McLaren,2,9,9,2.0,57,Finished,6146752,+20.448,-7
2025,1,Australian Grand Prix,albert_park,Albert Park Grand Prix Circuit,Australia,hamilton,HAM,Lewis,Hamilton,ferrari,Ferrari,8,10,10,1.0,57,Finished,6148777,+22.473,-2
2025,1,Australian Grand Prix,albert_park,Albert Park Grand Prix Circuit,Australia,gasly,GAS,Pierre,Gasly,alpine,Alpine F1 Team,9,11,11,0.0,57,Finished,6152806,+26.502,-2
2025,1,Australian Grand Prix,albert_park,Albert Park Grand Prix Circuit,Australia,tsunoda,TSU,Yuki,Tsunoda,rb,RB F1 Team,5,12,12,0.0,57,Finished,6156188,+29.884,-7
2025,1,Australian Grand Prix,albert_park,Albert Park Grand Prix Circuit,Australia,ocon,OCO,Esteban,Ocon,haas,Haas F1 Team,19,13,13,0.0,57,Finished,6159465,+33.161,6
2025,1,Australian Grand Prix,albert_park,Albert Park Grand Prix Circuit,Australia,bearman,BEA,Oliver,Bearman,haas,Haas F1 Team,20,14,14,0.0,57,Finished,6166655,+40.351,6
2025,1,Australian Grand Prix,albert_park,Albert Park Grand Prix Circuit,Australia,lawson,LAW,Liam,Lawson,red_bull,Red Bull,18,15,R,0.0,46,Retired,,,3
2025,1,Australian Grand Prix,albert_park,Albert Park Grand Prix Circuit,Australia,bortoleto,BOR,Gabriel,Bortoleto,sauber,Sauber,15,16,R,0.0,45,Retired,,,-1
2025,1,Australian Grand Prix,albert_park,Albert Park Grand Prix Circuit,Australia,alonso,ALO,Fernando,Alonso,aston_martin,Aston Martin,12,17,R,0.0,32,Retired,,,-5
2025,1,Australian Grand Prix,albert_park,Albert Park Grand Prix Circuit,Australia,sainz,SAI,Carlos,Sainz,williams,Williams,10,18,R,0.0,0,Retired,,,-8
2025,1,Australian Grand Prix,albert_park,Albert Park Grand Prix Circuit,Australia,doohan,DOO,Jack,Doohan,alpine,Alpine F1 Team,14,19,R,0.0,0,Retired,,,-5
2025,1,Australian Grand Prix,albert_park,Albert Park Grand Prix Circuit,Australia,hadjar,HAD,Isack,Hadjar,rb,RB F1 Team,11,20,R,0.0,0,Retired,,,-9
2025,2,Chinese Grand Prix,shanghai,Shanghai International Circuit,China,piastri,PIA,Oscar,Piastri,mclaren,McLaren,1,1,1,25.0,56,Finished,5455026,1:30:55.026,0
2025,2,Chinese Grand Prix,shanghai,Shanghai International Circuit,China,norris,NOR,Lando,Norris,mclaren,McLaren,3,2,2,18.0,56,Finished,5464774,+9.748,1
2025,2,Chinese Grand Prix,shanghai,Shanghai International Circuit,China,russell,RUS,George,Russell,mercedes,Mercedes,2,3,3,15.0,56,Finished,5466123,+11.097,-1
2025,2,Chinese Grand Prix,shanghai,Shanghai International Circuit,China,max_verstappen,VER,Max,Verstappen,red_bull,Red Bull,4,4,4,12.0,56,Finished,5471682,+16.656,0
2025,2,Chinese Grand Prix,shanghai,Shanghai International Circuit,China,ocon,OCO,Esteban,Ocon,haas,Haas F1 Team,11,5,5,10.0,56,Finished,5504995,+49.969,6
2025,2,Chinese Grand Prix,shanghai,Shanghai International Circuit,China,antonelli,ANT,Andrea Kimi,Antonelli,mercedes,Mercedes,8,6,6,8.0,56,Finished,5508774,+53.748,2
2025,2,Chinese Grand Prix,shanghai,Shanghai International Circuit,China,albon,ALB,Alexander,Albon,williams,Williams,10,7,7,6.0,56,Finished,5511347,+56.321,3
2025,2,Chinese Grand Prix,shanghai,Shanghai International Circuit,China,bearman,BEA,Oliver,Bearman,haas,Haas F1 Team,17,8,8,4.0,56,Finished,5516329,+1:01.303,9
2025,2,Chinese Grand Prix,shanghai,Shanghai International Circuit,China,stroll,STR,Lance,Stroll,aston_martin,Aston Martin,14,9,9,2.0,56,Finished,5525230,+1:10.204,5
2025,2,Chinese Grand Prix,shanghai,Shanghai International Circuit,China,sainz,SAI,Carlos,Sainz,williams,Williams,15,10,10,1.0,56,Finished,5531413,+1:16.387,5
2025,2,Chinese Grand Prix,shanghai,Shanghai International Circuit,China,hadjar,HAD,Isack,Hadjar,rb,RB F1 Team,7,11,11,0.0,56,Finished,5533901,+1:18.875,-4
2025,2,Chinese Grand Prix,shanghai,Shanghai International Circuit,China,lawson,LAW,Liam,Lawson,red_bull,Red Bull,20,12,12,0.0,56,Finished,5536173,+1:21.147,8
2025,2,Chinese Grand Prix,shanghai,Shanghai International Circuit,China,doohan,DOO,Jack,Doohan,alpine,Alpine F1 Team,18,13,13,0.0,56,Finished,5543427,+1:28.401,5
2025,2,Chinese Grand Prix,shanghai,Shanghai International Circuit,China,bortoleto,BOR,Gabriel,Bortoleto,sauber,Sauber,19,14,14,0.0,55,Lapped,5465782,+10.756,5
2025,2,Chinese Grand Prix,shanghai,Shanghai International Circuit,China,hulkenberg,HUL,Nico,Hülkenberg,sauber,Sauber,12,15,15,0.0,55,Lapped,5475252,+20.226,-3
2025,2,Chinese Grand Prix,shanghai,Shanghai International Circuit,China,tsunoda,TSU,Yuki,Tsunoda,rb,RB F1 Team,9,16,16,0.0,55,Lapped,5478537,+23.511,-7
2025,2,Chinese Grand Prix,shanghai,Shanghai International Circuit,China,alonso,ALO,Fernando,Alonso,aston_martin,Aston Martin,13,17,R,0.0,4,Retired,,,-4
2025,2,Chinese Grand Prix,shanghai,Shanghai International Circuit,China,leclerc,LEC,Charles,Leclerc,ferrari,Ferrari,6,18,D,0.0,0,Disqualified,,,-12
2025,2,Chinese Grand Prix,shanghai,Shanghai International Circuit,China,hamilton,HAM,Lewis,Hamilton,ferrari,Ferrari,5,19,D,0.0,0,Disqualified,,,-14
2025,2,Chinese Grand Prix,shanghai,Shanghai International Circuit,China,gasly,GAS,Pierre,Gasly,alpine,Alpine F1 Team,16,20,D,0.0,0,Disqualified,,,-4
2025,3,Japanese Grand Prix,suzuka,Suzuka Circuit,Japan,max_verstappen,VER,Max,Verstappen,red_bull,Red Bull,1,1,1,25.0,53,Finished,4926983,1:22:06.983,0
2025,3,Japanese Grand Prix,suzuka,Suzuka Circuit,Japan,norris,NOR,Lando,Norris,mclaren,McLaren,2,2,2,18.0,53,Finished,4928406,+1.423,0
2025,3,Japanese Grand Prix,suzuka,Suzuka Circuit,Japan,piastri,PIA,Oscar,Piastri,mclaren,McLaren,3,3,3,15.0,53,Finished,4929112,+2.129,0
2025,3,Japanese Grand Prix,suzuka,Suzuka Circuit,Japan,leclerc,LEC,Charles,Leclerc,ferrari,Ferrari,4,4,4,12.0,53,Finished,4943080,+16.097,0
2025,3,Japanese Grand Prix,suzuka,Suzuka Circuit,Japan,russell,RUS,George,Russell,mercedes,Mercedes,5,5,5,10.0,53,Finished,4944345,+17.362,0
2025,3,Japanese Grand Prix,suzuka,Suzuka Circuit,Japan,antonelli,ANT,Andrea Kimi,Antonelli,mercedes,Mercedes,6,6,6,8.0,53,Finished,4945654,+18.671,0
2025,3,Japanese Grand Prix,suzuka,Suzuka Circuit,Japan,hamilton,HAM,Lewis,Hamilton,ferrari,Ferrari,8,7,7,6.0,53,Finished,4956165,+29.182,1
2025,3,Japanese Grand Prix,suzuka,Suzuka Circuit,Japan,hadjar,HAD,Isack,Hadjar,rb,RB F1 Team,7,8,8,4.0,53,Finished,4964117,+37.134,-1
2025,3,Japanese Grand Prix,suzuka,Suzuka Circuit,Japan,albon,ALB,Alexander,Albon,williams,Williams,9,9,9,2.0,53,Finished,4967350,+40.367,0
2025,3,Japanese Grand Prix,suzuka,Suzuka Circuit,Japan,bearman,BEA,Oliver,Bearman,haas,Haas F1 Team,10,10,10,1.0,53,Finished,4981512,+54.529,0
2025,3,Japanese Grand Prix,suzuka,Suzuka Circuit,Japan,alonso,ALO,Fernando,Alonso,aston_martin,Aston Martin,12,11,11,0.0,53,Finished,4984316,+57.333,1
2025,3,Japanese Grand Prix,suzuka,Suzuka Circuit,Japan,tsunoda,TSU,Yuki,Tsunoda,red_bull,Red Bull,14,12,12,0.0,53,Finished,4985384,+58.401,2
2025,3,Japanese Grand Prix,suzuka,Suzuka Circuit,Japan,gasly,GAS,Pierre,Gasly,alpine,Alpine F1 Team,11,13,13,0.0,53,Finished,4989105,+1:02.122,-2
2025,3,Japanese Grand Prix,suzuka,Suzuka Circuit,Japan,sainz,SAI,Carlos,Sainz,williams,Williams,15,14,14,0.0,53,Finished,5001112,+1:14.129,1
2025,3,Japanese Grand Prix,suzuka,Suzuka Circuit,Japan,doohan,DOO,Jack,Doohan,alpine,Alpine F1 Team,19,15,15,0.0,53,Finished,5008297,+1:21.314,4
2025,3,Japanese Grand Prix,suzuka,Suzuka Circuit,Japan,hulkenberg,HUL,Nico,Hülkenberg,sauber,Sauber,16,16,16,0.0,53,Finished,5008940,+1:21.957,0
2025,3,Japanese Grand Prix,suzuka,Suzuka Circuit,Japan,lawson,LAW,Liam,Lawson,rb,RB F1 Team,13,17,17,0.0,53,Finished,5009717,+1:22.734,-4
2025,3,Japanese Grand Prix,suzuka,Suzuka Circuit,Japan,ocon,OCO,Esteban,Ocon,haas,Haas F1 Team,18,18,18,0.0,53,Finished,5010421,+1:23.438,0
2025,3,Japanese Grand Prix,suzuka,Suzuka Circuit,Japan,bortoleto,BOR,Gabriel,Bortoleto,sauber,Sauber,17,19,19,0.0,53,Finished,5010880,+1:23.897,-2
2025,3,Japanese Grand Prix,suzuka,Suzuka Circuit,Japan,stroll,STR,Lance,Stroll,aston_martin,Aston Martin,20,20,20,0.0,52,Lapped,4939912,+12.929,0
2025,4,Bahrain Grand Prix,bahrain,Bahrain International Circuit,Bahrain,piastri,PIA,Oscar,Piastri,mclaren,McLaren,1,1,1,25.0,57,Finished,5739435,1:35:39.435,0
2025,4,Bahrain Grand Prix,bahrain,Bahrain International Circuit,Bahrain,russell,RUS,George,Russell,mercedes,Mercedes,3,2,2,18.0,57,Finished,5754934,+15.499,1
2025,4,Bahrain Grand Prix,bahrain,Bahrain International Circuit,Bahrain,norris,NOR,Lando,Norris,mclaren,McLaren,6,3,3,15.0,57,Finished,5755708,+16.273,3
2025,4,Bahrain Grand Prix,bahrain,Bahrain International Circuit,Bahrain,leclerc,LEC,Charles,Leclerc,ferrari,Ferrari,2,4,4,12.0,57,Finished,5759114,+19.679,-2
2025,4,Bahrain Grand Prix,bahrain,Bahrain International Circuit,Bahrain,hamilton,HAM,Lewis,Hamilton,ferrari,Ferrari,9,5,5,10.0,57,Finished,5767428,+27.993,4
2025,4,Bahrain Grand Prix,bahrain,Bahrain International Circuit,Bahrain,max_verstappen,VER,Max,Verstappen,red_bull,Red Bull,7,6,6,8.0,57,Finished,5773830,+34.395,1
2025,4,Bahrain Grand Prix,bahrain,Bahrain International Circuit,Bahrain,gasly,GAS,Pierre,Gasly,alpine,Alpine F1 Team,4,7,7,6.0,57,Finished,5775437,+36.002,-3
2025,4,Bahrain Grand Prix,bahrain,Bahrain International Circuit,Bahrain,ocon,OCO,Esteban,Ocon,haas,Haas F1 Team,14,8,8,4.0,57,Finished,5783679,+44.244,6
2025,4,Bahrain Grand Prix,bahrain,Bahrain International Circuit,Bahrain,tsunoda,TSU,Yuki,Tsunoda,red_bull,Red Bull,10,9,9,2.0,57,Finished,5784496,+45.061,1
2025,4,Bahrain Grand Prix,bahrain,Bahrain International Circuit,Bahrain,bearman,BEA,Oliver,Bearman,haas,Haas F1 Team,20,10,10,1.0,57,Finished,5787029,+47.594,10
2025,4,Bahrain Grand Prix,bahrain,Bahrain International Circuit,Bahrain,antonelli,ANT,Andrea Kimi,Antonelli,mercedes,Mercedes,5,11,11,0.0,57,Finished,5787451,+48.016,-6
2025,4,Bahrain Grand Prix,bahrain,Bahrain International Circuit,Bahrain,albon,ALB,Alexander,Albon,williams,Williams,15,12,12,0.0,57,Finished,5788274,+48.839,3
2025,4,Bahrain Grand Prix,bahrain,Bahrain International Circuit,Bahrain,hadjar,HAD,Isack,Hadjar,rb,RB F1 Team,12,13,13,0.0,57,Finished,5795749,+56.314,-1
2025,4,Bahrain Grand Prix,bahrain,Bahrain International Circuit,Bahrain,doohan,DOO,Jack,Doohan,alpine,Alpine F1 Team,11,14,14,0.0,57,Finished,5797241,+57.806,-3
2025,4,Bahrain Grand Prix,bahrain,Bahrain International Circuit,Bahrain,alonso,ALO,Fernando,Alonso,aston_martin,Aston Martin,13,15,15,0.0,57,Finished,5799775,+1:00.340,-2
2025,4,Bahrain Grand Prix,bahrain,Bahrain International Circuit,Bahrain,lawson,LAW,Liam,Lawson,rb,RB F1 Team,17,16,16,0.0,57,Finished,5803870,+1:04.435,1
2025,4,Bahrain Grand Prix,bahrain,Bahrain International Circuit,Bahrain,stroll,STR,Lance,Stroll,aston_martin,Aston Martin,19,17,17,0.0,57,Finished,5804924,+1:05.489,2
2025,4,Bahrain Grand Prix,bahrain,Bahrain International Circuit,Bahrain,bortoleto,BOR,Gabriel,Bortoleto,sauber,Sauber,18,18,18,0.0,57,Finished,5806307,+1:06.872,0
2025,4,Bahrain Grand Prix,bahrain,Bahrain International Circuit,Bahrain,sainz,SAI,Carlos,Sainz,williams,Williams,8,19,R,0.0,45,Retired,,,-11
2025,4,Bahrain Grand Prix,bahrain,Bahrain International Circuit,Bahrain,hulkenberg,HUL,Nico,Hülkenberg,sauber,Sauber,16,20,D,0.0,0,Disqualified,,,-4
2025,5,Saudi Arabian Grand Prix,jeddah,Jeddah Corniche Circuit,Saudi Arabia,piastri,PIA,Oscar,Piastri,mclaren,McLaren,2,1,1,25.0,50,Finished,4866758,1:21:06.758,1
2025,5,Saudi Arabian Grand Prix,jeddah,Jeddah Corniche Circuit,Saudi Arabia,max_verstappen,VER,Max,Verstappen,red_bull,Red Bull,1,2,2,18.0,50,Finished,4869601,+2.843,-1
2025,5,Saudi Arabian Grand Prix,jeddah,Jeddah Corniche Circuit,Saudi Arabia,leclerc,LEC,Charles,Leclerc,ferrari,Ferrari,4,3,3,15.0,50,Finished,4874862,+8.104,1
2025,5,Saudi Arabian Grand Prix,jeddah,Jeddah Corniche Circuit,Saudi Arabia,norris,NOR,Lando,Norris,mclaren,McLaren,10,4,4,12.0,50,Finished,4875954,+9.196,6
2025,5,Saudi Arabian Grand Prix,jeddah,Jeddah Corniche Circuit,Saudi Arabia,russell,RUS,George,Russell,mercedes,Mercedes,3,5,5,10.0,50,Finished,4893994,+27.236,-2
2025,5,Saudi Arabian Grand Prix,jeddah,Jeddah Corniche Circuit,Saudi Arabia,antonelli,ANT,Andrea Kimi,Antonelli,mercedes,Mercedes,5,6,6,8.0,50,Finished,4901446,+34.688,-1
2025,5,Saudi Arabian Grand Prix,jeddah,Jeddah Corniche Circuit,Saudi Arabia,hamilton,HAM,Lewis,Hamilton,ferrari,Ferrari,7,7,7,6.0,50,Finished,4905831,+39.073,0
2025,5,Saudi Arabian Grand Prix,jeddah,Jeddah Corniche Circuit,Saudi Arabia,sainz,SAI,Carlos,Sainz,williams,Williams,6,8,8,4.0,50,Finished,4931388,+1:04.630,-2
2025,5,Saudi Arabian Grand Prix,jeddah,Jeddah Corniche Circuit,Saudi Arabia,albon,ALB,Alexander,Albon,williams,Williams,11,9,9,2.0,50,Finished,4933273,+1:06.515,2
2025,5,Saudi Arabian Grand Prix,jeddah,Jeddah Corniche Circuit,Saudi Arabia,hadjar,HAD,Isack,Hadjar,rb,RB F1 Team,14,10,10,1.0,50,Finished,4933849,+1:07.091,4
2025,5,Saudi Arabian Grand Prix,jeddah,Jeddah Corniche Circuit,Saudi Arabia,alonso,ALO,Fernando,Alonso,aston_martin,Aston Martin,13,11,11,0.0,50,Finished,4942675,+1:15.917,2
2025,5,Saudi Arabian Grand Prix,jeddah,Jeddah Corniche Circuit,Saudi Arabia,lawson,LAW,Liam,Lawson,rb,RB F1 Team,12,12,12,0.0,50,Finished,4945209,+1:18.451,0
2025,5,Saudi Arabian Grand Prix,jeddah,Jeddah Corniche Circuit,Saudi Arabia,bearman,BEA,Oliver,Bearman,haas,Haas F1 Team,15,13,13,0.0,50,Finished,4945952,+1:19.194,2
2025,5,Saudi Arabian Grand Prix,jeddah,Jeddah Corniche Circuit,Saudi Arabia,ocon,OCO,Esteban,Ocon,haas,Haas F1 Team,19,14,14,0.0,50,Finished,4966481,+1:39.723,5
2025,5,Saudi Arabian Grand Prix,jeddah,Jeddah Corniche Circuit,Saudi Arabia,hulkenberg,HUL,Nico,Hülkenberg,sauber,Sauber,18,15,15,0.0,49,Lapped,4871367,+4.609,3
2025,5,Saudi Arabian Grand Prix,jeddah,Jeddah Corniche Circuit,Saudi Arabia,stroll,STR,Lance,Stroll,aston_martin,Aston Martin,16,16,16,0.0,49,Lapped,4872285,+5.527,0
2025,5,Saudi Arabian Grand Prix,jeddah,Jeddah Corniche Circuit,Saudi Arabia,doohan,DOO,Jack,Doohan,alpine,Alpine F1 Team,17,17,17,0.0,49,Lapped,4886022,+19.264,0
2025,5,Saudi Arabian Grand Prix,jeddah,Jeddah Corniche Circuit,Saudi Arabia,bortoleto,BOR,Gabriel,Bortoleto,sauber,Sauber,20,18,18,0.0,49,Lapped,4886064,+19.306,2
2025,5,Saudi Arabian Grand Prix,jeddah,Jeddah Corniche Circuit,Saudi Arabia,tsunoda,TSU,Yuki,Tsunoda,red_bull,Red Bull,8,19,R,0.0,1,Retired,,,-11
2025,5,Saudi Arabian Grand Prix,jeddah,Jeddah Corniche Circuit,Saudi Arabia,gasly,GAS,Pierre,Gasly,alpine,Alpine F1 Team,9,20,R,0.0,0,Retired,,,-11
2025,6,Miami Grand Prix,miami,Miami International Autodrome,USA,piastri,PIA,Oscar,Piastri,mclaren,McLaren,4,1,1,25.0,57,Finished,5331587,1:28:51.587,3
2025,6,Miami Grand Prix,miami,Miami International Autodrome,USA,norris,NOR,Lando,Norris,mclaren,McLaren,2,2,2,18.0,57,Finished,5336217,+4.630,0
2025,6,Miami Grand Prix,miami,Miami International Autodrome,USA,russell,RUS,George,Russell,mercedes,Mercedes,5,3,3,15.0,57,Finished,5369231,+37.644,2
2025,6,Miami Grand Prix,miami,Miami International Autodrome,USA,max_verstappen,VER,Max,Verstappen,red_bull,Red Bull,1,4,4,12.0,57,Finished,5371543,+39.956,-3
2025,6,Miami Grand Prix,miami,Miami International Autodrome,USA,albon,ALB,Alexander,Albon,williams,Williams,7,5,5,10.0,57,Finished,5379654,+48.067,2
2025,6,Miami Grand Prix,miami,Miami International Autodrome,USA,antonelli,ANT,Andrea Kimi,Antonelli,mercedes,Mercedes,3,6,6,8.0,57,Finished,5387089,+55.502,-3
2025,6,Miami Grand Prix,miami,Miami International Autodrome,USA,leclerc,LEC,Charles,Leclerc,ferrari,Ferrari,8,7,7,6.0,57,Finished,5388623,+57.036,1
2025,6,Miami Grand Prix,miami,Miami International Autodrome,USA,hamilton,HAM,Lewis,Hamilton,ferrari,Ferrari,12,8,8,4.0,57,Finished,5391773,+1:00.186,4
2025,6,Miami Grand Prix,miami,Miami International Autodrome,USA,sainz,SAI,Carlos,Sainz,williams,Williams,6,9,9,2.0,57,Finished,5392164,+1:00.577,-3
2025,6,Miami Grand Prix,miami,Miami International Autodrome,USA,tsunoda,TSU,Yuki,Tsunoda,red_bull,Red Bull,10,10,10,1.0,57,Finished,5406021,+1:14.434,0
2025,6,Miami Grand Prix,miami,Miami International Autodrome,USA,hadjar,HAD,Isack,Hadjar,rb,RB F1 Team,11,11,11,0.0,57,Finished,5406189,+1:14.602,0
2025,6,Miami Grand Prix,miami,Miami International Autodrome,USA,ocon,OCO,Esteban,Ocon,haas,Haas F1 Team,9,12,12,0.0,57,Finished,5413593,+1:22.006,-3
2025,6,Miami Grand Prix,miami,Miami International Autodrome,USA,gasly,GAS,Pierre,Gasly,alpine,Alpine F1 Team,20,13,13,0.0,57,Finished,5422032,+1:30.445,7
2025,6,Miami Grand Prix,miami,Miami International Autodrome,USA,hulkenberg,HUL,Nico,Hülkenberg,sauber,Sauber,16,14,14,0.0,56,Lapped,5332742,+1.155,2
2025,6,Miami Grand Prix,miami,Miami International Autodrome,USA,alonso,ALO,Fernando,Alonso,aston_martin,Aston Martin,17,15,15,0.0,56,Lapped,5352566,+20.979,2
2025,6,Miami Grand Prix,miami,Miami International Autodrome,USA,stroll,STR,Lance,Stroll,aston_martin,Aston Martin,18,16,16,0.0,56,Lapped,5356749,+25.162,2
2025,6,Miami Grand Prix,miami,Miami International Autodrome,USA,lawson,LAW,Liam,Lawson,rb,RB F1 Team,15,17,R,0.0,36,Retired,,,-2
2025,6,Miami Grand Prix,miami,Miami International Autodrome,USA,bortoleto,BOR,Gabriel,Bortoleto,sauber,Sauber,13,18,R,0.0,30,Retired,,,-5
2025,6,Miami Grand Prix,miami,Miami International Autodrome,USA,bearman,BEA,Oliver,Bearman,haas,Haas F1 Team,19,19,R,0.0,27,Retired,,,0
2025,6,Miami Grand Prix,miami,Miami International Autodrome,USA,doohan,DOO,Jack,Doohan,alpine,Alpine F1 Team,14,20,R,0.0,0,Retired,,,-6
2025,7,Emilia Romagna Grand Prix,imola,Autodromo Enzo e Dino Ferrari,Italy,max_verstappen,VER,Max,Verstappen,red_bull,Red Bull,2,1,1,25.0,63,Finished,5493199,1:31:33.199,1
2025,7,Emilia Romagna Grand Prix,imola,Autodromo Enzo e Dino Ferrari,Italy,norris,NOR,Lando,Norris,mclaren,McLaren,4,2,2,18.0,63,Finished,5499308,+6.109,2
2025,7,Emilia Romagna Grand Prix,imola,Autodromo Enzo e Dino Ferrari,Italy,piastri,PIA,Oscar,Piastri,mclaren,McLaren,1,3,3,15.0,63,Finished,5506155,+12.956,-2
2025,7,Emilia Romagna Grand Prix,imola,Autodromo Enzo e Dino Ferrari,Italy,hamilton,HAM,Lewis,Hamilton,ferrari,Ferrari,12,4,4,12.0,63,Finished,5507555,+14.356,8
2025,7,Emilia Romagna Grand Prix,imola,Autodromo Enzo e Dino Ferrari,Italy,albon,ALB,Alexander,Albon,williams,Williams,7,5,5,10.0,63,Finished,5511144,+17.945,2
2025,7,Emilia Romagna Grand Prix,imola,Autodromo Enzo e Dino Ferrari,Italy,leclerc,LEC,Charles,Leclerc,ferrari,Ferrari,11,6,6,8.0,63,Finished,5513973,+20.774,5
2025,7,Emilia Romagna Grand Prix,imola,Autodromo Enzo e Dino Ferrari,Italy,russell,RUS,George,Russell,mercedes,Mercedes,3,7,7,6.0,63,Finished,5515233,+22.034,-4
2025,7,Emilia Romagna Grand Prix,imola,Autodromo Enzo e Dino Ferrari,Italy,sainz,SAI,Carlos,Sainz,williams,Williams,6,8,8,4.0,63,Finished,5516097,+22.898,-2
2025,7,Emilia Romagna Grand Prix,imola,Autodromo Enzo e Dino Ferrari,Italy,hadjar,HAD,Isack,Hadjar,rb,RB F1 Team,9,9,9,2.0,63,Finished,5516785,+23.586,0
2025,7,Emilia Romagna Grand Prix,imola,Autodromo Enzo e Dino Ferrari,Italy,tsunoda,TSU,Yuki,Tsunoda,red_bull,Red Bull,20,10,10,1.0,63,Finished,5519645,+26.446,10
2025,7,Emilia Romagna Grand Prix,imola,Autodromo Enzo e Dino Ferrari,Italy,alonso,ALO,Fernando,Alonso,aston_martin,Aston Martin,5,11,11,0.0,63,Finished,5520449,+27.250,-6
2025,7,Emilia Romagna Grand Prix,imola,Autodromo Enzo e Dino Ferrari,Italy,hulkenberg,HUL,Nico,Hülkenberg,sauber,Sauber,17,12,12,0.0,63,Finished,5523495,+30.296,5
2025,7,Emilia Romagna Grand Prix,imola,Autodromo Enzo e Dino Ferrari,Italy,gasly,GAS,Pierre,Gasly,alpine,Alpine F1 Team,10,13,13,0.0,63,Finished,5524623,+31.424,-3
2025,7,Emilia Romagna Grand Prix,imola,Autodromo Enzo e Dino Ferrari,Italy,lawson,LAW,Liam,Lawson,rb,RB F1 Team,15,14,14,0.0,63,Finished,5525710,+32.511,1
2025,7,Emilia Romagna Grand Prix,imola,Autodromo Enzo e Dino Ferrari,Italy,stroll,STR,Lance,Stroll,aston_martin,Aston Martin,8,15,15,0.0,63,Finished,5526192,+32.993,-7
2025,7,Emilia Romagna Grand Prix,imola,Autodromo Enzo e Dino Ferrari,Italy,colapinto,COL,Franco,Colapinto,alpine,Alpine F1 Team,16,16,16,0.0,63,Finished,5526610,+33.411,0
2025,7,Emilia Romagna Grand Prix,imola,Autodromo Enzo e Dino Ferrari,Italy,bearman,BEA,Oliver,Bearman,haas,Haas F1 Team,19,17,17,0.0,63,Finished,5527007,+33.808,2
2025,7,Emilia Romagna Grand Prix,imola,Autodromo Enzo e Dino Ferrari,Italy,bortoleto,BOR,Gabriel,Bortoleto,sauber,Sauber,14,18,18,0.0,63,Finished,5531771,+38.572,-4
2025,7,Emilia Romagna Grand Prix,imola,Autodromo Enzo e Dino Ferrari,Italy,antonelli,ANT,Andrea Kimi,Antonelli,mercedes,Mercedes,13,19,R,0.0,44,Retired,,,-6
2025,7,Emilia Romagna Grand Prix,imola,Autodromo Enzo e Dino Ferrari,Italy,ocon,OCO,Esteban,Ocon,haas,Haas F1 Team,18,20,R,0.0,27,Retired,,,-2
2025,8,Monaco Grand Prix,monaco,Circuit de Monaco,Monaco,norris,NOR,Lando,Norris,mclaren,McLaren,1,1,1,25.0,78,Finished,6033843,1:40:33.843,0
2025,8,Monaco Grand Prix,monaco,Circuit de Monaco,Monaco,leclerc,LEC,Charles,Leclerc,ferrari,Ferrari,2,2,2,18.0,78,Finished,6036974,+3.131,0
2025,8,Monaco Grand Prix,monaco,Circuit de Monaco,Monaco,piastri,PIA,Oscar,Piastri,mclaren,McLaren,3,3,3,15.0,78,Finished,6037501,+3.658,0
2025,8,Monaco Grand Prix,monaco,Circuit de Monaco,Monaco,max_verstappen,VER,Max,Verstappen,red_bull,Red Bull,4,4,4,12.0,78,Finished,6054415,+20.572,0
2025,8,Monaco Grand Prix,monaco,Circuit de Monaco,Monaco,hamilton,HAM,Lewis,Hamilton,ferrari,Ferrari,7,5,5,10.0,78,Finished,6085230,+51.387,2
2025,8,Monaco Grand Prix,monaco,Circuit de Monaco,Monaco,hadjar,HAD,Isack,Hadjar,rb,RB F1 Team,5,6,6,8.0,77,Lapped,6098925,+1:05.082,-1
2025,8,Monaco Grand Prix,monaco,Circuit de Monaco,Monaco,ocon,OCO,Esteban,Ocon,haas,Haas F1 Team,8,7,7,6.0,77,Lapped,6099872,+1:06.029,1
2025,8,Monaco Grand Prix,monaco,Circuit de Monaco,Monaco,lawson,LAW,Liam,Lawson,rb,RB F1 Team,9,8,8,4.0,77,Lapped,6100589,+1:06.746,1
2025,8,Monaco Grand Prix,monaco,Circuit de Monaco,Monaco,albon,ALB,Alexander,Albon,williams,Williams,10,9,9,2.0,76,Lapped,6045712,+11.869,1
2025,8,Monaco Grand Prix,monaco,Circuit de Monaco,Monaco,sainz,SAI,Carlos,Sainz,williams,Williams,11,10,10,1.0,76,Lapped,6049075,+15.232,1
2025,8,Monaco Grand Prix,monaco,Circuit de Monaco,Monaco,russell,RUS,George,Russell,mercedes,Mercedes,14,11,11,0.0,76,Lapped,6067687,+33.844,3
2025,8,Monaco Grand Prix,monaco,Circuit de Monaco,Monaco,bearman,BEA,Oliver,Bearman,haas,Haas F1 Team,20,12,12,0.0,76,Lapped,6088536,+54.693,8
2025,8,Monaco Grand Prix,monaco,Circuit de Monaco,Monaco,colapinto,COL,Franco,Colapinto,alpine,Alpine F1 Team,18,13,13,0.0,76,Lapped,6090957,+57.114,5
2025,8,Monaco Grand Prix,monaco,Circuit de Monaco,Monaco,bortoleto,BOR,Gabriel,Bortoleto,sauber,Sauber,16,14,14,0.0,76,Lapped,6102267,+1:08.424,2
2025,8,Monaco Grand Prix,monaco,Circuit de Monaco,Monaco,stroll,STR,Lance,Stroll,aston_martin,Aston Martin,19,15,15,0.0,76,Lapped,6104238,+1:10.395,4
2025,8,Monaco Grand Prix,monaco,Circuit de Monaco,Monaco,hulkenberg,HUL,Nico,Hülkenberg,sauber,Sauber,13,16,16,0.0,76,Lapped,6105387,+1:11.544,-3
2025,8,Monaco Grand Prix,monaco,Circuit de Monaco,Monaco,tsunoda,TSU,Yuki,Tsunoda,red_bull,Red Bull,12,17,17,0.0,76,Lapped,6105692,+1:11.849,-5
2025,8,Monaco Grand Prix,monaco,Circuit de Monaco,Monaco,antonelli,ANT,Andrea Kimi,Antonelli,mercedes,Mercedes,15,18,18,0.0,75,Lapped,6042252,+8.409,-3
2025,8,Monaco Grand Prix,monaco,Circuit de Monaco,Monaco,alonso,ALO,Fernando,Alonso,aston_martin,Aston Martin,6,19,R,0.0,36,Retired,,,-13
2025,8,Monaco Grand Prix,monaco,Circuit de Monaco,Monaco,gasly,GAS,Pierre,Gasly,alpine,Alpine F1 Team,17,20,R,0.0,7,Retired,,,-3
2025,9,Spanish Grand Prix,catalunya,Circuit de Barcelona-Catalunya,Spain,piastri,PIA,Oscar,Piastri,mclaren,McLaren,1,1,1,25.0,66,Finished,5577375,1:32:57.375,0
2025,9,Spanish Grand Prix,catalunya,Circuit de Barcelona-Catalunya,Spain,norris,NOR,Lando,Norris,mclaren,McLaren,2,2,2,18.0,66,Finished,5579846,+2.471,0
2025,9,Spanish Grand Prix,catalunya,Circuit de Barcelona-Catalunya,Spain,leclerc,LEC,Charles,Leclerc,ferrari,Ferrari,7,3,3,15.0,66,Finished,5587830,+10.455,4
2025,9,Spanish Grand Prix,catalunya,Circuit de Barcelona-Catalunya,Spain,russell,RUS,George,Russell,mercedes,Mercedes,4,4,4,12.0,66,Finished,5588734,+11.359,0
2025,9,Spanish Grand Prix,catalunya,Circuit de Barcelona-Catalunya,Spain,hulkenberg,HUL,Nico,Hülkenberg,sauber,Sauber,15,5,5,10.0,66,Finished,5591023,+13.648,10
2025,9,Spanish Grand Prix,catalunya,Circuit de Barcelona-Catalunya,Spain,hamilton,HAM,Lewis,Hamilton,ferrari,Ferrari,5,6,6,8.0,66,Finished,5592883,+15.508,-1
2025,9,Spanish Grand Prix,catalunya,Circuit de Barcelona-Catalunya,Spain,hadjar,HAD,Isack,Hadjar,rb,RB F1 Team,9,7,7,6.0,66,Finished,5593397,+16.022,2
2025,9,Spanish Grand Prix,catalunya,Circuit de Barcelona-Catalunya,Spain,gasly,GAS,Pierre,Gasly,alpine,Alpine F1 Team,8,8,8,4.0,66,Finished,5595257,+17.882,0
2025,9,Spanish Grand Prix,catalunya,Circuit de Barcelona-Catalunya,Spain,alonso,ALO,Fernando,Alonso,aston_martin,Aston Martin,10,9,9,2.0,66,Finished,5598939,+21.564,1
2025,9,Spanish Grand Prix,catalunya,Circuit de Barcelona-Catalunya,Spain,max_verstappen,VER,Max,Verstappen,red_bull,Red Bull,3,10,10,1.0,66,Finished,5599201,+21.826,-7
2025,9,Spanish Grand Prix,catalunya,Circuit de Barcelona-Catalunya,Spain,lawson,LAW,Liam,Lawson,rb,RB F1 Team,13,11,11,0.0,66,Finished,5602907,+25.532,2
2025,9,Spanish Grand Prix,catalunya,Circuit de Barcelona-Catalunya,Spain,bortoleto,BOR,Gabriel,Bortoleto,sauber,Sauber,12,12,12,0.0,66,Finished,5603371,+25.996,0
2025,9,Spanish Grand Prix,catalunya,Circuit de Barcelona-Catalunya,Spain,tsunoda,TSU,Yuki,Tsunoda,red_bull,Red Bull,19,13,13,0.0,66,Finished,5606197,+28.822,6
2025,9,Spanish Grand Prix,catalunya,Circuit de Barcelona-Catalunya,Spain,sainz,SAI,Carlos,Sainz,williams,Williams,17,14,14,0.0,66,Finished,5606684,+29.309,3
2025,9,Spanish Grand Prix,catalunya,Circuit de Barcelona-Catalunya,Spain,colapinto,COL,Franco,Colapinto,alpine,Alpine F1 Team,18,15,15,0.0,66,Finished,5608756,+31.381,3
2025,9,Spanish Grand Prix,catalunya,Circuit de Barcelona-Catalunya,Spain,ocon,OCO,Esteban,Ocon,haas,Haas F1 Team,16,16,16,0.0,66,Finished,5609572,+32.197,0
2025,9,Spanish Grand Prix,catalunya,Circuit de Barcelona-Catalunya,Spain,bearman,BEA,Oliver,Bearman,haas,Haas F1 Team,14,17,17,0.0,66,Finished,5614440,+37.065,-3
2025,9,Spanish Grand Prix,catalunya,Circuit de Barcelona-Catalunya,Spain,antonelli,ANT,Andrea Kimi,Antonelli,mercedes,Mercedes,6,18,R,0.0,53,Retired,,,-12
2025,9,Spanish Grand Prix,catalunya,Circuit de Barcelona-Catalunya,Spain,albon,ALB,Alexander,Albon,williams,Williams,11,19,R,0.0,27,Retired,,,-8
2025,10,Canadian Grand Prix,villeneuve,Circuit Gilles Villeneuve,Canada,russell,RUS,George,Russell,mercedes,Mercedes,1,1,1,25.0,70,Finished,5512688,1:31:52.688,0
2025,10,Canadian Grand Prix,villeneuve,Circuit Gilles Villeneuve,Canada,max_verstappen,VER,Max,Verstappen,red_bull,Red Bull,2,2,2,18.0,70,Finished,5512916,+0.228,0
2025,10,Canadian Grand Prix,villeneuve,Circuit Gilles Villeneuve,Canada,antonelli,ANT,Andrea Kimi,Antonelli,mercedes,Mercedes,4,3,3,15.0,70,Finished,5513702,+1.014,1
2025,10,Canadian Grand Prix,villeneuve,Circuit Gilles Villeneuve,Canada,piastri,PIA,Oscar,Piastri,mclaren,McLaren,3,4,4,12.0,70,Finished,5514797,+2.109,-1
2025,10,Canadian Grand Prix,villeneuve,Circuit Gilles Villeneuve,Canada,leclerc,LEC,Charles,Leclerc,ferrari,Ferrari,8,5,5,10.0,70,Finished,5516130,+3.442,3
2025,10,Canadian Grand Prix,villeneuve,Circuit Gilles Villeneuve,Canada,hamilton,HAM,Lewis,Hamilton,ferrari,Ferrari,5,6,6,8.0,70,Finished,5523401,+10.713,-1
2025,10,Canadian Grand Prix,villeneuve,Circuit Gilles Villeneuve,Canada,alonso,ALO,Fernando,Alonso,aston_martin,Aston Martin,6,7,7,6.0,70,Finished,5523660,+10.972,-1
2025,10,Canadian Grand Prix,villeneuve,Circuit Gilles Villeneuve,Canada,hulkenberg,HUL,Nico,Hülkenberg,sauber,Sauber,11,8,8,4.0,70,Finished,5528052,+15.364,3
2025,10,Canadian Grand Prix,villeneuve,Circuit Gilles Villeneuve,Canada,ocon,OCO,Esteban,Ocon,haas,Haas F1 Team,14,9,9,2.0,69,Lapped,5514161,+1.473,5
2025,10,Canadian Grand Prix,villeneuve,Circuit Gilles Villeneuve,Canada,sainz,SAI,Carlos,Sainz,williams,Williams,16,10,10,1.0,69,Lapped,5514574,+1.886,6
2025,10,Canadian Grand Prix,villeneuve,Circuit Gilles Villeneuve,Canada,bearman,BEA,Oliver,Bearman,haas,Haas F1 Team,13,11,11,0.0,69,Lapped,5516405,+3.717,2
2025,10,Canadian Grand Prix,villeneuve,Circuit Gilles Villeneuve,Canada,tsunoda,TSU,Yuki,Tsunoda,red_bull,Red Bull,18,12,12,0.0,69,Lapped,5518144,+5.456,6
2025,10,Canadian Grand Prix,villeneuve,Circuit Gilles Villeneuve,Canada,colapinto,COL,Franco,Colapinto,alpine,Alpine F1 Team,10,13,13,0.0,69,Lapped,5519706,+7.018,-3
2025,10,Canadian Grand Prix,villeneuve,Circuit Gilles Villeneuve,Canada,bortoleto,BOR,Gabriel,Bortoleto,sauber,Sauber,15,14,14,0.0,69,Lapped,5520567,+7.879,1
2025,10,Canadian Grand Prix,villeneuve,Circuit Gilles Villeneuve,Canada,gasly,GAS,Pierre,Gasly,alpine,Alpine F1 Team,20,15,15,0.0,69,Lapped,5520638,+7.950,5
2025,10,Canadian Grand Prix,villeneuve,Circuit Gilles Villeneuve,Canada,hadjar,HAD,Isack,Hadjar,rb,RB F1 Team,12,16,16,0.0,69,Lapped,5521425,+8.737,-4
2025,10,Canadian Grand Prix,villeneuve,Circuit Gilles Villeneuve,Canada,stroll,STR,Lance,Stroll,aston_martin,Aston Martin,17,17,17,0.0,69,Lapped,5521751,+9.063,0
2025,10,Canadian Grand Prix,villeneuve,Circuit Gilles Villeneuve,Canada,norris,NOR,Lando,Norris,mclaren,McLaren,7,18,18,0.0,66,Retired,5042470,,-11
2025,10,Canadian Grand Prix,villeneuve,Circuit Gilles Villeneuve,Canada,lawson,LAW,Liam,Lawson,rb,RB F1 Team,19,19,R,0.0,53,Retired,,,0
2025,10,Canadian Grand Prix,villeneuve,Circuit Gilles Villeneuve,Canada,albon,ALB,Alexander,Albon,williams,Williams,9,20,R,0.0,46,Retired,,,-11
2025,11,Austrian Grand Prix,red_bull_ring,Red Bull Ring,Austria,norris,NOR,Lando,Norris,mclaren,McLaren,1,1,1,25.0,70,Finished,5027693,1:23:47.693,0
2025,11,Austrian Grand Prix,red_bull_ring,Red Bull Ring,Austria,piastri,PIA,Oscar,Piastri,mclaren,McLaren,3,2,2,18.0,70,Finished,5030388,+2.695,1
2025,11,Austrian Grand Prix,red_bull_ring,Red Bull Ring,Austria,leclerc,LEC,Charles,Leclerc,ferrari,Ferrari,2,3,3,15.0,70,Finished,5047513,+19.820,-1
2025,11,Austrian Grand Prix,red_bull_ring,Red Bull Ring,Austria,hamilton,HAM,Lewis,Hamilton,ferrari,Ferrari,4,4,4,12.0,70,Finished,5056713,+29.020,0
2025,11,Austrian Grand Prix,red_bull_ring,Red Bull Ring,Austria,russell,RUS,George,Russell,mercedes,Mercedes,5,5,5,10.0,70,Finished,5090089,+1:02.396,0
2025,11,Austrian Grand Prix,red_bull_ring,Red Bull Ring,Austria,lawson,LAW,Liam,Lawson,rb,RB F1 Team,6,6,6,8.0,70,Finished,5095447,+1:07.754,0
2025,11,Austrian Grand Prix,red_bull_ring,Red Bull Ring,Austria,alonso,ALO,Fernando,Alonso,aston_martin,Aston Martin,11,7,7,6.0,69,Lapped,5029130,+1.437,4
2025,11,Austrian Grand Prix,red_bull_ring,Red Bull Ring,Austria,bortoleto,BOR,Gabriel,Bortoleto,sauber,Sauber,8,8,8,4.0,69,Lapped,5029645,+1.952,0
2025,11,Austrian Grand Prix,red_bull_ring,Red Bull Ring,Austria,hulkenberg,HUL,Nico,Hülkenberg,sauber,Sauber,20,9,9,2.0,69,Lapped,5035413,+7.720,11
2025,11,Austrian Grand Prix,red_bull_ring,Red Bull Ring,Austria,ocon,OCO,Esteban,Ocon,haas,Haas F1 Team,17,10,10,1.0,69,Lapped,5037679,+9.986,7
2025,11,Austrian Grand Prix,red_bull_ring,Red Bull Ring,Austria,bearman,BEA,Oliver,Bearman,haas,Haas F1 Team,15,11,11,0.0,69,Lapped,5052547,+24.854,4
2025,11,Austrian Grand Prix,red_bull_ring,Red Bull Ring,Austria,hadjar,HAD,Isack,Hadjar,rb,RB F1 Team,13,12,12,0.0,69,Lapped,5055650,+27.957,1
2025,11,Austrian Grand Prix,red_bull_ring,Red Bull Ring,Austria,gasly,GAS,Pierre,Gasly,alpine,Alpine F1 Team,10,13,13,0.0,69,Lapped,5060748,+33.055,-3
2025,11,Austrian Grand Prix,red_bull_ring,Red Bull Ring,Austria,stroll,STR,Lance,Stroll,aston_martin,Aston Martin,16,14,14,0.0,69,Lapped,5062155,+34.462,2
2025,11,Austrian Grand Prix,red_bull_ring,Red Bull Ring,Austria,colapinto,COL,Franco,Colapinto,alpine,Alpine F1 Team,14,15,15,0.0,69,Lapped,5070385,+42.692,-1
2025,11,Austrian Grand Prix,red_bull_ring,Red Bull Ring,Austria,tsunoda,TSU,Yuki,Tsunoda,red_bull,Red Bull,18,16,16,0.0,68,Lapped,5030672,+2.979,2
2025,11,Austrian Grand Prix,red_bull_ring,Red Bull Ring,Austria,albon,ALB,Alexander,Albon,williams,Williams,12,17,R,0.0,15,Retired,,,-5
2025,11,Austrian Grand Prix,red_bull_ring,Red Bull Ring,Austria,max_verstappen,VER,Max,Verstappen,red_bull,Red Bull,7,18,R,0.0,0,Retired,,,-11
2025,11,Austrian Grand Prix,red_bull_ring,Red Bull Ring,Austria,antonelli,ANT,Andrea Kimi,Antonelli,mercedes,Mercedes,9,19,R,0.0,0,Retired,,,-10
2025,11,Austrian Grand Prix,red_bull_ring,Red Bull Ring,Austria,sainz,SAI,Carlos,Sainz,williams,Williams,19,20,W,0.0,0,Did not start,,,-1
2025,12,British Grand Prix,silverstone,Silverstone Circuit,UK,norris,NOR,Lando,Norris,mclaren,McLaren,3,1,1,25.0,52,Finished,5835735,1:37:15.735,2
2025,12,British Grand Prix,silverstone,Silverstone Circuit,UK,piastri,PIA,Oscar,Piastri,mclaren,McLaren,2,2,2,18.0,52,Finished,5842547,+6.812,0
2025,12,British Grand Prix,silverstone,Silverstone Circuit,UK,hulkenberg,HUL,Nico,Hülkenberg,sauber,Sauber,19,3,3,15.0,52,Finished,5870477,+34.742,16
2025,12,British Grand Prix,silverstone,Silverstone Circuit,UK,hamilton,HAM,Lewis,Hamilton,ferrari,Ferrari,5,4,4,12.0,52,Finished,5875547,+39.812,1
2025,12,British Grand Prix,silverstone,Silverstone Circuit,UK,max_verstappen,VER,Max,Verstappen,red_bull,Red Bull,1,5,5,10.0,52,Finished,5892516,+56.781,-4
2025,12,British Grand Prix,silverstone,Silverstone Circuit,UK,gasly,GAS,Pierre,Gasly,alpine,Alpine F1 Team,8,6,6,8.0,52,Finished,5895592,+59.857,2
2025,12,British Grand Prix,silverstone,Silverstone Circuit,UK,stroll,STR,Lance,Stroll,aston_martin,Aston Martin,17,7,7,6.0,52,Finished,5896338,+1:00.603,10
2025,12,British Grand Prix,silverstone,Silverstone Circuit,UK,albon,ALB,Alexander,Albon,williams,Williams,13,8,8,4.0,52,Finished,5899870,+1:04.135,5
2025,12,British Grand Prix,silverstone,Silverstone Circuit,UK,alonso,ALO,Fernando,Alonso,aston_martin,Aston Martin,7,9,9,2.0,52,Finished,5901593,+1:05.858,-2
2025,12,British Grand Prix,silverstone,Silverstone Circuit,UK,russell,RUS,George,Russell,mercedes,Mercedes,4,10,10,1.0,52,Finished,5906409,+1:10.674,-6
2025,12,British Grand Prix,silverstone,Silverstone Circuit,UK,bearman,BEA,Oliver,Bearman,haas,Haas F1 Team,18,11,11,0.0,52,Finished,5907830,+1:12.095,7
2025,12,British Grand Prix,silverstone,Silverstone Circuit,UK,sainz,SAI,Carlos,Sainz,williams,Williams,9,12,12,0.0,52,Finished,5912327,+1:16.592,-3
2025,12,British Grand Prix,silverstone,Silverstone Circuit,UK,ocon,OCO,Esteban,Ocon,haas,Haas F1 Team,14,13,13,0.0,52,Finished,5913036,+1:17.301,1
2025,12,British Grand Prix,silverstone,Silverstone Circuit,UK,leclerc,LEC,Charles,Leclerc,ferrari,Ferrari,6,14,14,0.0,52,Finished,5920212,+1:24.477,-8
2025,12,British Grand Prix,silverstone,Silverstone Circuit,UK,tsunoda,TSU,Yuki,Tsunoda,red_bull,Red Bull,11,15,15,0.0,51,Lapped,5867985,+32.250,-4
2025,12,British Grand Prix,silverstone,Silverstone Circuit,UK,antonelli,ANT,Andrea Kimi,Antonelli,mercedes,Mercedes,10,16,R,0.0,23,Retired,,,-6
2025,12,British Grand Prix,silverstone,Silverstone Circuit,UK,hadjar,HAD,Isack,Hadjar,rb,RB F1 Team,12,17,R,0.0,17,Retired,,,-5
2025,12,British Grand Prix,silverstone,Silverstone Circuit,UK,bortoleto,BOR,Gabriel,Bortoleto,sauber,Sauber,16,18,R,0.0,3,Retired,,,-2
2025,12,British Grand Prix,silverstone,Silverstone Circuit,UK,lawson,LAW,Liam,Lawson,rb,RB F1 Team,15,19,R,0.0,0,Retired,,,-4
2025,12,British Grand Prix,silverstone,Silverstone Circuit,UK,colapinto,COL,Franco,Colapinto,alpine,Alpine F1 Team,20,20,W,0.0,0,Did not start,,,0
2025,13,Belgian Grand Prix,spa,Circuit de Spa-Francorchamps,Belgium,piastri,PIA,Oscar,Piastri,mclaren,McLaren,2,1,1,25.0,44,Finished,5122601,1:25:22.601,1
2025,13,Belgian Grand Prix,spa,Circuit de Spa-Francorchamps,Belgium,norris,NOR,Lando,Norris,mclaren,McLaren,1,2,2,18.0,44,Finished,5126016,+3.415,-1
2025,13,Belgian Grand Prix,spa,Circuit de Spa-Francorchamps,Belgium,leclerc,LEC,Charles,Leclerc,ferrari,Ferrari,3,3,3,15.0,44,Finished,5142786,+20.185,0
2025,13,Belgian Grand Prix,spa,Circuit de Spa-Francorchamps,Belgium,max_verstappen,VER,Max,Verstappen,red_bull,Red Bull,4,4,4,12.0,44,Finished,5144332,+21.731,0
2025,13,Belgian Grand Prix,spa,Circuit de Spa-Francorchamps,Belgium,russell,RUS,George,Russell,mercedes,Mercedes,6,5,5,10.0,44,Finished,5157464,+34.863,1
2025,13,Belgian Grand Prix,spa,Circuit de Spa-Francorchamps,Belgium,albon,ALB,Alexander,Albon,williams,Williams,5,6,6,8.0,44,Finished,5162527,+39.926,-1
2025,13,Belgian Grand Prix,spa,Circuit de Spa-Francorchamps,Belgium,hamilton,HAM,Lewis,Hamilton,ferrari,Ferrari,18,7,7,6.0,44,Finished,5163280,+40.679,11
2025,13,Belgian Grand Prix,spa,Circuit de Spa-Francorchamps,Belgium,lawson,LAW,Liam,Lawson,rb,RB F1 Team,9,8,8,4.0,44,Finished,5174634,+52.033,1
2025,13,Belgian Grand Prix,spa,Circuit de Spa-Francorchamps,Belgium,bortoleto,BOR,Gabriel,Bortoleto,sauber,Sauber,10,9,9,2.0,44,Finished,5179035,+56.434,1
2025,13,Belgian Grand Prix,spa,Circuit de Spa-Francorchamps,Belgium,gasly,GAS,Pierre,Gasly,alpine,Alpine F1 Team,13,10,10,1.0,44,Finished,5195315,+1:12.714,3
2025,13,Belgian Grand Prix,spa,Circuit de Spa-Francorchamps,Belgium,bearman,BEA,Oliver,Bearman,haas,Haas F1 Team,12,11,11,0.0,44,Finished,5195746,+1:13.145,1
2025,13,Belgian Grand Prix,spa,Circuit de Spa-Francorchamps,Belgium,hulkenberg,HUL,Nico,Hülkenberg,sauber,Sauber,14,12,12,0.0,44,Finished,5196229,+1:13.628,2
2025,13,Belgian Grand Prix,spa,Circuit de Spa-Francorchamps,Belgium,tsunoda,TSU,Yuki,Tsunoda,red_bull,Red Bull,7,13,13,0.0,44,Finished,5197996,+1:15.395,-6
2025,13,Belgian Grand Prix,spa,Circuit de Spa-Francorchamps,Belgium,stroll,STR,Lance,Stroll,aston_martin,Aston Martin,16,14,14,0.0,44,Finished,5202432,+1:19.831,2
2025,13,Belgian Grand Prix,spa,Circuit de Spa-Francorchamps,Belgium,ocon,OCO,Esteban,Ocon,haas,Haas F1 Team,11,15,15,0.0,44,Finished,5208664,+1:26.063,-4
2025,13,Belgian Grand Prix,spa,Circuit de Spa-Francorchamps,Belgium,antonelli,ANT,Andrea Kimi,Antonelli,mercedes,Mercedes,19,16,16,0.0,44,Finished,5209322,+1:26.721,3
2025,13,Belgian Grand Prix,spa,Circuit de Spa-Francorchamps,Belgium,alonso,ALO,Fernando,Alonso,aston_martin,Aston Martin,20,17,17,0.0,44,Finished,5210525,+1:27.924,3
2025,13,Belgian Grand Prix,spa,Circuit de Spa-Francorchamps,Belgium,sainz,SAI,Carlos,Sainz,williams,Williams,17,18,18,0.0,44,Finished,5214625,+1:32.024,-1
2025,13,Belgian Grand Prix,spa,Circuit de Spa-Francorchamps,Belgium,colapinto,COL,Franco,Colapinto,alpine,Alpine F1 Team,15,19,19,0.0,44,Finished,5217851,+1:35.250,-4
2025,13,Belgian Grand Prix,spa,Circuit de Spa-Francorchamps,Belgium,hadjar,HAD,Isack,Hadjar,rb,RB F1 Team,8,20,20,0.0,43,Lapped,5135543,+12.942,-12
2025,14,Hungarian Grand Prix,hungaroring,Hungaroring,Hungary,norris,NOR,Lando,Norris,mclaren,McLaren,3,1,1,25.0,70,Finished,5721231,1:35:21.231,2
2025,14,Hungarian Grand Prix,hungaroring,Hungaroring,Hungary,piastri,PIA,Oscar,Piastri,mclaren,McLaren,2,2,2,18.0,70,Finished,5721929,+0.698,0
2025,14,Hungarian Grand Prix,hungaroring,Hungaroring,Hungary,russell,RUS,George,Russell,mercedes,Mercedes,4,3,3,15.0,70,Finished,5743147,+21.916,1
2025,14,Hungarian Grand Prix,hungaroring,Hungaroring,Hungary,leclerc,LEC,Charles,Leclerc,ferrari,Ferrari,1,4,4,12.0,70,Finished,5763791,+42.560,-3
2025,14,Hungarian Grand Prix,hungaroring,Hungaroring,Hungary,alonso,ALO,Fernando,Alonso,aston_martin,Aston Martin,5,5,5,10.0,70,Finished,5780271,+59.040,0
2025,14,Hungarian Grand Prix,hungaroring,Hungaroring,Hungary,bortoleto,BOR,Gabriel,Bortoleto,sauber,Sauber,7,6,6,8.0,70,Finished,5787400,+1:06.169,1
2025,14,Hungarian Grand Prix,hungaroring,Hungaroring,Hungary,stroll,STR,Lance,Stroll,aston_martin,Aston Martin,6,7,7,6.0,70,Finished,5789405,+1:08.174,-1
2025,14,Hungarian Grand Prix,hungaroring,Hungaroring,Hungary,lawson,LAW,Liam,Lawson,rb,RB F1 Team,9,8,8,4.0,70,Finished,5790682,+1:09.451,1
2025,14,Hungarian Grand Prix,hungaroring,Hungaroring,Hungary,max_verstappen,VER,Max,Verstappen,red_bull,Red Bull,8,9,9,2.0,70,Finished,5793876,+1:12.645,-1
2025,14,Hungarian Grand Prix,hungaroring,Hungaroring,Hungary,antonelli,ANT,Andrea Kimi,Antonelli,mercedes,Mercedes,15,10,10,1.0,69,Lapped,5728880,+7.649,5
2025,14,Hungarian Grand Prix,hungaroring,Hungaroring,Hungary,hadjar,HAD,Isack,Hadjar,rb,RB F1 Team,10,11,11,0.0,69,Lapped,5729731,+8.500,-1
2025,14,Hungarian Grand Prix,hungaroring,Hungaroring,Hungary,hamilton,HAM,Lewis,Hamilton,ferrari,Ferrari,12,12,12,0.0,69,Lapped,5731092,+9.861,0
2025,14,Hungarian Grand Prix,hungaroring,Hungaroring,Hungary,hulkenberg,HUL,Nico,Hülkenberg,sauber,Sauber,18,13,13,0.0,69,Lapped,5752499,+31.268,5
2025,14,Hungarian Grand Prix,hungaroring,Hungaroring,Hungary,sainz,SAI,Carlos,Sainz,williams,Williams,13,14,14,0.0,69,Lapped,5754557,+33.326,-1
2025,14,Hungarian Grand Prix,hungaroring,Hungaroring,Hungary,albon,ALB,Alexander,Albon,williams,Williams,19,15,15,0.0,69,Lapped,5759342,+38.111,4
2025,14,Hungarian Grand Prix,hungaroring,Hungaroring,Hungary,ocon,OCO,Esteban,Ocon,haas,Haas F1 Team,17,16,16,0.0,69,Lapped,5766489,+45.258,1
2025,14,Hungarian Grand Prix,hungaroring,Hungaroring,Hungary,tsunoda,TSU,Yuki,Tsunoda,red_bull,Red Bull,20,17,17,0.0,69,Lapped,5768174,+46.943,3
2025,14,Hungarian Grand Prix,hungaroring,Hungaroring,Hungary,colapinto,COL,Franco,Colapinto,alpine,Alpine F1 Team,14,18,18,0.0,69,Lapped,5768601,+47.370,-4
2025,14,Hungarian Grand Prix,hungaroring,Hungaroring,Hungary,gasly,GAS,Pierre,Gasly,alpine,Alpine F1 Team,16,19,19,0.0,69,Lapped,5777575,+56.344,-3
2025,14,Hungarian Grand Prix,hungaroring,Hungaroring,Hungary,bearman,BEA,Oliver,Bearman,haas,Haas F1 Team,11,20,R,0.0,48,Retired,,,-9
2025,15,Dutch Grand Prix,zandvoort,Circuit Park Zandvoort,Netherlands,piastri,PIA,Oscar,Piastri,mclaren,McLaren,1,1,1,25.0,72,Finished,5909849,1:38:29.849,0
2025,15,Dutch Grand Prix,zandvoort,Circuit Park Zandvoort,Netherlands,max_verstappen,VER,Max,Verstappen,red_bull,Red Bull,3,2,2,18.0,72,Finished,5911120,+1.271,1
2025,15,Dutch Grand Prix,zandvoort,Circuit Park Zandvoort,Netherlands,hadjar,HAD,Isack,Hadjar,rb,RB F1 Team,4,3,3,15.0,72,Finished,5913082,+3.233,1
2025,15,Dutch Grand Prix,zandvoort,Circuit Park Zandvoort,Netherlands,russell,RUS,George,Russell,mercedes,Mercedes,5,4,4,12.0,72,Finished,5915503,+5.654,1
2025,15,Dutch Grand Prix,zandvoort,Circuit Park Zandvoort,Netherlands,albon,ALB,Alexander,Albon,williams,Williams,15,5,5,10.0,72,Finished,5916176,+6.327,10
2025,15,Dutch Grand Prix,zandvoort,Circuit Park Zandvoort,Netherlands,bearman,BEA,Oliver,Bearman,haas,Haas F1 Team,20,6,6,8.0,72,Finished,5918893,+9.044,14
2025,15,Dutch Grand Prix,zandvoort,Circuit Park Zandvoort,Netherlands,stroll,STR,Lance,Stroll,aston_martin,Aston Martin,19,7,7,6.0,72,Finished,5919346,+9.497,12
2025,15,Dutch Grand Prix,zandvoort,Circuit Park Zandvoort,Netherlands,alonso,ALO,Fernando,Alonso,aston_martin,Aston Martin,10,8,8,4.0,72,Finished,5921558,+11.709,2
2025,15,Dutch Grand Prix,zandvoort,Circuit Park Zandvoort,Netherlands,tsunoda,TSU,Yuki,Tsunoda,red_bull,Red Bull,12,9,9,2.0,72,Finished,5923446,+13.597,3
2025,15,Dutch Grand Prix,zandvoort,Circuit Park Zandvoort,Netherlands,ocon,OCO,Esteban,Ocon,haas,Haas F1 Team,18,10,10,1.0,72,Finished,5923912,+14.063,8
2025,15,Dutch Grand Prix,zandvoort,Circuit Park Zandvoort,Netherlands,colapinto,COL,Franco,Colapinto,alpine,Alpine F1 Team,16,11,11,0.0,72,Finished,5924360,+14.511,5
2025,15,Dutch Grand Prix,zandvoort,Circuit Park Zandvoort,Netherlands,lawson,LAW,Liam,Lawson,rb,RB F1 Team,8,12,12,0.0,72,Finished,5926912,+17.063,-4
2025,15,Dutch Grand Prix,zandvoort,Circuit Park Zandvoort,Netherlands,sainz,SAI,Carlos,Sainz,williams,Williams,9,13,13,0.0,72,Finished,5927225,+17.376,-4
2025,15,Dutch Grand Prix,zandvoort,Circuit Park Zandvoort,Netherlands,hulkenberg,HUL,Nico,Hülkenberg,sauber,Sauber,17,14,14,0.0,72,Finished,5929574,+19.725,3
2025,15,Dutch Grand Prix,zandvoort,Circuit Park Zandvoort,Netherlands,bortoleto,BOR,Gabriel,Bortoleto,sauber,Sauber,13,15,15,0.0,72,Finished,5931414,+21.565,-2
2025,15,Dutch Grand Prix,zandvoort,Circuit Park Zandvoort,Netherlands,antonelli,ANT,Andrea Kimi,Antonelli,mercedes,Mercedes,11,16,16,0.0,72,Finished,5931878,+22.029,-5
2025,15,Dutch Grand Prix,zandvoort,Circuit Park Zandvoort,Netherlands,gasly,GAS,Pierre,Gasly,alpine,Alpine F1 Team,14,17,17,0.0,72,Finished,5933478,+23.629,-3
2025,15,Dutch Grand Prix,zandvoort,Circuit Park Zandvoort,Netherlands,norris,NOR,Lando,Norris,mclaren,McLaren,2,18,18,0.0,64,Retired,5168487,,-16
2025,15,Dutch Grand Prix,zandvoort,Circuit Park Zandvoort,Netherlands,leclerc,LEC,Charles,Leclerc,ferrari,Ferrari,6,19,R,0.0,52,Retired,,,-13
2025,15,Dutch Grand Prix,zandvoort,Circuit Park Zandvoort,Netherlands,hamilton,HAM,Lewis,Hamilton,ferrari,Ferrari,7,20,R,0.0,22,Retired,,,-13
2025,16,Italian Grand Prix,monza,Autodromo Nazionale di Monza,Italy,max_verstappen,VER,Max,Verstappen,red_bull,Red Bull,1,1,1,25.0,53,Finished,4404325,1:13:24.325,0
2025,16,Italian Grand Prix,monza,Autodromo Nazionale di Monza,Italy,norris,NOR,Lando,Norris,mclaren,McLaren,2,2,2,18.0,53,Finished,4423532,+19.207,0
2025,16,Italian Grand Prix,monza,Autodromo Nazionale di Monza,Italy,piastri,PIA,Oscar,Piastri,mclaren,McLaren,3,3,3,15.0,53,Finished,4425676,+21.351,0
2025,16,Italian Grand Prix,monza,Autodromo Nazionale di Monza,Italy,leclerc,LEC,Charles,Leclerc,ferrari,Ferrari,4,4,4,12.0,53,Finished,4429949,+25.624,0
2025,16,Italian Grand Prix,monza,Autodromo Nazionale di Monza,Italy,russell,RUS,George,Russell,mercedes,Mercedes,5,5,5,10.0,53,Finished,4437206,+32.881,0
2025,16,Italian Grand Prix,monza,Autodromo Nazionale di Monza,Italy,hamilton,HAM,Lewis,Hamilton,ferrari,Ferrari,10,6,6,8.0,53,Finished,4441774,+37.449,4
2025,16,Italian Grand Prix,monza,Autodromo Nazionale di Monza,Italy,albon,ALB,Alexander,Albon,williams,Williams,14,7,7,6.0,53,Finished,4454862,+50.537,7
2025,16,Italian Grand Prix,monza,Autodromo Nazionale di Monza,Italy,bortoleto,BOR,Gabriel,Bortoleto,sauber,Sauber,7,8,8,4.0,53,Finished,4462809,+58.484,-1
2025,16,Italian Grand Prix,monza,Autodromo Nazionale di Monza,Italy,antonelli,ANT,Andrea Kimi,Antonelli,mercedes,Mercedes,6,9,9,2.0,53,Finished,4464087,+59.762,-3
2025,16,Italian Grand Prix,monza,Autodromo Nazionale di Monza,Italy,hadjar,HAD,Isack,Hadjar,rb,RB F1 Team,19,10,10,1.0,53,Finished,4468216,+1:03.891,9
2025,16,Italian Grand Prix,monza,Autodromo Nazionale di Monza,Italy,sainz,SAI,Carlos,Sainz,williams,Williams,13,11,11,0.0,53,Finished,4468794,+1:04.469,2
2025,16,Italian Grand Prix,monza,Autodromo Nazionale di Monza,Italy,bearman,BEA,Oliver,Bearman,haas,Haas F1 Team,11,12,12,0.0,53,Finished,4483613,+1:19.288,-1
2025,16,Italian Grand Prix,monza,Autodromo Nazionale di Monza,Italy,tsunoda,TSU,Yuki,Tsunoda,red_bull,Red Bull,9,13,13,0.0,53,Finished,4485026,+1:20.701,-4
2025,16,Italian Grand Prix,monza,Autodromo Nazionale di Monza,Italy,lawson,LAW,Liam,Lawson,rb,RB F1 Team,18,14,14,0.0,53,Finished,4486676,+1:22.351,4
2025,16,Italian Grand Prix,monza,Autodromo Nazionale di Monza,Italy,ocon,OCO,Esteban,Ocon,haas,Haas F1 Team,15,15,15,0.0,52,Lapped,4406460,+2.135,0
2025,16,Italian Grand Prix,monza,Autodromo Nazionale di Monza,Italy,gasly,GAS,Pierre,Gasly,alpine,Alpine F1 Team,20,16,16,0.0,52,Lapped,4410162,+5.837,4
2025,16,Italian Grand Prix,monza,Autodromo Nazionale di Monza,Italy,colapinto,COL,Franco,Colapinto,alpine,Alpine F1 Team,17,17,17,0.0,52,Lapped,4411773,+7.448,0
2025,16,Italian Grand Prix,monza,Autodromo Nazionale di Monza,Italy,stroll,STR,Lance,Stroll,aston_martin,Aston Martin,16,18,18,0.0,52,Lapped,4413626,+9.301,-2
2025,16,Italian Grand Prix,monza,Autodromo Nazionale di Monza,Italy,alonso,ALO,Fernando,Alonso,aston_martin,Aston Martin,8,19,R,0.0,24,Retired,,,-11
2025,16,Italian Grand Prix,monza,Autodromo Nazionale di Monza,Italy,hulkenberg,HUL,Nico,Hülkenberg,sauber,Sauber,12,20,W,0.0,0,Did not start,,,-8
2025,17,Azerbaijan Grand Prix,baku,Baku City Circuit,Azerbaijan,max_verstappen,VER,Max,Verstappen,red_bull,Red Bull,1,1,1,25.0,51,Finished,5606408,1:33:26.408,0
2025,17,Azerbaijan Grand Prix,baku,Baku City Circuit,Azerbaijan,russell,RUS,George,Russell,mercedes,Mercedes,5,2,2,18.0,51,Finished,5621017,+14.609,3
2025,17,Azerbaijan Grand Prix,baku,Baku City Circuit,Azerbaijan,sainz,SAI,Carlos,Sainz,williams,Williams,2,3,3,15.0,51,Finished,5625607,+19.199,-1
2025,17,Azerbaijan Grand Prix,baku,Baku City Circuit,Azerbaijan,antonelli,ANT,Andrea Kimi,Antonelli,mercedes,Mercedes,4,4,4,12.0,51,Finished,5628168,+21.760,0
2025,17,Azerbaijan Grand Prix,baku,Baku City Circuit,Azerbaijan,lawson,LAW,Liam,Lawson,rb,RB F1 Team,3,5,5,10.0,51,Finished,5639698,+33.290,-2
2025,17,Azerbaijan Grand Prix,baku,Baku City Circuit,Azerbaijan,tsunoda,TSU,Yuki,Tsunoda,red_bull,Red Bull,6,6,6,8.0,51,Finished,5640216,+33.808,0
2025,17,Azerbaijan Grand Prix,baku,Baku City Circuit,Azerbaijan,norris,NOR,Lando,Norris,mclaren,McLaren,7,7,7,6.0,51,Finished,5640635,+34.227,0
2025,17,Azerbaijan Grand Prix,baku,Baku City Circuit,Azerbaijan,hamilton,HAM,Lewis,Hamilton,ferrari,Ferrari,12,8,8,4.0,51,Finished,5642718,+36.310,4
2025,17,Azerbaijan Grand Prix,baku,Baku City Circuit,Azerbaijan,leclerc,LEC,Charles,Leclerc,ferrari,Ferrari,10,9,9,2.0,51,Finished,5643182,+36.774,1
2025,17,Azerbaijan Grand Prix,baku,Baku City Circuit,Azerbaijan,hadjar,HAD,Isack,Hadjar,rb,RB F1 Team,8,10,10,1.0,51,Finished,5645390,+38.982,-2
2025,17,Azerbaijan Grand Prix,baku,Baku City Circuit,Azerbaijan,bortoleto,BOR,Gabriel,Bortoleto,sauber,Sauber,13,11,11,0.0,51,Finished,5674014,+1:07.606,2
2025,17,Azerbaijan Grand Prix,baku,Baku City Circuit,Azerbaijan,bearman,BEA,Oliver,Bearman,haas,Haas F1 Team,15,12,12,0.0,51,Finished,5674670,+1:08.262,3
2025,17,Azerbaijan Grand Prix,baku,Baku City Circuit,Azerbaijan,albon,ALB,Alexander,Albon,williams,Williams,19,13,13,0.0,51,Finished,5679278,+1:12.870,6
2025,17,Azerbaijan Grand Prix,baku,Baku City Circuit,Azerbaijan,ocon,OCO,Esteban,Ocon,haas,Haas F1 Team,20,14,14,0.0,51,Finished,5683988,+1:17.580,6
2025,17,Azerbaijan Grand Prix,baku,Baku City Circuit,Azerbaijan,alonso,ALO,Fernando,Alonso,aston_martin,Aston Martin,11,15,15,0.0,51,Finished,5685115,+1:18.707,-4
2025,17,Azerbaijan Grand Prix,baku,Baku City Circuit,Azerbaijan,hulkenberg,HUL,Nico,Hülkenberg,sauber,Sauber,17,16,16,0.0,51,Finished,5686645,+1:20.237,1
2025,17,Azerbaijan Grand Prix,baku,Baku City Circuit,Azerbaijan,stroll,STR,Lance,Stroll,aston_martin,Aston Martin,14,17,17,0.0,51,Finished,5702800,+1:36.392,-3
2025,17,Azerbaijan Grand Prix,baku,Baku City Circuit,Azerbaijan,gasly,GAS,Pierre,Gasly,alpine,Alpine F1 Team,18,18,18,0.0,50,Lapped,5610273,+3.865,0
2025,17,Azerbaijan Grand Prix,baku,Baku City Circuit,Azerbaijan,colapinto,COL,Franco,Colapinto,alpine,Alpine F1 Team,16,19,19,0.0,50,Lapped,5612733,+6.325,-3
2025,17,Azerbaijan Grand Prix,baku,Baku City Circuit,Azerbaijan,piastri,PIA,Oscar,Piastri,mclaren,McLaren,9,20,R,0.0,0,Retired,,,-11
2025,18,Singapore Grand Prix,marina_bay,Marina Bay Street Circuit,Singapore,russell,RUS,George,Russell,mercedes,Mercedes,1,1,1,25.0,62,Finished,6022367,1:40:22.367,0
2025,18,Singapore Grand Prix,marina_bay,Marina Bay Street Circuit,Singapore,max_verstappen,VER,Max,Verstappen,red_bull,Red Bull,2,2,2,18.0,62,Finished,6027797,+5.430,0
2025,18,Singapore Grand Prix,marina_bay,Marina Bay Street Circuit,Singapore,norris,NOR,Lando,Norris,mclaren,McLaren,5,3,3,15.0,62,Finished,6028433,+6.066,2
2025,18,Singapore Grand Prix,marina_bay,Marina Bay Street Circuit,Singapore,piastri,PIA,Oscar,Piastri,mclaren,McLaren,3,4,4,12.0,62,Finished,6030513,+8.146,-1
2025,18,Singapore Grand Prix,marina_bay,Marina Bay Street Circuit,Singapore,antonelli,ANT,Andrea Kimi,Antonelli,mercedes,Mercedes,4,5,5,10.0,62,Finished,6056048,+33.681,-1
2025,18,Singapore Grand Prix,marina_bay,Marina Bay Street Circuit,Singapore,leclerc,LEC,Charles,Leclerc,ferrari,Ferrari,7,6,6,8.0,62,Finished,6068363,+45.996,1
2025,18,Singapore Grand Prix,marina_bay,Marina Bay Street Circuit,Singapore,alonso,ALO,Fernando,Alonso,aston_martin,Aston Martin,10,7,7,6.0,62,Finished,6103034,+1:20.667,3
2025,18,Singapore Grand Prix,marina_bay,Marina Bay Street Circuit,Singapore,hamilton,HAM,Lewis,Hamilton,ferrari,Ferrari,6,8,8,4.0,62,Finished,6107618,+1:25.251,-2
2025,18,Singapore Grand Prix,marina_bay,Marina Bay Street Circuit,Singapore,bearman,BEA,Oliver,Bearman,haas,Haas F1 Team,9,9,9,2.0,62,Finished,6115894,+1:33.527,0
2025,18,Singapore Grand Prix,marina_bay,Marina Bay Street Circuit,Singapore,sainz,SAI,Carlos,Sainz,williams,Williams,18,10,10,1.0,61,Lapped,6033121,+10.754,8
2025,18,Singapore Grand Prix,marina_bay,Marina Bay Street Circuit,Singapore,hadjar,HAD,Isack,Hadjar,rb,RB F1 Team,8,11,11,0.0,61,Lapped,6039702,+17.335,-3
2025,18,Singapore Grand Prix,marina_bay,Marina Bay Street Circuit,Singapore,tsunoda,TSU,Yuki,Tsunoda,red_bull,Red Bull,13,12,12,0.0,61,Lapped,6041636,+19.269,1
2025,18,Singapore Grand Prix,marina_bay,Marina Bay Street Circuit,Singapore,stroll,STR,Lance,Stroll,aston_martin,Aston Martin,15,13,13,0.0,61,Lapped,6046857,+24.490,2
2025,18,Singapore Grand Prix,marina_bay,Marina Bay Street Circuit,Singapore,albon,ALB,Alexander,Albon,williams,Williams,20,14,14,0.0,61,Lapped,6047687,+25.320,6
2025,18,Singapore Grand Prix,marina_bay,Marina Bay Street Circuit,Singapore,lawson,LAW,Liam,Lawson,rb,RB F1 Team,12,15,15,0.0,61,Lapped,6049512,+27.145,-3
2025,18,Singapore Grand Prix,marina_bay,Marina Bay Street Circuit,Singapore,colapinto,COL,Franco,Colapinto,alpine,Alpine F1 Team,16,16,16,0.0,61,Lapped,6065257,+42.890,0
2025,18,Singapore Grand Prix,marina_bay,Marina Bay Street Circuit,Singapore,bortoleto,BOR,Gabriel,Bortoleto,sauber,Sauber,14,17,17,0.0,61,Lapped,6069120,+46.753,-3
2025,18,Singapore Grand Prix,marina_bay,Marina Bay Street Circuit,Singapore,ocon,OCO,Esteban,Ocon,haas,Haas F1 Team,17,18,18,0.0,61,Lapped,6069500,+47.133,-1
2025,18,Singapore Grand Prix,marina_bay,Marina Bay Street Circuit,Singapore,gasly,GAS,Pierre,Gasly,alpine,Alpine F1 Team,19,19,19,0.0,61,Lapped,6069828,+47.461,0
2025,18,Singapore Grand Prix,marina_bay,Marina Bay Street Circuit,Singapore,hulkenberg,HUL,Nico,Hülkenberg,sauber,Sauber,11,20,20,0.0,61,Lapped,6071407,+49.040,-9
2025,19,United States Grand Prix,americas,Circuit of the Americas,USA,max_verstappen,VER,Max,Verstappen,red_bull,Red Bull,1,1,1,25.0,56,Finished,5640161,1:34:00.161,0
2025,19,United States Grand Prix,americas,Circuit of the Americas,USA,norris,NOR,Lando,Norris,mclaren,McLaren,2,2,2,18.0,56,Finished,5648120,+7.959,0
2025,19,United States Grand Prix,americas,Circuit of the Americas,USA,leclerc,LEC,Charles,Leclerc,ferrari,Ferrari,3,3,3,15.0,56,Finished,5655534,+15.373,0
2025,19,United States Grand Prix,americas,Circuit of the Americas,USA,hamilton,HAM,Lewis,Hamilton,ferrari,Ferrari,5,4,4,12.0,56,Finished,5668697,+28.536,1
2025,19,United States Grand Prix,americas,Circuit of the Americas,USA,piastri,PIA,Oscar,Piastri,mclaren,McLaren,6,5,5,10.0,56,Finished,5669839,+29.678,1
2025,19,United States Grand Prix,americas,Circuit of the Americas,USA,russell,RUS,George,Russell,mercedes,Mercedes,4,6,6,8.0,56,Finished,5673617,+33.456,-2
2025,19,United States Grand Prix,americas,Circuit of the Americas,USA,tsunoda,TSU,Yuki,Tsunoda,red_bull,Red Bull,13,7,7,6.0,56,Finished,5692875,+52.714,6
2025,19,United States Grand Prix,americas,Circuit of the Americas,USA,hulkenberg,HUL,Nico,Hülkenberg,sauber,Sauber,11,8,8,4.0,56,Finished,5697410,+57.249,3
2025,19,United States Grand Prix,americas,Circuit of the Americas,USA,bearman,BEA,Oliver,Bearman,haas,Haas F1 Team,8,9,9,2.0,56,Finished,5704883,+1:04.722,-1
2025,19,United States Grand Prix,americas,Circuit of the Americas,USA,alonso,ALO,Fernando,Alonso,aston_martin,Aston Martin,10,10,10,1.0,56,Finished,5710162,+1:10.001,0
2025,19,United States Grand Prix,americas,Circuit of the Americas,USA,lawson,LAW,Liam,Lawson,rb,RB F1 Team,12,11,11,0.0,56,Finished,5713370,+1:13.209,1
2025,19,United States Grand Prix,americas,Circuit of the Americas,USA,stroll,STR,Lance,Stroll,aston_martin,Aston Martin,19,12,12,0.0,56,Finished,5714939,+1:14.778,7
2025,19,United States Grand Prix,americas,Circuit of the Americas,USA,antonelli,ANT,Andrea Kimi,Antonelli,mercedes,Mercedes,7,13,13,0.0,56,Finished,5715907,+1:15.746,-6
2025,19,United States Grand Prix,americas,Circuit of the Americas,USA,albon,ALB,Alexander,Albon,williams,Williams,18,14,14,0.0,56,Finished,5720161,+1:20.000,4
2025,19,United States Grand Prix,americas,Circuit of the Americas,USA,ocon,OCO,Esteban,Ocon,haas,Haas F1 Team,17,15,15,0.0,56,Finished,5723204,+1:23.043,2
2025,19,United States Grand Prix,americas,Circuit of the Americas,USA,hadjar,HAD,Isack,Hadjar,rb,RB F1 Team,20,16,16,0.0,56,Finished,5732968,+1:32.807,4
2025,19,United States Grand Prix,americas,Circuit of the Americas,USA,colapinto,COL,Franco,Colapinto,alpine,Alpine F1 Team,15,17,17,0.0,55,Lapped,5642468,+2.307,-2
2025,19,United States Grand Prix,americas,Circuit of the Americas,USA,bortoleto,BOR,Gabriel,Bortoleto,sauber,Sauber,16,18,18,0.0,55,Lapped,5643718,+3.557,-2
2025,19,United States Grand Prix,americas,Circuit of the Americas,USA,gasly,GAS,Pierre,Gasly,alpine,Alpine F1 Team,14,19,19,0.0,55,Lapped,5646316,+6.155,-5
2025,19,United States Grand Prix,americas,Circuit of the Americas,USA,sainz,SAI,Carlos,Sainz,williams,Williams,9,20,R,0.0,5,Retired,,,-11
2025,20,Mexico City Grand Prix,rodriguez,Autódromo Hermanos Rodríguez,Mexico,norris,NOR,Lando,Norris,mclaren,McLaren,1,1,1,25.0,71,Finished,5878574,1:37:58.574,0
2025,20,Mexico City Grand Prix,rodriguez,Autódromo Hermanos Rodríguez,Mexico,leclerc,LEC,Charles,Leclerc,ferrari,Ferrari,2,2,2,18.0,71,Finished,5908898,+30.324,0
2025,20,Mexico City Grand Prix,rodriguez,Autódromo Hermanos Rodríguez,Mexico,max_verstappen,VER,Max,Verstappen,red_bull,Red Bull,5,3,3,15.0,71,Finished,5909623,+31.049,2
2025,20,Mexico City Grand Prix,rodriguez,Autódromo Hermanos Rodríguez,Mexico,bearman,BEA,Oliver,Bearman,haas,Haas F1 Team,9,4,4,12.0,71,Finished,5919529,+40.955,5
2025,20,Mexico City Grand Prix,rodriguez,Autódromo Hermanos Rodríguez,Mexico,piastri,PIA,Oscar,Piastri,mclaren,McLaren,7,5,5,10.0,71,Finished,5920639,+42.065,2
2025,20,Mexico City Grand Prix,rodriguez,Autódromo Hermanos Rodríguez,Mexico,antonelli,ANT,Andrea Kimi,Antonelli,mercedes,Mercedes,6,6,6,8.0,71,Finished,5926411,+47.837,0
2025,20,Mexico City Grand Prix,rodriguez,Autódromo Hermanos Rodríguez,Mexico,russell,RUS,George,Russell,mercedes,Mercedes,4,7,7,6.0,71,Finished,5928861,+50.287,-3
2025,20,Mexico City Grand Prix,rodriguez,Autódromo Hermanos Rodríguez,Mexico,hamilton,HAM,Lewis,Hamilton,ferrari,Ferrari,3,8,8,4.0,71,Finished,5935020,+56.446,-5
2025,20,Mexico City Grand Prix,rodriguez,Autódromo Hermanos Rodríguez,Mexico,ocon,OCO,Esteban,Ocon,haas,Haas F1 Team,11,9,9,2.0,71,Finished,5954038,+1:15.464,2
2025,20,Mexico City Grand Prix,rodriguez,Autódromo Hermanos Rodríguez,Mexico,bortoleto,BOR,Gabriel,Bortoleto,sauber,Sauber,16,10,10,1.0,71,Finished,5955437,+1:16.863,6
2025,20,Mexico City Grand Prix,rodriguez,Autódromo Hermanos Rodríguez,Mexico,tsunoda,TSU,Yuki,Tsunoda,red_bull,Red Bull,10,11,11,0.0,71,Finished,5957622,+1:19.048,-1
2025,20,Mexico City Grand Prix,rodriguez,Autódromo Hermanos Rodríguez,Mexico,albon,ALB,Alexander,Albon,williams,Williams,17,12,12,0.0,70,Lapped,5881024,+2.450,5
2025,20,Mexico City Grand Prix,rodriguez,Autódromo Hermanos Rodríguez,Mexico,hadjar,HAD,Isack,Hadjar,rb,RB F1 Team,8,13,13,0.0,70,Lapped,5885230,+6.656,-5
2025,20,Mexico City Grand Prix,rodriguez,Autódromo Hermanos Rodríguez,Mexico,stroll,STR,Lance,Stroll,aston_martin,Aston Martin,19,14,14,0.0,70,Lapped,5885609,+7.035,5
2025,20,Mexico City Grand Prix,rodriguez,Autódromo Hermanos Rodríguez,Mexico,gasly,GAS,Pierre,Gasly,alpine,Alpine F1 Team,18,15,15,0.0,70,Lapped,5922654,+44.080,3
2025,20,Mexico City Grand Prix,rodriguez,Autódromo Hermanos Rodríguez,Mexico,colapinto,COL,Franco,Colapinto,alpine,Alpine F1 Team,20,16,16,0.0,70,Lapped,5922950,+44.376,4
2025,20,Mexico City Grand Prix,rodriguez,Autódromo Hermanos Rodríguez,Mexico,sainz,SAI,Carlos,Sainz,williams,Williams,12,17,17,0.0,67,Retired,5614132,,-5
2025,20,Mexico City Grand Prix,rodriguez,Autódromo Hermanos Rodríguez,Mexico,alonso,ALO,Fernando,Alonso,aston_martin,Aston Martin,14,18,R,0.0,34,Retired,,,-4
2025,20,Mexico City Grand Prix,rodriguez,Autódromo Hermanos Rodríguez,Mexico,hulkenberg,HUL,Nico,Hülkenberg,sauber,Sauber,13,19,R,0.0,25,Retired,,,-6
2025,20,Mexico City Grand Prix,rodriguez,Autódromo Hermanos Rodríguez,Mexico,lawson,LAW,Liam,Lawson,rb,RB F1 Team,15,20,R,0.0,5,Retired,,,-5
2025,21,São Paulo Grand Prix,interlagos,Autódromo José Carlos Pace,Brazil,norris,NOR,Lando,Norris,mclaren,McLaren,1,1,1,25.0,71,Finished,5521596,1:32:01.596,0
2025,21,São Paulo Grand Prix,interlagos,Autódromo José Carlos Pace,Brazil,antonelli,ANT,Andrea Kimi,Antonelli,mercedes,Mercedes,2,2,2,18.0,71,Finished,5531984,+10.388,0
2025,21,São Paulo Grand Prix,interlagos,Autódromo José Carlos Pace,Brazil,max_verstappen,VER,Max,Verstappen,red_bull,Red Bull,19,3,3,15.0,71,Finished,5532346,+10.750,16
2025,21,São Paulo Grand Prix,interlagos,Autódromo José Carlos Pace,Brazil,russell,RUS,George,Russell,mercedes,Mercedes,6,4,4,12.0,71,Finished,5536863,+15.267,2
2025,21,São Paulo Grand Prix,interlagos,Autódromo José Carlos Pace,Brazil,piastri,PIA,Oscar,Piastri,mclaren,McLaren,4,5,5,10.0,71,Finished,5537345,+15.749,-1
2025,21,São Paulo Grand Prix,interlagos,Autódromo José Carlos Pace,Brazil,bearman,BEA,Oliver,Bearman,haas,Haas F1 Team,8,6,6,8.0,71,Finished,5551226,+29.630,2
2025,21,São Paulo Grand Prix,interlagos,Autódromo José Carlos Pace,Brazil,lawson,LAW,Liam,Lawson,rb,RB F1 Team,7,7,7,6.0,71,Finished,5574238,+52.642,0
2025,21,São Paulo Grand Prix,interlagos,Autódromo José Carlos Pace,Brazil,hadjar,HAD,Isack,Hadjar,rb,RB F1 Team,5,8,8,4.0,71,Finished,5574469,+52.873,-3
2025,21,São Paulo Grand Prix,interlagos,Autódromo José Carlos Pace,Brazil,hulkenberg,HUL,Nico,Hülkenberg,sauber,Sauber,10,9,9,2.0,71,Finished,5574920,+53.324,1
2025,21,São Paulo Grand Prix,interlagos,Autódromo José Carlos Pace,Brazil,gasly,GAS,Pierre,Gasly,alpine,Alpine F1 Team,9,10,10,1.0,71,Finished,5575510,+53.914,-1
2025,21,São Paulo Grand Prix,interlagos,Autódromo José Carlos Pace,Brazil,albon,ALB,Alexander,Albon,williams,Williams,12,11,11,0.0,71,Finished,5575780,+54.184,1
2025,21,São Paulo Grand Prix,interlagos,Autódromo José Carlos Pace,Brazil,ocon,OCO,Esteban,Ocon,haas,Haas F1 Team,20,12,12,0.0,71,Finished,5576292,+54.696,8
2025,21,São Paulo Grand Prix,interlagos,Autódromo José Carlos Pace,Brazil,sainz,SAI,Carlos,Sainz,williams,Williams,15,13,13,0.0,71,Finished,5577016,+55.420,2
2025,21,São Paulo Grand Prix,interlagos,Autódromo José Carlos Pace,Brazil,alonso,ALO,Fernando,Alonso,aston_martin,Aston Martin,11,14,14,0.0,71,Finished,5577362,+55.766,-3
2025,21,São Paulo Grand Prix,interlagos,Autódromo José Carlos Pace,Brazil,colapinto,COL,Franco,Colapinto,alpine,Alpine F1 Team,16,15,15,0.0,71,Finished,5579373,+57.777,1
2025,21,São Paulo Grand Prix,interlagos,Autódromo José Carlos Pace,Brazil,stroll,STR,Lance,Stroll,aston_martin,Aston Martin,14,16,16,0.0,71,Finished,5579843,+58.247,-2
2025,21,São Paulo Grand Prix,interlagos,Autódromo José Carlos Pace,Brazil,tsunoda,TSU,Yuki,Tsunoda,red_bull,Red Bull,17,17,17,0.0,71,Finished,5590772,+1:09.176,0
2025,21,São Paulo Grand Prix,interlagos,Autódromo José Carlos Pace,Brazil,hamilton,HAM,Lewis,Hamilton,ferrari,Ferrari,13,18,R,0.0,37,Retired,,,-5
2025,21,São Paulo Grand Prix,interlagos,Autódromo José Carlos Pace,Brazil,leclerc,LEC,Charles,Leclerc,ferrari,Ferrari,3,19,R,0.0,5,Retired,,,-16
2025,21,São Paulo Grand Prix,interlagos,Autódromo José Carlos Pace,Brazil,bortoleto,BOR,Gabriel,Bortoleto,sauber,Sauber,18,20,R,0.0,0,Retired,,,-2
2025,22,Las Vegas Grand Prix,vegas,Las Vegas Strip Street Circuit,USA,max_verstappen,VER,Max,Verstappen,red_bull,Red Bull,2,1,1,25.0,50,Finished,4868429,1:21:08.429,1
2025,22,Las Vegas Grand Prix,vegas,Las Vegas Strip Street Circuit,USA,russell,RUS,George,Russell,mercedes,Mercedes,4,2,2,18.0,50,Finished,4891975,+23.546,2
2025,22,Las Vegas Grand Prix,vegas,Las Vegas Strip Street Circuit,USA,antonelli,ANT,Andrea Kimi,Antonelli,mercedes,Mercedes,17,3,3,15.0,50,Finished,4898917,+30.488,14
2025,22,Las Vegas Grand Prix,vegas,Las Vegas Strip Street Circuit,USA,leclerc,LEC,Charles,Leclerc,ferrari,Ferrari,9,4,4,12.0,50,Finished,4899107,+30.678,5
2025,22,Las Vegas Grand Prix,vegas,Las Vegas Strip Street Circuit,USA,sainz,SAI,Carlos,Sainz,williams,Williams,3,5,5,10.0,50,Finished,4903353,+34.924,-2
2025,22,Las Vegas Grand Prix,vegas,Las Vegas Strip Street Circuit,USA,hadjar,HAD,Isack,Hadjar,rb,RB F1 Team,8,6,6,8.0,50,Finished,4913686,+45.257,2
2025,22,Las Vegas Grand Prix,vegas,Las Vegas Strip Street Circuit,USA,hulkenberg,HUL,Nico,Hülkenberg,sauber,Sauber,11,7,7,6.0,50,Finished,4919563,+51.134,4
2025,22,Las Vegas Grand Prix,vegas,Las Vegas Strip Street Circuit,USA,hamilton,HAM,Lewis,Hamilton,ferrari,Ferrari,19,8,8,4.0,50,Finished,4927798,+59.369,11
2025,22,Las Vegas Grand Prix,vegas,Las Vegas Strip Street Circuit,USA,ocon,OCO,Esteban,Ocon,haas,Haas F1 Team,13,9,9,2.0,50,Finished,4929064,+1:00.635,4
2025,22,Las Vegas Grand Prix,vegas,Las Vegas Strip Street Circuit,USA,bearman,BEA,Oliver,Bearman,haas,Haas F1 Team,14,10,10,1.0,50,Finished,4938978,+1:10.549,4
2025,22,Las Vegas Grand Prix,vegas,Las Vegas Strip Street Circuit,USA,alonso,ALO,Fernando,Alonso,aston_martin,Aston Martin,7,11,11,0.0,50,Finished,4953737,+1:25.308,-4
2025,22,Las Vegas Grand Prix,vegas,Las Vegas Strip Street Circuit,USA,tsunoda,TSU,Yuki,Tsunoda,red_bull,Red Bull,20,12,12,0.0,50,Finished,4955403,+1:26.974,8
2025,22,Las Vegas Grand Prix,vegas,Las Vegas Strip Street Circuit,USA,gasly,GAS,Pierre,Gasly,alpine,Alpine F1 Team,10,13,13,0.0,50,Finished,4960131,+1:31.702,-3
2025,22,Las Vegas Grand Prix,vegas,Las Vegas Strip Street Circuit,USA,lawson,LAW,Liam,Lawson,rb,RB F1 Team,6,14,14,0.0,49,Lapped,4871720,+3.291,-8
2025,22,Las Vegas Grand Prix,vegas,Las Vegas Strip Street Circuit,USA,colapinto,COL,Franco,Colapinto,alpine,Alpine F1 Team,15,15,15,0.0,49,Lapped,4878888,+10.459,0
2025,22,Las Vegas Grand Prix,vegas,Las Vegas Strip Street Circuit,USA,albon,ALB,Alexander,Albon,williams,Williams,16,16,R,0.0,35,Retired,,,0
2025,22,Las Vegas Grand Prix,vegas,Las Vegas Strip Street Circuit,USA,bortoleto,BOR,Gabriel,Bortoleto,sauber,Sauber,18,17,R,0.0,2,Retired,,,1
2025,22,Las Vegas Grand Prix,vegas,Las Vegas Strip Street Circuit,USA,stroll,STR,Lance,Stroll,aston_martin,Aston Martin,12,18,R,0.0,0,Retired,,,-6
2025,22,Las Vegas Grand Prix,vegas,Las Vegas Strip Street Circuit,USA,norris,NOR,Lando,Norris,mclaren,McLaren,1,19,D,0.0,50,Disqualified,,,-18
2025,22,Las Vegas Grand Prix,vegas,Las Vegas Strip Street Circuit,USA,piastri,PIA,Oscar,Piastri,mclaren,McLaren,5,20,D,0.0,50,Disqualified,,,-15
2025,23,Qatar Grand Prix,losail,Losail International Circuit,Qatar,max_verstappen,VER,Max,Verstappen,red_bull,Red Bull,3,1,1,25.0,57,Finished,5078241,1:24:38.241,2
2025,23,Qatar Grand Prix,losail,Losail International Circuit,Qatar,piastri,PIA,Oscar,Piastri,mclaren,McLaren,1,2,2,18.0,57,Finished,5086236,+7.995,-1
2025,23,Qatar Grand Prix,losail,Losail International Circuit,Qatar,sainz,SAI,Carlos,Sainz,williams,Williams,7,3,3,15.0,57,Finished,5100906,+22.665,4
2025,23,Qatar Grand Prix,losail,Losail International Circuit,Qatar,norris,NOR,Lando,Norris,mclaren,McLaren,2,4,4,12.0,57,Finished,5101556,+23.315,-2
2025,23,Qatar Grand Prix,losail,Losail International Circuit,Qatar,antonelli,ANT,Andrea Kimi,Antonelli,mercedes,Mercedes,5,5,5,10.0,57,Finished,5106558,+28.317,0
2025,23,Qatar Grand Prix,losail,Losail International Circuit,Qatar,russell,RUS,George,Russell,mercedes,Mercedes,4,6,6,8.0,57,Finished,5126840,+48.599,-2
2025,23,Qatar Grand Prix,losail,Losail International Circuit,Qatar,alonso,ALO,Fernando,Alonso,aston_martin,Aston Martin,8,7,7,6.0,57,Finished,5132286,+54.045,1
2025,23,Qatar Grand Prix,losail,Losail International Circuit,Qatar,leclerc,LEC,Charles,Leclerc,ferrari,Ferrari,10,8,8,4.0,57,Finished,5135026,+56.785,2
2025,23,Qatar Grand Prix,losail,Losail International Circuit,Qatar,lawson,LAW,Liam,Lawson,rb,RB F1 Team,12,9,9,2.0,57,Finished,5138314,+1:00.073,3
2025,23,Qatar Grand Prix,losail,Losail International Circuit,Qatar,tsunoda,TSU,Yuki,Tsunoda,red_bull,Red Bull,15,10,10,1.0,57,Finished,5140011,+1:01.770,5
2025,23,Qatar Grand Prix,losail,Losail International Circuit,Qatar,albon,ALB,Alexander,Albon,williams,Williams,14,11,11,0.0,57,Finished,5145172,+1:06.931,3
2025,23,Qatar Grand Prix,losail,Losail International Circuit,Qatar,hamilton,HAM,Lewis,Hamilton,ferrari,Ferrari,17,12,12,0.0,57,Finished,5155971,+1:17.730,5
2025,23,Qatar Grand Prix,losail,Losail International Circuit,Qatar,bortoleto,BOR,Gabriel,Bortoleto,sauber,Sauber,19,13,13,0.0,57,Finished,5163053,+1:24.812,6
2025,23,Qatar Grand Prix,losail,Losail International Circuit,Qatar,colapinto,COL,Franco,Colapinto,alpine,Alpine F1 Team,20,14,14,0.0,56,Lapped,5081524,+3.283,6
2025,23,Qatar Grand Prix,losail,Losail International Circuit,Qatar,ocon,OCO,Esteban,Ocon,haas,Haas F1 Team,16,15,15,0.0,56,Lapped,5082494,+4.253,1
2025,23,Qatar Grand Prix,losail,Losail International Circuit,Qatar,gasly,GAS,Pierre,Gasly,alpine,Alpine F1 Team,9,16,16,0.0,56,Lapped,5083182,+4.941,-7
2025,23,Qatar Grand Prix,losail,Losail International Circuit,Qatar,stroll,STR,Lance,Stroll,aston_martin,Aston Martin,18,17,17,0.0,55,Retired,5015203,,1
2025,23,Qatar Grand Prix,losail,Losail International Circuit,Qatar,hadjar,HAD,Isack,Hadjar,rb,RB F1 Team,6,18,18,0.0,55,Retired,5032324,,-12
2025,23,Qatar Grand Prix,losail,Losail International Circuit,Qatar,bearman,BEA,Oliver,Bearman,haas,Haas F1 Team,13,19,R,0.0,41,Retired,,,-6
2025,23,Qatar Grand Prix,losail,Losail International Circuit,Qatar,hulkenberg,HUL,Nico,Hülkenberg,sauber,Sauber,11,20,R,0.0,6,Retired,,,-9
2025,24,Abu Dhabi Grand Prix,yas_marina,Yas Marina Circuit,UAE,max_verstappen,VER,Max,Verstappen,red_bull,Red Bull,1,1,1,25.0,58,Finished,5167469,1:26:07.469,0
2025,24,Abu Dhabi Grand Prix,yas_marina,Yas Marina Circuit,UAE,piastri,PIA,Oscar,Piastri,mclaren,McLaren,3,2,2,18.0,58,Finished,5180063,+12.594,1
2025,24,Abu Dhabi Grand Prix,yas_marina,Yas Marina Circuit,UAE,norris,NOR,Lando,Norris,mclaren,McLaren,2,3,3,15.0,58,Finished,5184041,+16.572,-1
2025,24,Abu Dhabi Grand Prix,yas_marina,Yas Marina Circuit,UAE,leclerc,LEC,Charles,Leclerc,ferrari,Ferrari,5,4,4,12.0,58,Finished,5190748,+23.279,1
2025,24,Abu Dhabi Grand Prix,yas_marina,Yas Marina Circuit,UAE,russell,RUS,George,Russell,mercedes,Mercedes,4,5,5,10.0,58,Finished,5216032,+48.563,-1
2025,24,Abu Dhabi Grand Prix,yas_marina,Yas Marina Circuit,UAE,alonso,ALO,Fernando,Alonso,aston_martin,Aston Martin,6,6,6,8.0,58,Finished,5235031,+1:07.562,0
2025,24,Abu Dhabi Grand Prix,yas_marina,Yas Marina Circuit,UAE,ocon,OCO,Esteban,Ocon,haas,Haas F1 Team,8,7,7,6.0,58,Finished,5237345,+1:09.876,1
2025,24,Abu Dhabi Grand Prix,yas_marina,Yas Marina Circuit,UAE,hamilton,HAM,Lewis,Hamilton,ferrari,Ferrari,16,8,8,4.0,58,Finished,5240139,+1:12.670,8
2025,24,Abu Dhabi Grand Prix,yas_marina,Yas Marina Circuit,UAE,hulkenberg,HUL,Nico,Hülkenberg,sauber,Sauber,18,9,9,2.0,58,Finished,5246483,+1:19.014,9
2025,24,Abu Dhabi Grand Prix,yas_marina,Yas Marina Circuit,UAE,stroll,STR,Lance,Stroll,aston_martin,Aston Martin,15,10,10,1.0,58,Finished,5246992,+1:19.523,5
2025,24,Abu Dhabi Grand Prix,yas_marina,Yas Marina Circuit,UAE,bortoleto,BOR,Gabriel,Bortoleto,sauber,Sauber,7,11,11,0.0,58,Finished,5248512,+1:21.043,-4
2025,24,Abu Dhabi Grand Prix,yas_marina,Yas Marina Circuit,UAE,bearman,BEA,Oliver,Bearman,haas,Haas F1 Team,11,12,12,0.0,58,Finished,5248635,+1:21.166,-1
2025,24,Abu Dhabi Grand Prix,yas_marina,Yas Marina Circuit,UAE,sainz,SAI,Carlos,Sainz,williams,Williams,12,13,13,0.0,58,Finished,5249627,+1:22.158,-1
2025,24,Abu Dhabi Grand Prix,yas_marina,Yas Marina Circuit,UAE,tsunoda,TSU,Yuki,Tsunoda,red_bull,Red Bull,10,14,14,0.0,58,Finished,5251263,+1:23.794,-4
2025,24,Abu Dhabi Grand Prix,yas_marina,Yas Marina Circuit,UAE,antonelli,ANT,Andrea Kimi,Antonelli,mercedes,Mercedes,14,15,15,0.0,58,Finished,5251868,+1:24.399,-1
2025,24,Abu Dhabi Grand Prix,yas_marina,Yas Marina Circuit,UAE,albon,ALB,Alexander,Albon,williams,Williams,17,16,16,0.0,58,Finished,5257796,+1:30.327,1
2025,24,Abu Dhabi Grand Prix,yas_marina,Yas Marina Circuit,UAE,hadjar,HAD,Isack,Hadjar,rb,RB F1 Team,9,17,17,0.0,57,Lapped,5168796,+1.327,-8
2025,24,Abu Dhabi Grand Prix,yas_marina,Yas Marina Circuit,UAE,lawson,LAW,Liam,Lawson,rb,RB F1 Team,13,18,18,0.0,57,Lapped,5172128,+4.659,-5
2025,24,Abu Dhabi Grand Prix,yas_marina,Yas Marina Circuit,UAE,gasly,GAS,Pierre,Gasly,alpine,Alpine F1 Team,19,19,19,0.0,57,Lapped,5179377,+11.908,0
2025,24,Abu Dhabi Grand Prix,yas_marina,Yas Marina Circuit,UAE,colapinto,COL,Franco,Colapinto,alpine,Alpine F1 Team,20,20,20,0.0,57,Lapped,5181472,+14.003,0
