season,round,raceName,circuitId,circuitName,driverId,givenName,familyName,constructorId,constructorName,quali_position,q1,q2,q3
2020,1,Austrian Grand Prix,red_bull_ring,Red Bull Ring,bottas,Valtteri,Bottas,mercedes,Mercedes,1,1:04.111,1:03.015,1:02.939
2020,1,Austrian Grand Prix,red_bull_ring,Red Bull Ring,hamilton,Lewis,Hamilton,mercedes,Mercedes,2,1:04.198,1:03.096,1:02.951
2020,1,Austrian Grand Prix,red_bull_ring,Red Bull Ring,max_verstappen,Max,Verstappen,red_bull,Red Bull,3,1:04.024,1:04.000,1:03.477
2020,1,Austrian Grand Prix,red_bull_ring,Red Bull Ring,norris,Lando,Norris,mclaren,McLaren,4,1:04.606,1:03.819,1:03.626
2020,1,Austrian Grand Prix,red_bull_ring,Red Bull Ring,albon,Alexander,Albon,red_bull,Red Bull,5,1:04.661,1:03.746,1:03.868
2020,1,Austrian Grand Prix,red_bull_ring,Red Bull Ring,perez,Sergio,Pérez,racing_point,Racing Point,6,1:04.543,1:03.860,1:03.868
2020,1,Austrian Grand Prix,red_bull_ring,Red Bull Ring,leclerc,Charles,Leclerc,ferrari,Ferrari,7,1:04.500,1:04.041,1:03.923
2020,1,Austrian Grand Prix,red_bull_ring,Red Bull Ring,sainz,Carlos,Sainz,mclaren,McLaren,8,1:04.537,1:03.971,1:03.971
2020,1,Austrian Grand Prix,red_bull_ring,Red Bull Ring,stroll,Lance,Stroll,racing_point,Racing Point,9,1:04.309,1:03.955,1:04.029
2020,1,Austrian Grand Prix,red_bull_ring,Red Bull Ring,ricciardo,Daniel,Ricciardo,renault,Renault,10,1:04.556,1:04.023,1:04.239
2020,1,Austrian Grand Prix,red_bull_ring,Red Bull Ring,vettel,Sebastian,Vettel,ferrari,Ferrari,11,1:04.554,1:04.206,
2020,1,Austrian Grand Prix,red_bull_ring,Red Bull Ring,gasly,Pierre,Gasly,alphatauri,AlphaTauri,12,1:04.603,1:04.305,
2020,1,Austrian Grand Prix,red_bull_ring,Red Bull Ring,kvyat,Daniil,Kvyat,alphatauri,AlphaTauri,13,1:05.031,1:04.431,
2020,1,Austrian Grand Prix,red_bull_ring,Red Bull Ring,ocon,Esteban,Ocon,renault,Renault,14,1:04.933,1:04.643,
2020,1,Austrian Grand Prix,red_bull_ring,Red Bull Ring,grosjean,Romain,Grosjean,haas,Haas F1 Team,15,1:05.094,1:04.691,
2020,1,Austrian Grand Prix,red_bull_ring,Red Bull Ring,kevin_magnussen,Kevin,Magnussen,haas,Haas F1 Team,16,1:05.164,,
2020,1,Austrian Grand Prix,red_bull_ring,Red Bull Ring,russell,George,Russell,williams,Williams,17,1:05.167,,
2020,1,Austrian Grand Prix,red_bull_ring,Red Bull Ring,giovinazzi,Antonio,Giovinazzi,alfa,Alfa Romeo,18,1:05.175,,
2020,1,Austrian Grand Prix,red_bull_ring,Red Bull Ring,raikkonen,Kimi,Räikkönen,alfa,Alfa Romeo,19,1:05.224,,
2020,1,Austrian Grand Prix,red_bull_ring,Red Bull Ring,latifi,Nicholas,Latifi,williams,Williams,20,1:05.757,,
2020,2,Styrian Grand Prix,red_bull_ring,Red Bull Ring,hamilton,Lewis,Hamilton,mercedes,Mercedes,1,1:18.188,1:17.825,1:19.273
2020,2,Styrian Grand Prix,red_bull_ring,Red Bull Ring,max_verstappen,Max,Verstappen,red_bull,Red Bull,2,1:18.297,1:17.938,1:20.489
2020,2,Styrian Grand Prix,red_bull_ring,Red Bull Ring,sainz,Carlos,Sainz,mclaren,McLaren,3,1:18.590,1:18.836,1:20.671
2020,2,Styrian Grand Prix,red_bull_ring,Red Bull Ring,bottas,Valtteri,Bottas,mercedes,Mercedes,4,1:18.791,1:18.657,1:20.701
2020,2,Styrian Grand Prix,red_bull_ring,Red Bull Ring,ocon,Esteban,Ocon,renault,Renault,5,1:19.687,1:18.764,1:20.922
2020,2,Styrian Grand Prix,red_bull_ring,Red Bull Ring,norris,Lando,Norris,mclaren,McLaren,6,1:18.504,1:18.448,1:20.925
2020,2,Styrian Grand Prix,red_bull_ring,Red Bull Ring,albon,Alexander,Albon,red_bull,Red Bull,7,1:20.882,1:19.014,1:21.011
2020,2,Styrian Grand Prix,red_bull_ring,Red Bull Ring,gasly,Pierre,Gasly,alphatauri,AlphaTauri,8,1:20.192,1:18.744,1:21.028
2020,2,Styrian Grand Prix,red_bull_ring,Red Bull Ring,ricciardo,Daniel,Ricciardo,renault,Renault,9,1:19.662,1:19.229,1:21.192
2020,2,Styrian Grand Prix,red_bull_ring,Red Bull Ring,vettel,Sebastian,Vettel,ferrari,Ferrari,10,1:20.243,1:19.545,1:21.651
2020,2,Styrian Grand Prix,red_bull_ring,Red Bull Ring,leclerc,Charles,Leclerc,ferrari,Ferrari,11,1:20.871,1:19.628,
2020,2,Styrian Grand Prix,red_bull_ring,Red Bull Ring,russell,George,Russell,williams,Williams,12,1:20.382,1:19.636,
2020,2,Styrian Grand Prix,red_bull_ring,Red Bull Ring,stroll,Lance,Stroll,racing_point,Racing Point,13,1:19.697,1:19.645,
2020,2,Styrian Grand Prix,red_bull_ring,Red Bull Ring,kvyat,Daniil,Kvyat,alphatauri,AlphaTauri,14,1:19.824,1:19.717,
2020,2,Styrian Grand Prix,red_bull_ring,Red Bull Ring,kevin_magnussen,Kevin,Magnussen,haas,Haas F1 Team,15,1:21.140,1:20.211,
2020,2,Styrian Grand Prix,red_bull_ring,Red Bull Ring,raikkonen,Kimi,Räikkönen,alfa,Alfa Romeo,16,1:21.140,,
2020,2,Styrian Grand Prix,red_bull_ring,Red Bull Ring,perez,Sergio,Pérez,racing_point,Racing Point,17,1:21.607,,
2020,2,Styrian Grand Prix,red_bull_ring,Red Bull Ring,latifi,Nicholas,Latifi,williams,Williams,18,1:21.759,,
2020,2,Styrian Grand Prix,red_bull_ring,Red Bull Ring,giovinazzi,Antonio,Giovinazzi,alfa,Alfa Romeo,19,1:21.831,,
2020,2,Styrian Grand Prix,red_bull_ring,Red Bull Ring,grosjean,Romain,Grosjean,haas,Haas F1 Team,20,,,
2020,3,Hungarian Grand Prix,hungaroring,Hungaroring,hamilton,Lewis,Hamilton,mercedes,Mercedes,1,1:14.907,1:14.261,1:13.447
2020,3,Hungarian Grand Prix,hungaroring,Hungaroring,bottas,Valtteri,Bottas,mercedes,Mercedes,2,1:15.474,1:14.530,1:13.554
2020,3,Hungarian Grand Prix,hungaroring,Hungaroring,stroll,Lance,Stroll,racing_point,Racing Point,3,1:14.895,1:15.176,1:14.377
2020,3,Hungarian Grand Prix,hungaroring,Hungaroring,perez,Sergio,Pérez,racing_point,Racing Point,4,1:14.681,1:15.394,1:14.545
2020,3,Hungarian Grand Prix,hungaroring,Hungaroring,vettel,Sebastian,Vettel,ferrari,Ferrari,5,1:15.455,1:15.131,1:14.774
2020,3,Hungarian Grand Prix,hungaroring,Hungaroring,leclerc,Charles,Leclerc,ferrari,Ferrari,6,1:15.793,1:15.006,1:14.817
2020,3,Hungarian Grand Prix,hungaroring,Hungaroring,max_verstappen,Max,Verstappen,red_bull,Red Bull,7,1:15.495,1:14.976,1:14.849
2020,3,Hungarian Grand Prix,hungaroring,Hungaroring,norris,Lando,Norris,mclaren,McLaren,8,1:15.444,1:15.085,1:14.966
2020,3,Hungarian Grand Prix,hungaroring,Hungaroring,sainz,Carlos,Sainz,mclaren,McLaren,9,1:15.281,1:15.267,1:15.027
2020,3,Hungarian Grand Prix,hungaroring,Hungaroring,gasly,Pierre,Gasly,alphatauri,AlphaTauri,10,1:15.767,1:15.508,
2020,3,Hungarian Grand Prix,hungaroring,Hungaroring,ricciardo,Daniel,Ricciardo,renault,Renault,11,1:15.848,1:15.661,
2020,3,Hungarian Grand Prix,hungaroring,Hungaroring,russell,George,Russell,williams,Williams,12,1:15.585,1:15.698,
2020,3,Hungarian Grand Prix,hungaroring,Hungaroring,albon,Alexander,Albon,red_bull,Red Bull,13,1:15.722,1:15.715,
2020,3,Hungarian Grand Prix,hungaroring,Hungaroring,ocon,Esteban,Ocon,renault,Renault,14,1:15.719,1:15.742,
2020,3,Hungarian Grand Prix,hungaroring,Hungaroring,latifi,Nicholas,Latifi,williams,Williams,15,1:16.105,1:16.544,
2020,3,Hungarian Grand Prix,hungaroring,Hungaroring,kevin_magnussen,Kevin,Magnussen,haas,Haas F1 Team,16,1:16.152,,
2020,3,Hungarian Grand Prix,hungaroring,Hungaroring,kvyat,Daniil,Kvyat,alphatauri,AlphaTauri,17,1:16.204,,
2020,3,Hungarian Grand Prix,hungaroring,Hungaroring,grosjean,Romain,Grosjean,haas,Haas F1 Team,18,1:16.407,,
2020,3,Hungarian Grand Prix,hungaroring,Hungaroring,giovinazzi,Antonio,Giovinazzi,alfa,Alfa Romeo,19,1:16.506,,
2020,3,Hungarian Grand Prix,hungaroring,Hungaroring,raikkonen,Kimi,Räikkönen,alfa,Alfa Romeo,20,1:16.614,,
2020,4,British Grand Prix,silverstone,Silverstone Circuit,hamilton,Lewis,Hamilton,mercedes,Mercedes,1,1:25.900,1:25.347,1:24.303
2020,4,British Grand Prix,silverstone,Silverstone Circuit,bottas,Valtteri,Bottas,mercedes,Mercedes,2,1:25.801,1:25.015,1:24.616
2020,4,British Grand Prix,silverstone,Silverstone Circuit,max_verstappen,Max,Verstappen,red_bull,Red Bull,3,1:26.115,1:26.144,1:25.325
2020,4,British Grand Prix,silverstone,Silverstone Circuit,leclerc,Charles,Leclerc,ferrari,Ferrari,4,1:26.550,1:26.203,1:25.427
2020,4,British Grand Prix,silverstone,Silverstone Circuit,norris,Lando,Norris,mclaren,McLaren,5,1:26.855,1:26.420,1:25.782
2020,4,British Grand Prix,silverstone,Silverstone Circuit,stroll,Lance,Stroll,racing_point,Racing Point,6,1:26.243,1:26.501,1:25.839
2020,4,British Grand Prix,silverstone,Silverstone Circuit,sainz,Carlos,Sainz,mclaren,McLaren,7,1:26.715,1:26.149,1:25.965
2020,4,British Grand Prix,silverstone,Silverstone Circuit,ricciardo,Daniel,Ricciardo,renault,Renault,8,1:26.677,1:26.339,1:26.009
2020,4,British Grand Prix,silverstone,Silverstone Circuit,ocon,Esteban,Ocon,renault,Renault,9,1:26.396,1:26.252,1:26.209
2020,4,British Grand Prix,silverstone,Silverstone Circuit,vettel,Sebastian,Vettel,ferrari,Ferrari,10,1:26.469,1:26.455,1:26.339
2020,4,British Grand Prix,silverstone,Silverstone Circuit,gasly,Pierre,Gasly,alphatauri,AlphaTauri,11,1:26.343,1:26.501,
2020,4,British Grand Prix,silverstone,Silverstone Circuit,albon,Alexander,Albon,red_bull,Red Bull,12,1:26.565,1:26.545,
2020,4,British Grand Prix,silverstone,Silverstone Circuit,hulkenberg,Nico,Hülkenberg,racing_point,Racing Point,13,1:26.327,1:26.566,
2020,4,British Grand Prix,silverstone,Silverstone Circuit,kvyat,Daniil,Kvyat,alphatauri,AlphaTauri,14,1:26.774,1:26.744,
2020,4,British Grand Prix,silverstone,Silverstone Circuit,russell,George,Russell,williams,Williams,15,1:26.732,1:27.092,
2020,4,British Grand Prix,silverstone,Silverstone Circuit,kevin_magnussen,Kevin,Magnussen,haas,Haas F1 Team,16,1:27.158,,
2020,4,British Grand Prix,silverstone,Silverstone Circuit,giovinazzi,Antonio,Giovinazzi,alfa,Alfa Romeo,17,1:27.164,,
2020,4,British Grand Prix,silverstone,Silverstone Circuit,raikkonen,Kimi,Räikkönen,alfa,Alfa Romeo,18,1:27.366,,
2020,4,British Grand Prix,silverstone,Silverstone Circuit,grosjean,Romain,Grosjean,haas,Haas F1 Team,19,1:27.643,,
2020,4,British Grand Prix,silverstone,Silverstone Circuit,latifi,Nicholas,Latifi,williams,Williams,20,1:27.705,,
2020,5,70th Anniversary Grand Prix,silverstone,Silverstone Circuit,bottas,Valtteri,Bottas,mercedes,Mercedes,1,1:26.738,1:25.785,1:25.154
2020,5,70th Anniversary Grand Prix,silverstone,Silverstone Circuit,hamilton,Lewis,Hamilton,mercedes,Mercedes,2,1:26.818,1:26.266,1:25.217
2020,5,70th Anniversary Grand Prix,silverstone,Silverstone Circuit,hulkenberg,Nico,Hülkenberg,racing_point,Racing Point,3,1:27.279,1:26.261,1:26.082
2020,5,70th Anniversary Grand Prix,silverstone,Silverstone Circuit,max_verstappen,Max,Verstappen,red_bull,Red Bull,4,1:27.154,1:26.779,1:26.176
2020,5,70th Anniversary Grand Prix,silverstone,Silverstone Circuit,ricciardo,Daniel,Ricciardo,renault,Renault,5,1:27.442,1:26.636,1:26.297
2020,5,70th Anniversary Grand Prix,silverstone,Silverstone Circuit,stroll,Lance,Stroll,racing_point,Racing Point,6,1:27.187,1:26.674,1:26.428
2020,5,70th Anniversary Grand Prix,silverstone,Silverstone Circuit,gasly,Pierre,Gasly,alphatauri,AlphaTauri,7,1:27.154,1:26.523,1:26.534
2020,5,70th Anniversary Grand Prix,silverstone,Silverstone Circuit,leclerc,Charles,Leclerc,ferrari,Ferrari,8,1:27.427,1:26.709,1:26.614
2020,5,70th Anniversary Grand Prix,silverstone,Silverstone Circuit,albon,Alexander,Albon,red_bull,Red Bull,9,1:27.153,1:26.642,1:26.669
2020,5,70th Anniversary Grand Prix,silverstone,Silverstone Circuit,norris,Lando,Norris,mclaren,McLaren,10,1:27.217,1:26.885,1:26.778
2020,5,70th Anniversary Grand Prix,silverstone,Silverstone Circuit,ocon,Esteban,Ocon,renault,Renault,11,1:27.278,1:27.011,
2020,5,70th Anniversary Grand Prix,silverstone,Silverstone Circuit,vettel,Sebastian,Vettel,ferrari,Ferrari,12,1:27.612,1:27.078,
2020,5,70th Anniversary Grand Prix,silverstone,Silverstone Circuit,sainz,Carlos,Sainz,mclaren,McLaren,13,1:27.450,1:27.083,
2020,5,70th Anniversary Grand Prix,silverstone,Silverstone Circuit,grosjean,Romain,Grosjean,haas,Haas F1 Team,14,1:27.519,1:27.254,
2020,5,70th Anniversary Grand Prix,silverstone,Silverstone Circuit,russell,George,Russell,williams,Williams,15,1:27.757,1:27.455,
2020,5,70th Anniversary Grand Prix,silverstone,Silverstone Circuit,kvyat,Daniil,Kvyat,alphatauri,AlphaTauri,16,1:27.882,,
2020,5,70th Anniversary Grand Prix,silverstone,Silverstone Circuit,kevin_magnussen,Kevin,Magnussen,haas,Haas F1 Team,17,1:28.236,,
2020,5,70th Anniversary Grand Prix,silverstone,Silverstone Circuit,latifi,Nicholas,Latifi,williams,Williams,18,1:28.430,,
2020,5,70th Anniversary Grand Prix,silverstone,Silverstone Circuit,giovinazzi,Antonio,Giovinazzi,alfa,Alfa Romeo,19,1:28.433,,
2020,5,70th Anniversary Grand Prix,silverstone,Silverstone Circuit,raikkonen,Kimi,Räikkönen,alfa,Alfa Romeo,20,1:28.493,,
2020,6,Spanish Grand Prix,catalunya,Circuit de Barcelona-Catalunya,hamilton,Lewis,Hamilton,mercedes,Mercedes,1,1:16.872,1:16.013,1:15.584
2020,6,Spanish Grand Prix,catalunya,Circuit de Barcelona-Catalunya,bottas,Valtteri,Bottas,mercedes,Mercedes,2,1:17.243,1:16.152,1:15.643
2020,6,Spanish Grand Prix,catalunya,Circuit de Barcelona-Catalunya,max_verstappen,Max,Verstappen,red_bull,Red Bull,3,1:17.213,1:16.518,1:16.292
2020,6,Spanish Grand Prix,catalunya,Circuit de Barcelona-Catalunya,perez,Sergio,Pérez,racing_point,Racing Point,4,1:17.117,1:16.936,1:16.482
2020,6,Spanish Grand Prix,catalunya,Circuit de Barcelona-Catalunya,stroll,Lance,Stroll,racing_point,Racing Point,5,1:17.316,1:16.666,1:16.589
2020,6,Spanish Grand Prix,catalunya,Circuit de Barcelona-Catalunya,albon,Alexander,Albon,red_bull,Red Bull,6,1:17.419,1:17.163,1:17.029
2020,6,Spanish Grand Prix,catalunya,Circuit de Barcelona-Catalunya,sainz,Carlos,Sainz,mclaren,McLaren,7,1:17.438,1:16.876,1:17.044
2020,6,Spanish Grand Prix,catalunya,Circuit de Barcelona-Catalunya,norris,Lando,Norris,mclaren,McLaren,8,1:17.577,1:17.166,1:17.084
2020,6,Spanish Grand Prix,catalunya,Circuit de Barcelona-Catalunya,leclerc,Charles,Leclerc,ferrari,Ferrari,9,1:17.256,1:16.953,1:17.087
2020,6,Spanish Grand Prix,catalunya,Circuit de Barcelona-Catalunya,gasly,Pierre,Gasly,alphatauri,AlphaTauri,10,1:17.356,1:16.800,1:17.136
2020,6,Spanish Grand Prix,catalunya,Circuit de Barcelona-Catalunya,vettel,Sebastian,Vettel,ferrari,Ferrari,11,1:17.573,1:17.168,
2020,6,Spanish Grand Prix,catalunya,Circuit de Barcelona-Catalunya,kvyat,Daniil,Kvyat,alphatauri,AlphaTauri,12,1:17.676,1:17.192,
2020,6,Spanish Grand Prix,catalunya,Circuit de Barcelona-Catalunya,ricciardo,Daniel,Ricciardo,renault,Renault,13,1:17.667,1:17.198,
2020,6,Spanish Grand Prix,catalunya,Circuit de Barcelona-Catalunya,raikkonen,Kimi,Räikkönen,alfa,Alfa Romeo,14,1:17.797,1:17.386,
2020,6,Spanish Grand Prix,catalunya,Circuit de Barcelona-Catalunya,ocon,Esteban,Ocon,renault,Renault,15,1:17.765,1:17.567,
2020,6,Spanish Grand Prix,catalunya,Circuit de Barcelona-Catalunya,kevin_magnussen,Kevin,Magnussen,haas,Haas F1 Team,16,1:17.908,,
2020,6,Spanish Grand Prix,catalunya,Circuit de Barcelona-Catalunya,grosjean,Romain,Grosjean,haas,Haas F1 Team,17,1:18.089,,
2020,6,Spanish Grand Prix,catalunya,Circuit de Barcelona-Catalunya,russell,George,Russell,williams,Williams,18,1:18.099,,
2020,6,Spanish Grand Prix,catalunya,Circuit de Barcelona-Catalunya,latifi,Nicholas,Latifi,williams,Williams,19,1:18.532,,
2020,6,Spanish Grand Prix,catalunya,Circuit de Barcelona-Catalunya,giovinazzi,Antonio,Giovinazzi,alfa,Alfa Romeo,20,1:18.697,,
2020,7,Belgian Grand Prix,spa,Circuit de Spa-Francorchamps,hamilton,Lewis,Hamilton,mercedes,Mercedes,1,1:42.323,1:42.014,1:41.252
2020,7,Belgian Grand Prix,spa,Circuit de Spa-Francorchamps,bottas,Valtteri,Bottas,mercedes,Mercedes,2,1:42.534,1:42.126,1:41.763
2020,7,Belgian Grand Prix,spa,Circuit de Spa-Francorchamps,max_verstappen,Max,Verstappen,red_bull,Red Bull,3,1:43.197,1:42.473,1:41.778
2020,7,Belgian Grand Prix,spa,Circuit de Spa-Francorchamps,ricciardo,Daniel,Ricciardo,renault,Renault,4,1:43.309,1:42.487,1:42.061
2020,7,Belgian Grand Prix,spa,Circuit de Spa-Francorchamps,albon,Alexander,Albon,red_bull,Red Bull,5,1:43.418,1:42.193,1:42.264
2020,7,Belgian Grand Prix,spa,Circuit de Spa-Francorchamps,ocon,Esteban,Ocon,renault,Renault,6,1:43.505,1:42.534,1:42.396
2020,7,Belgian Grand Prix,spa,Circuit de Spa-Francorchamps,sainz,Carlos,Sainz,mclaren,McLaren,7,1:43.322,1:42.478,1:42.438
2020,7,Belgian Grand Prix,spa,Circuit de Spa-Francorchamps,perez,Sergio,Pérez,racing_point,Racing Point,8,1:43.349,1:42.670,1:42.532
2020,7,Belgian Grand Prix,spa,Circuit de Spa-Francorchamps,stroll,Lance,Stroll,racing_point,Racing Point,9,1:43.265,1:42.491,1:42.603
2020,7,Belgian Grand Prix,spa,Circuit de Spa-Francorchamps,norris,Lando,Norris,mclaren,McLaren,10,1:43.514,1:42.722,1:42.657
2020,7,Belgian Grand Prix,spa,Circuit de Spa-Francorchamps,kvyat,Daniil,Kvyat,alphatauri,AlphaTauri,11,1:43.267,1:42.730,
2020,7,Belgian Grand Prix,spa,Circuit de Spa-Francorchamps,gasly,Pierre,Gasly,alphatauri,AlphaTauri,12,1:43.262,1:42.745,
2020,7,Belgian Grand Prix,spa,Circuit de Spa-Francorchamps,leclerc,Charles,Leclerc,ferrari,Ferrari,13,1:43.656,1:42.996,
2020,7,Belgian Grand Prix,spa,Circuit de Spa-Francorchamps,vettel,Sebastian,Vettel,ferrari,Ferrari,14,1:43.567,1:43.261,
2020,7,Belgian Grand Prix,spa,Circuit de Spa-Francorchamps,russell,George,Russell,williams,Williams,15,1:43.630,1:43.468,
2020,7,Belgian Grand Prix,spa,Circuit de Spa-Francorchamps,raikkonen,Kimi,Räikkönen,alfa,Alfa Romeo,16,1:43.743,,
2020,7,Belgian Grand Prix,spa,Circuit de Spa-Francorchamps,grosjean,Romain,Grosjean,haas,Haas F1 Team,17,1:43.838,,
2020,7,Belgian Grand Prix,spa,Circuit de Spa-Francorchamps,giovinazzi,Antonio,Giovinazzi,alfa,Alfa Romeo,18,1:43.950,,
2020,7,Belgian Grand Prix,spa,Circuit de Spa-Francorchamps,latifi,Nicholas,Latifi,williams,Williams,19,1:44.138,,
2020,7,Belgian Grand Prix,spa,Circuit de Spa-Francorchamps,kevin_magnussen,Kevin,Magnussen,haas,Haas F1 Team,20,1:44.314,,
2020,8,Italian Grand Prix,monza,Autodromo Nazionale di Monza,hamilton,Lewis,Hamilton,mercedes,Mercedes,1,1:19.514,1:19.092,1:18.887
2020,8,Italian Grand Prix,monza,Autodromo Nazionale di Monza,bottas,Valtteri,Bottas,mercedes,Mercedes,2,1:19.786,1:18.952,1:18.956
2020,8,Italian Grand Prix,monza,Autodromo Nazionale di Monza,sainz,Carlos,Sainz,mclaren,McLaren,3,1:20.099,1:19.705,1:19.695
2020,8,Italian Grand Prix,monza,Autodromo Nazionale di Monza,perez,Sergio,Pérez,racing_point,Racing Point,4,1:20.048,1:19.718,1:19.720
2020,8,Italian Grand Prix,monza,Autodromo Nazionale di Monza,max_verstappen,Max,Verstappen,red_bull,Red Bull,5,1:20.193,1:19.780,1:19.795
2020,8,Italian Grand Prix,monza,Autodromo Nazionale di Monza,norris,Lando,Norris,mclaren,McLaren,6,1:20.344,1:19.962,1:19.820
2020,8,Italian Grand Prix,monza,Autodromo Nazionale di Monza,ricciardo,Daniel,Ricciardo,renault,Renault,7,1:20.548,1:20.031,1:19.864
2020,8,Italian Grand Prix,monza,Autodromo Nazionale di Monza,stroll,Lance,Stroll,racing_point,Racing Point,8,1:20.400,1:19.924,1:20.049
2020,8,Italian Grand Prix,monza,Autodromo Nazionale di Monza,albon,Alexander,Albon,red_bull,Red Bull,9,1:21.104,1:20.064,1:20.090
2020,8,Italian Grand Prix,monza,Autodromo Nazionale di Monza,gasly,Pierre,Gasly,alphatauri,AlphaTauri,10,1:20.145,1:19.909,1:20.177
2020,8,Italian Grand Prix,monza,Autodromo Nazionale di Monza,kvyat,Daniil,Kvyat,alphatauri,AlphaTauri,11,1:20.307,1:20.169,
2020,8,Italian Grand Prix,monza,Autodromo Nazionale di Monza,ocon,Esteban,Ocon,renault,Renault,12,1:20.747,1:20.234,
2020,8,Italian Grand Prix,monza,Autodromo Nazionale di Monza,leclerc,Charles,Leclerc,ferrari,Ferrari,13,1:20.443,1:20.273,
2020,8,Italian Grand Prix,monza,Autodromo Nazionale di Monza,raikkonen,Kimi,Räikkönen,alfa,Alfa Romeo,14,1:21.010,1:20.926,
2020,8,Italian Grand Prix,monza,Autodromo Nazionale di Monza,kevin_magnussen,Kevin,Magnussen,haas,Haas F1 Team,15,1:20.869,1:21.573,
2020,8,Italian Grand Prix,monza,Autodromo Nazionale di Monza,grosjean,Romain,Grosjean,haas,Haas F1 Team,16,1:21.139,,
2020,8,Italian Grand Prix,monza,Autodromo Nazionale di Monza,vettel,Sebastian,Vettel,ferrari,Ferrari,17,1:21.151,,
2020,8,Italian Grand Prix,monza,Autodromo Nazionale di Monza,giovinazzi,Antonio,Giovinazzi,alfa,Alfa Romeo,18,1:21.206,,
2020,8,Italian Grand Prix,monza,Autodromo Nazionale di Monza,russell,George,Russell,williams,Williams,19,1:21.587,,
2020,8,Italian Grand Prix,monza,Autodromo Nazionale di Monza,latifi,Nicholas,Latifi,williams,Williams,20,1:21.717,,
2020,9,Tuscan Grand Prix,mugello,Autodromo Internazionale del Mugello,hamilton,Lewis,Hamilton,mercedes,Mercedes,1,1:15.778,1:15.309,1:15.144
2020,9,Tuscan Grand Prix,mugello,Autodromo Internazionale del Mugello,bottas,Valtteri,Bottas,mercedes,Mercedes,2,1:15.749,1:15.322,1:15.203
2020,9,Tuscan Grand Prix,mugello,Autodromo Internazionale del Mugello,max_verstappen,Max,Verstappen,red_bull,Red Bull,3,1:16.335,1:15.471,1:15.509
2020,9,Tuscan Grand Prix,mugello,Autodromo Internazionale del Mugello,albon,Alexander,Albon,red_bull,Red Bull,4,1:16.527,1:15.914,1:15.954
2020,9,Tuscan Grand Prix,mugello,Autodromo Internazionale del Mugello,leclerc,Charles,Leclerc,ferrari,Ferrari,5,1:16.698,1:16.324,1:16.270
2020,9,Tuscan Grand Prix,mugello,Autodromo Internazionale del Mugello,perez,Sergio,Pérez,racing_point,Racing Point,6,1:16.596,1:16.489,1:16.311
2020,9,Tuscan Grand Prix,mugello,Autodromo Internazionale del Mugello,stroll,Lance,Stroll,racing_point,Racing Point,7,1:16.701,1:16.271,1:16.356
2020,9,Tuscan Grand Prix,mugello,Autodromo Internazionale del Mugello,ricciardo,Daniel,Ricciardo,renault,Renault,8,1:16.981,1:16.243,1:16.543
2020,9,Tuscan Grand Prix,mugello,Autodromo Internazionale del Mugello,sainz,Carlos,Sainz,mclaren,McLaren,9,1:16.993,1:16.522,1:17.870
2020,9,Tuscan Grand Prix,mugello,Autodromo Internazionale del Mugello,ocon,Esteban,Ocon,renault,Renault,10,1:16.825,1:16.297,
2020,9,Tuscan Grand Prix,mugello,Autodromo Internazionale del Mugello,norris,Lando,Norris,mclaren,McLaren,11,1:16.895,1:16.640,
2020,9,Tuscan Grand Prix,mugello,Autodromo Internazionale del Mugello,kvyat,Daniil,Kvyat,alphatauri,AlphaTauri,12,1:16.928,1:16.854,
2020,9,Tuscan Grand Prix,mugello,Autodromo Internazionale del Mugello,raikkonen,Kimi,Räikkönen,alfa,Alfa Romeo,13,1:17.059,1:16.854,
2020,9,Tuscan Grand Prix,mugello,Autodromo Internazionale del Mugello,vettel,Sebastian,Vettel,ferrari,Ferrari,14,1:17.072,1:16.858,
2020,9,Tuscan Grand Prix,mugello,Autodromo Internazionale del Mugello,grosjean,Romain,Grosjean,haas,Haas F1 Team,15,1:17.069,1:17.254,
2020,9,Tuscan Grand Prix,mugello,Autodromo Internazionale del Mugello,gasly,Pierre,Gasly,alphatauri,AlphaTauri,16,1:17.125,,
2020,9,Tuscan Grand Prix,mugello,Autodromo Internazionale del Mugello,giovinazzi,Antonio,Giovinazzi,alfa,Alfa Romeo,17,1:17.220,,
2020,9,Tuscan Grand Prix,mugello,Autodromo Internazionale del Mugello,russell,George,Russell,williams,Williams,18,1:17.232,,
2020,9,Tuscan Grand Prix,mugello,Autodromo Internazionale del Mugello,latifi,Nicholas,Latifi,williams,Williams,19,1:17.320,,
2020,9,Tuscan Grand Prix,mugello,Autodromo Internazionale del Mugello,kevin_magnussen,Kevin,Magnussen,haas,Haas F1 Team,20,1:17.348,,
2020,10,Russian Grand Prix,sochi,Sochi Autodrom,hamilton,Lewis,Hamilton,mercedes,Mercedes,1,1:32.983,1:32.835,1:31.304
2020,10,Russian Grand Prix,sochi,Sochi Autodrom,max_verstappen,Max,Verstappen,red_bull,Red Bull,2,1:33.630,1:33.157,1:31.867
2020,10,Russian Grand Prix,sochi,Sochi Autodrom,bottas,Valtteri,Bottas,mercedes,Mercedes,3,1:32.656,1:32.405,1:31.956
2020,10,Russian Grand Prix,sochi,Sochi Autodrom,perez,Sergio,Pérez,racing_point,Racing Point,4,1:33.704,1:33.038,1:32.317
2020,10,Russian Grand Prix,sochi,Sochi Autodrom,ricciardo,Daniel,Ricciardo,renault,Renault,5,1:33.650,1:32.218,1:32.364
2020,10,Russian Grand Prix,sochi,Sochi Autodrom,sainz,Carlos,Sainz,mclaren,McLaren,6,1:33.967,1:32.757,1:32.550
2020,10,Russian Grand Prix,sochi,Sochi Autodrom,ocon,Esteban,Ocon,renault,Renault,7,1:33.557,1:33.196,1:32.624
2020,10,Russian Grand Prix,sochi,Sochi Autodrom,norris,Lando,Norris,mclaren,McLaren,8,1:33.804,1:33.081,1:32.847
2020,10,Russian Grand Prix,sochi,Sochi Autodrom,gasly,Pierre,Gasly,alphatauri,AlphaTauri,9,1:33.734,1:33.139,1:33.000
2020,10,Russian Grand Prix,sochi,Sochi Autodrom,albon,Alexander,Albon,red_bull,Red Bull,10,1:33.919,1:33.153,1:33.008
2020,10,Russian Grand Prix,sochi,Sochi Autodrom,leclerc,Charles,Leclerc,ferrari,Ferrari,11,1:34.071,1:33.239,
2020,10,Russian Grand Prix,sochi,Sochi Autodrom,kvyat,Daniil,Kvyat,alphatauri,AlphaTauri,12,1:33.511,1:33.249,
2020,10,Russian Grand Prix,sochi,Sochi Autodrom,stroll,Lance,Stroll,racing_point,Racing Point,13,1:33.852,1:33.364,
2020,10,Russian Grand Prix,sochi,Sochi Autodrom,russell,George,Russell,williams,Williams,14,1:34.020,1:33.583,
2020,10,Russian Grand Prix,sochi,Sochi Autodrom,vettel,Sebastian,Vettel,ferrari,Ferrari,15,1:34.134,1:33.609,
2020,10,Russian Grand Prix,sochi,Sochi Autodrom,grosjean,Romain,Grosjean,haas,Haas F1 Team,16,1:34.592,,
2020,10,Russian Grand Prix,sochi,Sochi Autodrom,giovinazzi,Antonio,Giovinazzi,alfa,Alfa Romeo,17,1:34.594,,
2020,10,Russian Grand Prix,sochi,Sochi Autodrom,kevin_magnussen,Kevin,Magnussen,haas,Haas F1 Team,18,1:34.681,,
2020,10,Russian Grand Prix,sochi,Sochi Autodrom,latifi,Nicholas,Latifi,williams,Williams,19,1:35.066,,
2020,10,Russian Grand Prix,sochi,Sochi Autodrom,raikkonen,Kimi,Räikkönen,alfa,Alfa Romeo,20,1:35.267,,
2020,11,Eifel Grand Prix,nurburgring,Nürburgring,bottas,Valtteri,Bottas,mercedes,Mercedes,1,1:26.573,1:25.971,1:25.269
2020,11,Eifel Grand Prix,nurburgring,Nürburgring,hamilton,Lewis,Hamilton,mercedes,Mercedes,2,1:26.620,1:25.390,1:25.525
2020,11,Eifel Grand Prix,nurburgring,Nürburgring,max_verstappen,Max,Verstappen,red_bull,Red Bull,3,1:26.319,1:25.467,1:25.562
2020,11,Eifel Grand Prix,nurburgring,Nürburgring,leclerc,Charles,Leclerc,ferrari,Ferrari,4,1:26.857,1:26.240,1:26.035
2020,11,Eifel Grand Prix,nurburgring,Nürburgring,albon,Alexander,Albon,red_bull,Red Bull,5,1:27.126,1:26.285,1:26.047
2020,11,Eifel Grand Prix,nurburgring,Nürburgring,ricciardo,Daniel,Ricciardo,renault,Renault,6,1:26.836,1:26.096,1:26.223
2020,11,Eifel Grand Prix,nurburgring,Nürburgring,ocon,Esteban,Ocon,renault,Renault,7,1:27.086,1:26.364,1:26.242
2020,11,Eifel Grand Prix,nurburgring,Nürburgring,norris,Lando,Norris,mclaren,McLaren,8,1:26.829,1:26.316,1:26.458
2020,11,Eifel Grand Prix,nurburgring,Nürburgring,perez,Sergio,Pérez,racing_point,Racing Point,9,1:27.120,1:26.330,1:26.704
2020,11,Eifel Grand Prix,nurburgring,Nürburgring,sainz,Carlos,Sainz,mclaren,McLaren,10,1:27.378,1:26.361,1:26.709
2020,11,Eifel Grand Prix,nurburgring,Nürburgring,vettel,Sebastian,Vettel,ferrari,Ferrari,11,1:27.107,1:26.738,
2020,11,Eifel Grand Prix,nurburgring,Nürburgring,gasly,Pierre,Gasly,alphatauri,AlphaTauri,12,1:27.072,1:26.776,
2020,11,Eifel Grand Prix,nurburgring,Nürburgring,kvyat,Daniil,Kvyat,alphatauri,AlphaTauri,13,1:27.285,1:26.848,
2020,11,Eifel Grand Prix,nurburgring,Nürburgring,giovinazzi,Antonio,Giovinazzi,alfa,Alfa Romeo,14,1:27.532,1:26.936,
2020,11,Eifel Grand Prix,nurburgring,Nürburgring,kevin_magnussen,Kevin,Magnussen,haas,Haas F1 Team,15,1:27.231,1:27.125,
2020,11,Eifel Grand Prix,nurburgring,Nürburgring,grosjean,Romain,Grosjean,haas,Haas F1 Team,16,1:27.552,,
2020,11,Eifel Grand Prix,nurburgring,Nürburgring,russell,George,Russell,williams,Williams,17,1:27.564,,
2020,11,Eifel Grand Prix,nurburgring,Nürburgring,latifi,Nicholas,Latifi,williams,Williams,18,1:27.812,,
2020,11,Eifel Grand Prix,nurburgring,Nürburgring,raikkonen,Kimi,Räikkönen,alfa,Alfa Romeo,19,1:27.817,,
2020,11,Eifel Grand Prix,nurburgring,Nürburgring,hulkenberg,Nico,Hülkenberg,racing_point,Racing Point,20,1:28.021,,
2020,12,Portuguese Grand Prix,portimao,Autódromo Internacional do Algarve,hamilton,Lewis,Hamilton,mercedes,Mercedes,1,1:16.828,1:16.824,1:16.652
2020,12,Portuguese Grand Prix,portimao,Autódromo Internacional do Algarve,bottas,Valtteri,Bottas,mercedes,Mercedes,2,1:16.945,1:16.466,1:16.754
2020,12,Portuguese Grand Prix,portimao,Autódromo Internacional do Algarve,max_verstappen,Max,Verstappen,red_bull,Red Bull,3,1:16.879,1:17.038,1:16.904
2020,12,Portuguese Grand Prix,portimao,Autódromo Internacional do Algarve,leclerc,Charles,Leclerc,ferrari,Ferrari,4,1:17.421,1:17.367,1:17.090
2020,12,Portuguese Grand Prix,portimao,Autódromo Internacional do Algarve,perez,Sergio,Pérez,racing_point,Racing Point,5,1:17.370,1:17.129,1:17.223
2020,12,Portuguese Grand Prix,portimao,Autódromo Internacional do Algarve,albon,Alexander,Albon,red_bull,Red Bull,6,1:17.435,1:17.411,1:17.437
2020,12,Portuguese Grand Prix,portimao,Autódromo Internacional do Algarve,sainz,Carlos,Sainz,mclaren,McLaren,7,1:17.627,1:17.183,1:17.520
2020,12,Portuguese Grand Prix,portimao,Autódromo Internacional do Algarve,norris,Lando,Norris,mclaren,McLaren,8,1:17.547,1:17.321,1:17.525
2020,12,Portuguese Grand Prix,portimao,Autódromo Internacional do Algarve,gasly,Pierre,Gasly,alphatauri,AlphaTauri,9,1:17.209,1:17.367,1:17.803
2020,12,Portuguese Grand Prix,portimao,Autódromo Internacional do Algarve,ricciardo,Daniel,Ricciardo,renault,Renault,10,1:17.621,1:17.481,
2020,12,Portuguese Grand Prix,portimao,Autódromo Internacional do Algarve,ocon,Esteban,Ocon,renault,Renault,11,1:17.775,1:17.614,
2020,12,Portuguese Grand Prix,portimao,Autódromo Internacional do Algarve,stroll,Lance,Stroll,racing_point,Racing Point,12,1:17.667,1:17.626,
2020,12,Portuguese Grand Prix,portimao,Autódromo Internacional do Algarve,kvyat,Daniil,Kvyat,alphatauri,AlphaTauri,13,1:17.841,1:17.728,
2020,12,Portuguese Grand Prix,portimao,Autódromo Internacional do Algarve,russell,George,Russell,williams,Williams,14,1:17.931,1:17.788,
2020,12,Portuguese Grand Prix,portimao,Autódromo Internacional do Algarve,vettel,Sebastian,Vettel,ferrari,Ferrari,15,1:17.446,1:17.919,
2020,12,Portuguese Grand Prix,portimao,Autódromo Internacional do Algarve,raikkonen,Kimi,Räikkönen,alfa,Alfa Romeo,16,1:18.201,,
2020,12,Portuguese Grand Prix,portimao,Autódromo Internacional do Algarve,giovinazzi,Antonio,Giovinazzi,alfa,Alfa Romeo,17,1:18.323,,
2020,12,Portuguese Grand Prix,portimao,Autódromo Internacional do Algarve,grosjean,Romain,Grosjean,haas,Haas F1 Team,18,1:18.364,,
2020,12,Portuguese Grand Prix,portimao,Autódromo Internacional do Algarve,kevin_magnussen,Kevin,Magnussen,haas,Haas F1 Team,19,1:18.508,,
2020,12,Portuguese Grand Prix,portimao,Autódromo Internacional do Algarve,latifi,Nicholas,Latifi,williams,Williams,20,1:18.777,,
2020,13,Emilia Romagna Grand Prix,imola,Autodromo Enzo e Dino Ferrari,bottas,Valtteri,Bottas,mercedes,Mercedes,1,1:14.221,1:14.585,1:13.609
2020,13,Emilia Romagna Grand Prix,imola,Autodromo Enzo e Dino Ferrari,hamilton,Lewis,Hamilton,mercedes,Mercedes,2,1:14.229,1:14.643,1:13.706
2020,13,Emilia Romagna Grand Prix,imola,Autodromo Enzo e Dino Ferrari,max_verstappen,Max,Verstappen,red_bull,Red Bull,3,1:15.034,1:14.974,1:14.176
2020,13,Emilia Romagna Grand Prix,imola,Autodromo Enzo e Dino Ferrari,gasly,Pierre,Gasly,alphatauri,AlphaTauri,4,1:15.183,1:14.681,1:14.502
2020,13,Emilia Romagna Grand Prix,imola,Autodromo Enzo e Dino Ferrari,ricciardo,Daniel,Ricciardo,renault,Renault,5,1:15.474,1:14.953,1:14.520
2020,13,Emilia Romagna Grand Prix,imola,Autodromo Enzo e Dino Ferrari,albon,Alexander,Albon,red_bull,Red Bull,6,1:15.402,1:14.745,1:14.572
2020,13,Emilia Romagna Grand Prix,imola,Autodromo Enzo e Dino Ferrari,leclerc,Charles,Leclerc,ferrari,Ferrari,7,1:15.123,1:15.017,1:14.616
2020,13,Emilia Romagna Grand Prix,imola,Autodromo Enzo e Dino Ferrari,kvyat,Daniil,Kvyat,alphatauri,AlphaTauri,8,1:15.412,1:15.022,1:14.696
2020,13,Emilia Romagna Grand Prix,imola,Autodromo Enzo e Dino Ferrari,norris,Lando,Norris,mclaren,McLaren,9,1:15.274,1:15.051,1:14.814
2020,13,Emilia Romagna Grand Prix,imola,Autodromo Enzo e Dino Ferrari,sainz,Carlos,Sainz,mclaren,McLaren,10,1:15.528,1:15.027,1:14.911
2020,13,Emilia Romagna Grand Prix,imola,Autodromo Enzo e Dino Ferrari,perez,Sergio,Pérez,racing_point,Racing Point,11,1:15.407,1:15.061,
2020,13,Emilia Romagna Grand Prix,imola,Autodromo Enzo e Dino Ferrari,ocon,Esteban,Ocon,renault,Renault,12,1:15.352,1:15.201,
2020,13,Emilia Romagna Grand Prix,imola,Autodromo Enzo e Dino Ferrari,russell,George,Russell,williams,Williams,13,1:15.760,1:15.323,
2020,13,Emilia Romagna Grand Prix,imola,Autodromo Enzo e Dino Ferrari,vettel,Sebastian,Vettel,ferrari,Ferrari,14,1:15.571,1:15.385,
2020,13,Emilia Romagna Grand Prix,imola,Autodromo Enzo e Dino Ferrari,stroll,Lance,Stroll,racing_point,Racing Point,15,1:15.822,1:15.494,
2020,13,Emilia Romagna Grand Prix,imola,Autodromo Enzo e Dino Ferrari,grosjean,Romain,Grosjean,haas,Haas F1 Team,16,1:15.918,,
2020,13,Emilia Romagna Grand Prix,imola,Autodromo Enzo e Dino Ferrari,kevin_magnussen,Kevin,Magnussen,haas,Haas F1 Team,17,1:15.939,,
2020,13,Emilia Romagna Grand Prix,imola,Autodromo Enzo e Dino Ferrari,raikkonen,Kimi,Räikkönen,alfa,Alfa Romeo,18,1:15.953,,
2020,13,Emilia Romagna Grand Prix,imola,Autodromo Enzo e Dino Ferrari,latifi,Nicholas,Latifi,williams,Williams,19,1:15.987,,
2020,13,Emilia Romagna Grand Prix,imola,Autodromo Enzo e Dino Ferrari,giovinazzi,Antonio,Giovinazzi,alfa,Alfa Romeo,20,1:16.208,,
2020,14,Turkish Grand Prix,istanbul,Istanbul Park,stroll,Lance,Stroll,racing_point,Racing Point,1,2:07.467,1:53.372,1:47.765
2020,14,Turkish Grand Prix,istanbul,Istanbul Park,max_verstappen,Max,Verstappen,red_bull,Red Bull,2,1:57.485,1:50.293,1:48.055
2020,14,Turkish Grand Prix,istanbul,Istanbul Park,perez,Sergio,Pérez,racing_point,Racing Point,3,2:07.614,1:54.097,1:49.321
2020,14,Turkish Grand Prix,istanbul,Istanbul Park,albon,Alexander,Albon,red_bull,Red Bull,4,1:59.431,1:52.282,1:50.448
2020,14,Turkish Grand Prix,istanbul,Istanbul Park,ricciardo,Daniel,Ricciardo,renault,Renault,5,2:05.598,1:54.278,1:51.595
2020,14,Turkish Grand Prix,istanbul,Istanbul Park,hamilton,Lewis,Hamilton,mercedes,Mercedes,6,2:07.599,1:52.709,1:52.560
2020,14,Turkish Grand Prix,istanbul,Istanbul Park,ocon,Esteban,Ocon,renault,Renault,7,2:06.115,1:53.657,1:52.622
2020,14,Turkish Grand Prix,istanbul,Istanbul Park,raikkonen,Kimi,Räikkönen,alfa,Alfa Romeo,8,2:01.249,1:53.793,1:52.745
2020,14,Turkish Grand Prix,istanbul,Istanbul Park,bottas,Valtteri,Bottas,mercedes,Mercedes,9,2:07.001,1:53.767,1:53.258
2020,14,Turkish Grand Prix,istanbul,Istanbul Park,giovinazzi,Antonio,Giovinazzi,alfa,Alfa Romeo,10,2:07.341,1:53.431,1:57.226
2020,14,Turkish Grand Prix,istanbul,Istanbul Park,norris,Lando,Norris,mclaren,McLaren,11,2:07.167,1:54.945,
2020,14,Turkish Grand Prix,istanbul,Istanbul Park,vettel,Sebastian,Vettel,ferrari,Ferrari,12,2:03.356,1:55.169,
2020,14,Turkish Grand Prix,istanbul,Istanbul Park,sainz,Carlos,Sainz,mclaren,McLaren,13,2:07.489,1:55.410,
2020,14,Turkish Grand Prix,istanbul,Istanbul Park,leclerc,Charles,Leclerc,ferrari,Ferrari,14,2:04.464,1:56.696,
2020,14,Turkish Grand Prix,istanbul,Istanbul Park,gasly,Pierre,Gasly,alphatauri,AlphaTauri,15,2:05.579,1:58.556,
2020,14,Turkish Grand Prix,istanbul,Istanbul Park,kevin_magnussen,Kevin,Magnussen,haas,Haas F1 Team,16,2:08.007,,
2020,14,Turkish Grand Prix,istanbul,Istanbul Park,kvyat,Daniil,Kvyat,alphatauri,AlphaTauri,17,2:09.070,,
2020,14,Turkish Grand Prix,istanbul,Istanbul Park,russell,George,Russell,williams,Williams,18,2:10.017,,
2020,14,Turkish Grand Prix,istanbul,Istanbul Park,grosjean,Romain,Grosjean,haas,Haas F1 Team,19,2:12.909,,
2020,14,Turkish Grand Prix,istanbul,Istanbul Park,latifi,Nicholas,Latifi,williams,Williams,20,2:21.611,,
2020,15,Bahrain Grand Prix,bahrain,Bahrain International Circuit,hamilton,Lewis,Hamilton,mercedes,Mercedes,1,1:28.343,1:27.586,1:27.264
2020,15,Bahrain Grand Prix,bahrain,Bahrain International Circuit,bottas,Valtteri,Bottas,mercedes,Mercedes,2,1:28.767,1:28.063,1:27.553
2020,15,Bahrain Grand Prix,bahrain,Bahrain International Circuit,max_verstappen,Max,Verstappen,red_bull,Red Bull,3,1:28.885,1:28.025,1:27.678
2020,15,Bahrain Grand Prix,bahrain,Bahrain International Circuit,albon,Alexander,Albon,red_bull,Red Bull,4,1:28.732,1:28.749,1:28.274
2020,15,Bahrain Grand Prix,bahrain,Bahrain International Circuit,perez,Sergio,Pérez,racing_point,Racing Point,5,1:29.178,1:28.894,1:28.322
2020,15,Bahrain Grand Prix,bahrain,Bahrain International Circuit,ricciardo,Daniel,Ricciardo,renault,Renault,6,1:29.005,1:28.648,1:28.417
2020,15,Bahrain Grand Prix,bahrain,Bahrain International Circuit,ocon,Esteban,Ocon,renault,Renault,7,1:29.203,1:28.937,1:28.419
2020,15,Bahrain Grand Prix,bahrain,Bahrain International Circuit,gasly,Pierre,Gasly,alphatauri,AlphaTauri,8,1:28.971,1:29.008,1:28.448
2020,15,Bahrain Grand Prix,bahrain,Bahrain International Circuit,norris,Lando,Norris,mclaren,McLaren,9,1:29.464,1:28.877,1:28.542
2020,15,Bahrain Grand Prix,bahrain,Bahrain International Circuit,kvyat,Daniil,Kvyat,alphatauri,AlphaTauri,10,1:29.158,1:28.944,1:28.618
2020,15,Bahrain Grand Prix,bahrain,Bahrain International Circuit,vettel,Sebastian,Vettel,ferrari,Ferrari,11,1:29.142,1:29.149,
2020,15,Bahrain Grand Prix,bahrain,Bahrain International Circuit,leclerc,Charles,Leclerc,ferrari,Ferrari,12,1:29.137,1:29.165,
2020,15,Bahrain Grand Prix,bahrain,Bahrain International Circuit,stroll,Lance,Stroll,racing_point,Racing Point,13,1:28.679,1:29.557,
2020,15,Bahrain Grand Prix,bahrain,Bahrain International Circuit,russell,George,Russell,williams,Williams,14,1:29.294,1:31.218,
2020,15,Bahrain Grand Prix,bahrain,Bahrain International Circuit,sainz,Carlos,Sainz,mclaren,McLaren,15,1:28.975,,
2020,15,Bahrain Grand Prix,bahrain,Bahrain International Circuit,giovinazzi,Antonio,Giovinazzi,alfa,Alfa Romeo,16,1:29.491,,
2020,15,Bahrain Grand Prix,bahrain,Bahrain International Circuit,raikkonen,Kimi,Räikkönen,alfa,Alfa Romeo,17,1:29.810,,
2020,15,Bahrain Grand Prix,bahrain,Bahrain International Circuit,kevin_magnussen,Kevin,Magnussen,haas,Haas F1 Team,18,1:30.111,,
2020,15,Bahrain Grand Prix,bahrain,Bahrain International Circuit,grosjean,Romain,Grosjean,haas,Haas F1 Team,19,1:30.138,,
2020,15,Bahrain Grand Prix,bahrain,Bahrain International Circuit,latifi,Nicholas,Latifi,williams,Williams,20,1:30.182,,
2020,16,Sakhir Grand Prix,bahrain,Bahrain International Circuit,bottas,Valtteri,Bottas,mercedes,Mercedes,1,53.904,53.803,53.377
2020,16,Sakhir Grand Prix,bahrain,Bahrain International Circuit,russell,George,Russell,mercedes,Mercedes,2,54.160,53.819,53.403
2020,16,Sakhir Grand Prix,bahrain,Bahrain International Circuit,max_verstappen,Max,Verstappen,red_bull,Red Bull,3,54.037,53.647,53.433
2020,16,Sakhir Grand Prix,bahrain,Bahrain International Circuit,leclerc,Charles,Leclerc,ferrari,Ferrari,4,54.249,53.825,53.613
2020,16,Sakhir Grand Prix,bahrain,Bahrain International Circuit,perez,Sergio,Pérez,racing_point,Racing Point,5,54.236,53.787,53.790
2020,16,Sakhir Grand Prix,bahrain,Bahrain International Circuit,kvyat,Daniil,Kvyat,alphatauri,AlphaTauri,6,54.346,53.856,53.906
2020,16,Sakhir Grand Prix,bahrain,Bahrain International Circuit,ricciardo,Daniel,Ricciardo,renault,Renault,7,54.388,53.871,53.957
2020,16,Sakhir Grand Prix,bahrain,Bahrain International Circuit,sainz,Carlos,Sainz,mclaren,McLaren,8,54.450,53.818,54.010
2020,16,Sakhir Grand Prix,bahrain,Bahrain International Circuit,gasly,Pierre,Gasly,alphatauri,AlphaTauri,9,54.207,53.941,54.154
2020,16,Sakhir Grand Prix,bahrain,Bahrain International Circuit,stroll,Lance,Stroll,racing_point,Racing Point,10,54.595,53.840,54.200
2020,16,Sakhir Grand Prix,bahrain,Bahrain International Circuit,ocon,Esteban,Ocon,renault,Renault,11,54.309,53.995,
2020,16,Sakhir Grand Prix,bahrain,Bahrain International Circuit,albon,Alexander,Albon,red_bull,Red Bull,12,54.620,54.026,
2020,16,Sakhir Grand Prix,bahrain,Bahrain International Circuit,vettel,Sebastian,Vettel,ferrari,Ferrari,13,54.301,54.175,
2020,16,Sakhir Grand Prix,bahrain,Bahrain International Circuit,giovinazzi,Antonio,Giovinazzi,alfa,Alfa Romeo,14,54.523,54.377,
2020,16,Sakhir Grand Prix,bahrain,Bahrain International Circuit,norris,Lando,Norris,mclaren,McLaren,15,54.194,54.693,
2020,16,Sakhir Grand Prix,bahrain,Bahrain International Circuit,kevin_magnussen,Kevin,Magnussen,haas,Haas F1 Team,16,54.705,,
2020,16,Sakhir Grand Prix,bahrain,Bahrain International Circuit,latifi,Nicholas,Latifi,williams,Williams,17,54.796,,
2020,16,Sakhir Grand Prix,bahrain,Bahrain International Circuit,aitken,Jack,Aitken,williams,Williams,18,54.892,,
2020,16,Sakhir Grand Prix,bahrain,Bahrain International Circuit,raikkonen,Kimi,Räikkönen,alfa,Alfa Romeo,19,54.963,,
2020,16,Sakhir Grand Prix,bahrain,Bahrain International Circuit,pietro_fittipaldi,Pietro,Fittipaldi,haas,Haas F1 Team,20,55.426,,
2020,17,Abu Dhabi Grand Prix,yas_marina,Yas Marina Circuit,max_verstappen,Max,Verstappen,red_bull,Red Bull,1,1:35.993,1:35.641,1:35.246
2020,17,Abu Dhabi Grand Prix,yas_marina,Yas Marina Circuit,bottas,Valtteri,Bottas,mercedes,Mercedes,2,1:35.699,1:35.527,1:35.271
2020,17,Abu Dhabi Grand Prix,yas_marina,Yas Marina Circuit,hamilton,Lewis,Hamilton,mercedes,Mercedes,3,1:35.528,1:35.466,1:35.332
2020,17,Abu Dhabi Grand Prix,yas_marina,Yas Marina Circuit,norris,Lando,Norris,mclaren,McLaren,4,1:36.016,1:35.849,1:35.497
2020,17,Abu Dhabi Grand Prix,yas_marina,Yas Marina Circuit,albon,Alexander,Albon,red_bull,Red Bull,5,1:36.106,1:35.654,1:35.571
2020,17,Abu Dhabi Grand Prix,yas_marina,Yas Marina Circuit,sainz,Carlos,Sainz,mclaren,McLaren,6,1:36.517,1:36.192,1:35.815
2020,17,Abu Dhabi Grand Prix,yas_marina,Yas Marina Circuit,kvyat,Daniil,Kvyat,alphatauri,AlphaTauri,7,1:36.459,1:36.214,1:35.963
2020,17,Abu Dhabi Grand Prix,yas_marina,Yas Marina Circuit,stroll,Lance,Stroll,racing_point,Racing Point,8,1:36.502,1:36.143,1:36.046
2020,17,Abu Dhabi Grand Prix,yas_marina,Yas Marina Circuit,leclerc,Charles,Leclerc,ferrari,Ferrari,9,1:35.881,1:35.932,1:36.065
2020,17,Abu Dhabi Grand Prix,yas_marina,Yas Marina Circuit,gasly,Pierre,Gasly,alphatauri,AlphaTauri,10,1:36.545,1:36.282,1:36.242
2020,17,Abu Dhabi Grand Prix,yas_marina,Yas Marina Circuit,ocon,Esteban,Ocon,renault,Renault,11,1:36.783,1:36.359,
2020,17,Abu Dhabi Grand Prix,yas_marina,Yas Marina Circuit,ricciardo,Daniel,Ricciardo,renault,Renault,12,1:36.704,1:36.406,
2020,17,Abu Dhabi Grand Prix,yas_marina,Yas Marina Circuit,vettel,Sebastian,Vettel,ferrari,Ferrari,13,1:36.655,1:36.631,
2020,17,Abu Dhabi Grand Prix,yas_marina,Yas Marina Circuit,giovinazzi,Antonio,Giovinazzi,alfa,Alfa Romeo,14,1:37.075,1:38.248,
2020,17,Abu Dhabi Grand Prix,yas_marina,Yas Marina Circuit,perez,Sergio,Pérez,racing_point,Racing Point,15,1:36.034,,
2020,17,Abu Dhabi Grand Prix,yas_marina,Yas Marina Circuit,raikkonen,Kimi,Räikkönen,alfa,Alfa Romeo,16,1:37.555,,
2020,17,Abu Dhabi Grand Prix,yas_marina,Yas Marina Circuit,kevin_magnussen,Kevin,Magnussen,haas,Haas F1 Team,17,1:37.863,,
2020,17,Abu Dhabi Grand Prix,yas_marina,Yas Marina Circuit,russell,George,Russell,williams,Williams,18,1:38.045,,
2020,17,Abu Dhabi Grand Prix,yas_marina,Yas Marina Circuit,pietro_fittipaldi,Pietro,Fittipaldi,haas,Haas F1 Team,19,1:38.173,,
2020,17,Abu Dhabi Grand Prix,yas_marina,Yas Marina Circuit,latifi,Nicholas,Latifi,williams,Williams,20,1:38.443,,
2021,1,Bahrain Grand Prix,bahrain,Bahrain International Circuit,max_verstappen,Max,Verstappen,red_bull,Red Bull,1,1:30.499,1:30.318,1:28.997
2021,1,Bahrain Grand Prix,bahrain,Bahrain International Circuit,hamilton,Lewis,Hamilton,mercedes,Mercedes,2,1:30.617,1:30.085,1:29.385
2021,1,Bahrain Grand Prix,bahrain,Bahrain International Circuit,bottas,Valtteri,Bottas,mercedes,Mercedes,3,1:31.200,1:30.186,1:29.586
2021,1,Bahrain Grand Prix,bahrain,Bahrain International Circuit,leclerc,Charles,Leclerc,ferrari,Ferrari,4,1:30.691,1:30.010,1:29.678
2021,1,Bahrain Grand Prix,bahrain,Bahrain International Circuit,gasly,Pierre,Gasly,alphatauri,AlphaTauri,5,1:30.848,1:30.513,1:29.809
2021,1,Bahrain Grand Prix,bahrain,Bahrain International Circuit,ricciardo,Daniel,Ricciardo,mclaren,McLaren,6,1:30.795,1:30.222,1:29.927
2021,1,Bahrain Grand Prix,bahrain,Bahrain International Circuit,norris,Lando,Norris,mclaren,McLaren,7,1:30.902,1:30.099,1:29.974
2021,1,Bahrain Grand Prix,bahrain,Bahrain International Circuit,sainz,Carlos,Sainz,ferrari,Ferrari,8,1:31.653,1:30.009,1:30.215
2021,1,Bahrain Grand Prix,bahrain,Bahrain International Circuit,alonso,Fernando,Alonso,alpine,Alpine F1 Team,9,1:30.863,1:30.595,1:30.249
2021,1,Bahrain Grand Prix,bahrain,Bahrain International Circuit,stroll,Lance,Stroll,aston_martin,Aston Martin,10,1:31.261,1:30.624,1:30.601
2021,1,Bahrain Grand Prix,bahrain,Bahrain International Circuit,perez,Sergio,Pérez,red_bull,Red Bull,11,1:31.165,1:30.659,
2021,1,Bahrain Grand Prix,bahrain,Bahrain International Circuit,giovinazzi,Antonio,Giovinazzi,alfa,Alfa Romeo,12,1:30.998,1:30.708,
2021,1,Bahrain Grand Prix,bahrain,Bahrain International Circuit,tsunoda,Yuki,Tsunoda,alphatauri,AlphaTauri,13,1:30.607,1:31.203,
2021,1,Bahrain Grand Prix,bahrain,Bahrain International Circuit,raikkonen,Kimi,Räikkönen,alfa,Alfa Romeo,14,1:31.547,1:31.238,
2021,1,Bahrain Grand Prix,bahrain,Bahrain International Circuit,russell,George,Russell,williams,Williams,15,1:31.316,1:33.430,
2021,1,Bahrain Grand Prix,bahrain,Bahrain International Circuit,ocon,Esteban,Ocon,alpine,Alpine F1 Team,16,1:31.724,,
2021,1,Bahrain Grand Prix,bahrain,Bahrain International Circuit,latifi,Nicholas,Latifi,williams,Williams,17,1:31.936,,
2021,1,Bahrain Grand Prix,bahrain,Bahrain International Circuit,vettel,Sebastian,Vettel,aston_martin,Aston Martin,18,1:32.056,,
2021,1,Bahrain Grand Prix,bahrain,Bahrain International Circuit,mick_schumacher,Mick,Schumacher,haas,Haas F1 Team,19,1:32.449,,
2021,1,Bahrain Grand Prix,bahrain,Bahrain International Circuit,mazepin,Nikita,Mazepin,haas,Haas F1 Team,20,1:33.273,,
2021,2,Emilia Romagna Grand Prix,imola,Autodromo Enzo e Dino Ferrari,hamilton,Lewis,Hamilton,mercedes,Mercedes,1,1:14.823,1:14.817,1:14.411
2021,2,Emilia Romagna Grand Prix,imola,Autodromo Enzo e Dino Ferrari,perez,Sergio,Pérez,red_bull,Red Bull,2,1:15.395,1:14.716,1:14.446
2021,2,Emilia Romagna Grand Prix,imola,Autodromo Enzo e Dino Ferrari,max_verstappen,Max,Verstappen,red_bull,Red Bull,3,1:15.109,1:14.884,1:14.498
2021,2,Emilia Romagna Grand Prix,imola,Autodromo Enzo e Dino Ferrari,leclerc,Charles,Leclerc,ferrari,Ferrari,4,1:15.413,1:14.808,1:14.740
2021,2,Emilia Romagna Grand Prix,imola,Autodromo Enzo e Dino Ferrari,gasly,Pierre,Gasly,alphatauri,AlphaTauri,5,1:15.548,1:14.927,1:14.790
2021,2,Emilia Romagna Grand Prix,imola,Autodromo Enzo e Dino Ferrari,ricciardo,Daniel,Ricciardo,mclaren,McLaren,6,1:15.669,1:15.033,1:14.826
2021,2,Emilia Romagna Grand Prix,imola,Autodromo Enzo e Dino Ferrari,norris,Lando,Norris,mclaren,McLaren,7,1:15.009,1:14.718,1:14.875
2021,2,Emilia Romagna Grand Prix,imola,Autodromo Enzo e Dino Ferrari,bottas,Valtteri,Bottas,mercedes,Mercedes,8,1:14.672,1:14.905,1:14.898
2021,2,Emilia Romagna Grand Prix,imola,Autodromo Enzo e Dino Ferrari,ocon,Esteban,Ocon,alpine,Alpine F1 Team,9,1:15.385,1:15.117,1:15.210
2021,2,Emilia Romagna Grand Prix,imola,Autodromo Enzo e Dino Ferrari,stroll,Lance,Stroll,aston_martin,Aston Martin,10,1:15.522,1:15.138,
2021,2,Emilia Romagna Grand Prix,imola,Autodromo Enzo e Dino Ferrari,sainz,Carlos,Sainz,ferrari,Ferrari,11,1:15.406,1:15.199,
2021,2,Emilia Romagna Grand Prix,imola,Autodromo Enzo e Dino Ferrari,russell,George,Russell,williams,Williams,12,1:15.826,1:15.261,
2021,2,Emilia Romagna Grand Prix,imola,Autodromo Enzo e Dino Ferrari,vettel,Sebastian,Vettel,aston_martin,Aston Martin,13,1:15.459,1:15.394,
2021,2,Emilia Romagna Grand Prix,imola,Autodromo Enzo e Dino Ferrari,latifi,Nicholas,Latifi,williams,Williams,14,1:15.653,1:15.593,
2021,2,Emilia Romagna Grand Prix,imola,Autodromo Enzo e Dino Ferrari,alonso,Fernando,Alonso,alpine,Alpine F1 Team,15,1:15.832,1:15.593,
2021,2,Emilia Romagna Grand Prix,imola,Autodromo Enzo e Dino Ferrari,raikkonen,Kimi,Räikkönen,alfa,Alfa Romeo,16,1:15.974,,
2021,2,Emilia Romagna Grand Prix,imola,Autodromo Enzo e Dino Ferrari,giovinazzi,Antonio,Giovinazzi,alfa,Alfa Romeo,17,1:16.122,,
2021,2,Emilia Romagna Grand Prix,imola,Autodromo Enzo e Dino Ferrari,mick_schumacher,Mick,Schumacher,haas,Haas F1 Team,18,1:16.279,,
2021,2,Emilia Romagna Grand Prix,imola,Autodromo Enzo e Dino Ferrari,mazepin,Nikita,Mazepin,haas,Haas F1 Team,19,1:16.797,,
2021,2,Emilia Romagna Grand Prix,imola,Autodromo Enzo e Dino Ferrari,tsunoda,Yuki,Tsunoda,alphatauri,AlphaTauri,20,,,
2021,3,Portuguese Grand Prix,portimao,Autódromo Internacional do Algarve,bottas,Valtteri,Bottas,mercedes,Mercedes,1,1:18.722,1:18.458,1:18.348
2021,3,Portuguese Grand Prix,portimao,Autódromo Internacional do Algarve,hamilton,Lewis,Hamilton,mercedes,Mercedes,2,1:18.857,1:17.968,1:18.355
2021,3,Portuguese Grand Prix,portimao,Autódromo Internacional do Algarve,max_verstappen,Max,Verstappen,red_bull,Red Bull,3,1:19.485,1:18.650,1:18.746
2021,3,Portuguese Grand Prix,portimao,Autódromo Internacional do Algarve,perez,Sergio,Pérez,red_bull,Red Bull,4,1:19.337,1:18.845,1:18.890
2021,3,Portuguese Grand Prix,portimao,Autódromo Internacional do Algarve,sainz,Carlos,Sainz,ferrari,Ferrari,5,1:19.309,1:18.813,1:19.039
2021,3,Portuguese Grand Prix,portimao,Autódromo Internacional do Algarve,ocon,Esteban,Ocon,alpine,Alpine F1 Team,6,1:19.092,1:18.586,1:19.042
2021,3,Portuguese Grand Prix,portimao,Autódromo Internacional do Algarve,norris,Lando,Norris,mclaren,McLaren,7,1:18.794,1:18.481,1:19.116
2021,3,Portuguese Grand Prix,portimao,Autódromo Internacional do Algarve,leclerc,Charles,Leclerc,ferrari,Ferrari,8,1:19.373,1:18.769,1:19.306
2021,3,Portuguese Grand Prix,portimao,Autódromo Internacional do Algarve,gasly,Pierre,Gasly,alphatauri,AlphaTauri,9,1:19.464,1:19.052,1:19.475
2021,3,Portuguese Grand Prix,portimao,Autódromo Internacional do Algarve,vettel,Sebastian,Vettel,aston_martin,Aston Martin,10,1:19.403,1:18.970,1:19.659
2021,3,Portuguese Grand Prix,portimao,Autódromo Internacional do Algarve,russell,George,Russell,williams,Williams,11,1:19.797,1:19.109,
2021,3,Portuguese Grand Prix,portimao,Autódromo Internacional do Algarve,giovinazzi,Antonio,Giovinazzi,alfa,Alfa Romeo,12,1:19.410,1:19.216,
2021,3,Portuguese Grand Prix,portimao,Autódromo Internacional do Algarve,alonso,Fernando,Alonso,alpine,Alpine F1 Team,13,1:19.728,1:19.456,
2021,3,Portuguese Grand Prix,portimao,Autódromo Internacional do Algarve,tsunoda,Yuki,Tsunoda,alphatauri,AlphaTauri,14,1:19.684,1:19.463,
2021,3,Portuguese Grand Prix,portimao,Autódromo Internacional do Algarve,raikkonen,Kimi,Räikkönen,alfa,Alfa Romeo,15,1:19.748,1:19.812,
2021,3,Portuguese Grand Prix,portimao,Autódromo Internacional do Algarve,ricciardo,Daniel,Ricciardo,mclaren,McLaren,16,1:19.839,,
2021,3,Portuguese Grand Prix,portimao,Autódromo Internacional do Algarve,stroll,Lance,Stroll,aston_martin,Aston Martin,17,1:19.913,,
2021,3,Portuguese Grand Prix,portimao,Autódromo Internacional do Algarve,latifi,Nicholas,Latifi,williams,Williams,18,1:20.285,,
2021,3,Portuguese Grand Prix,portimao,Autódromo Internacional do Algarve,mick_schumacher,Mick,Schumacher,haas,Haas F1 Team,19,1:20.452,,
2021,3,Portuguese Grand Prix,portimao,Autódromo Internacional do Algarve,mazepin,Nikita,Mazepin,haas,Haas F1 Team,20,1:20.912,,
2021,4,Spanish Grand Prix,catalunya,Circuit de Barcelona-Catalunya,hamilton,Lewis,Hamilton,mercedes,Mercedes,1,1:18.245,1:17.166,1:16.741
2021,4,Spanish Grand Prix,catalunya,Circuit de Barcelona-Catalunya,max_verstappen,Max,Verstappen,red_bull,Red Bull,2,1:18.090,1:16.922,1:16.777
2021,4,Spanish Grand Prix,catalunya,Circuit de Barcelona-Catalunya,bottas,Valtteri,Bottas,mercedes,Mercedes,3,1:18.005,1:17.142,1:16.873
2021,4,Spanish Grand Prix,catalunya,Circuit de Barcelona-Catalunya,leclerc,Charles,Leclerc,ferrari,Ferrari,4,1:18.041,1:17.717,1:17.510
2021,4,Spanish Grand Prix,catalunya,Circuit de Barcelona-Catalunya,ocon,Esteban,Ocon,alpine,Alpine F1 Team,5,1:18.281,1:17.743,1:17.580
2021,4,Spanish Grand Prix,catalunya,Circuit de Barcelona-Catalunya,sainz,Carlos,Sainz,ferrari,Ferrari,6,1:18.205,1:17.656,1:17.620
2021,4,Spanish Grand Prix,catalunya,Circuit de Barcelona-Catalunya,ricciardo,Daniel,Ricciardo,mclaren,McLaren,7,1:18.264,1:17.719,1:17.622
2021,4,Spanish Grand Prix,catalunya,Circuit de Barcelona-Catalunya,perez,Sergio,Pérez,red_bull,Red Bull,8,1:18.203,1:17.669,1:17.701
2021,4,Spanish Grand Prix,catalunya,Circuit de Barcelona-Catalunya,norris,Lando,Norris,mclaren,McLaren,9,1:17.821,1:17.696,1:18.010
2021,4,Spanish Grand Prix,catalunya,Circuit de Barcelona-Catalunya,alonso,Fernando,Alonso,alpine,Alpine F1 Team,10,1:18.281,1:17.966,1:18.147
2021,4,Spanish Grand Prix,catalunya,Circuit de Barcelona-Catalunya,stroll,Lance,Stroll,aston_martin,Aston Martin,11,1:18.241,1:17.974,
2021,4,Spanish Grand Prix,catalunya,Circuit de Barcelona-Catalunya,gasly,Pierre,Gasly,alphatauri,AlphaTauri,12,1:18.190,1:17.982,
2021,4,Spanish Grand Prix,catalunya,Circuit de Barcelona-Catalunya,vettel,Sebastian,Vettel,aston_martin,Aston Martin,13,1:18.289,1:18.079,
2021,4,Spanish Grand Prix,catalunya,Circuit de Barcelona-Catalunya,giovinazzi,Antonio,Giovinazzi,alfa,Alfa Romeo,14,1:18.549,1:18.356,
2021,4,Spanish Grand Prix,catalunya,Circuit de Barcelona-Catalunya,russell,George,Russell,williams,Williams,15,1:18.445,1:19.154,
2021,4,Spanish Grand Prix,catalunya,Circuit de Barcelona-Catalunya,tsunoda,Yuki,Tsunoda,alphatauri,AlphaTauri,16,1:18.556,,
2021,4,Spanish Grand Prix,catalunya,Circuit de Barcelona-Catalunya,raikkonen,Kimi,Räikkönen,alfa,Alfa Romeo,17,1:18.917,,
2021,4,Spanish Grand Prix,catalunya,Circuit de Barcelona-Catalunya,mick_schumacher,Mick,Schumacher,haas,Haas F1 Team,18,1:19.117,,
2021,4,Spanish Grand Prix,catalunya,Circuit de Barcelona-Catalunya,latifi,Nicholas,Latifi,williams,Williams,19,1:19.219,,
2021,4,Spanish Grand Prix,catalunya,Circuit de Barcelona-Catalunya,mazepin,Nikita,Mazepin,haas,Haas F1 Team,20,1:19.807,,
2021,5,Monaco Grand Prix,monaco,Circuit de Monaco,leclerc,Charles,Leclerc,ferrari,Ferrari,1,1:11.113,1:10.597,1:10.346
2021,5,Monaco Grand Prix,monaco,Circuit de Monaco,max_verstappen,Max,Verstappen,red_bull,Red Bull,2,1:11.124,1:10.650,1:10.576
2021,5,Monaco Grand Prix,monaco,Circuit de Monaco,bottas,Valtteri,Bottas,mercedes,Mercedes,3,1:10.938,1:10.695,1:10.601
2021,5,Monaco Grand Prix,monaco,Circuit de Monaco,sainz,Carlos,Sainz,ferrari,Ferrari,4,1:11.324,1:10.806,1:10.611
2021,5,Monaco Grand Prix,monaco,Circuit de Monaco,norris,Lando,Norris,mclaren,McLaren,5,1:11.321,1:11.031,1:10.620
2021,5,Monaco Grand Prix,monaco,Circuit de Monaco,gasly,Pierre,Gasly,alphatauri,AlphaTauri,6,1:11.560,1:11.179,1:10.900
2021,5,Monaco Grand Prix,monaco,Circuit de Monaco,hamilton,Lewis,Hamilton,mercedes,Mercedes,7,1:11.622,1:11.116,1:11.095
2021,5,Monaco Grand Prix,monaco,Circuit de Monaco,vettel,Sebastian,Vettel,aston_martin,Aston Martin,8,1:12.078,1:11.309,1:11.419
2021,5,Monaco Grand Prix,monaco,Circuit de Monaco,perez,Sergio,Pérez,red_bull,Red Bull,9,1:11.644,1:11.019,1:11.573
2021,5,Monaco Grand Prix,monaco,Circuit de Monaco,giovinazzi,Antonio,Giovinazzi,alfa,Alfa Romeo,10,1:11.658,1:11.409,1:11.779
2021,5,Monaco Grand Prix,monaco,Circuit de Monaco,ocon,Esteban,Ocon,alpine,Alpine F1 Team,11,1:11.740,1:11.486,
2021,5,Monaco Grand Prix,monaco,Circuit de Monaco,ricciardo,Daniel,Ricciardo,mclaren,McLaren,12,1:11.747,1:11.598,
2021,5,Monaco Grand Prix,monaco,Circuit de Monaco,stroll,Lance,Stroll,aston_martin,Aston Martin,13,1:11.979,1:11.600,
2021,5,Monaco Grand Prix,monaco,Circuit de Monaco,raikkonen,Kimi,Räikkönen,alfa,Alfa Romeo,14,1:11.899,1:11.642,
2021,5,Monaco Grand Prix,monaco,Circuit de Monaco,russell,George,Russell,williams,Williams,15,1:12.016,1:11.830,
2021,5,Monaco Grand Prix,monaco,Circuit de Monaco,tsunoda,Yuki,Tsunoda,alphatauri,AlphaTauri,16,1:12.096,,
2021,5,Monaco Grand Prix,monaco,Circuit de Monaco,alonso,Fernando,Alonso,alpine,Alpine F1 Team,17,1:12.205,,
2021,5,Monaco Grand Prix,monaco,Circuit de Monaco,latifi,Nicholas,Latifi,williams,Williams,18,1:12.366,,
2021,5,Monaco Grand Prix,monaco,Circuit de Monaco,mazepin,Nikita,Mazepin,haas,Haas F1 Team,19,1:12.958,,
2021,6,Azerbaijan Grand Prix,baku,Baku City Circuit,leclerc,Charles,Leclerc,ferrari,Ferrari,1,1:42.241,1:41.659,1:41.218
2021,6,Azerbaijan Grand Prix,baku,Baku City Circuit,hamilton,Lewis,Hamilton,mercedes,Mercedes,2,1:41.545,1:41.634,1:41.450
2021,6,Azerbaijan Grand Prix,baku,Baku City Circuit,max_verstappen,Max,Verstappen,red_bull,Red Bull,3,1:41.760,1:41.625,1:41.563
2021,6,Azerbaijan Grand Prix,baku,Baku City Circuit,gasly,Pierre,Gasly,alphatauri,AlphaTauri,4,1:42.288,1:41.932,1:41.565
2021,6,Azerbaijan Grand Prix,baku,Baku City Circuit,sainz,Carlos,Sainz,ferrari,Ferrari,5,1:42.121,1:41.740,1:41.576
2021,6,Azerbaijan Grand Prix,baku,Baku City Circuit,norris,Lando,Norris,mclaren,McLaren,6,1:42.167,1:41.813,1:41.747
2021,6,Azerbaijan Grand Prix,baku,Baku City Circuit,perez,Sergio,Pérez,red_bull,Red Bull,7,1:41.968,1:41.630,1:41.917
2021,6,Azerbaijan Grand Prix,baku,Baku City Circuit,tsunoda,Yuki,Tsunoda,alphatauri,AlphaTauri,8,1:42.521,1:41.654,1:42.211
2021,6,Azerbaijan Grand Prix,baku,Baku City Circuit,alonso,Fernando,Alonso,alpine,Alpine F1 Team,9,1:42.934,1:42.195,1:42.327
2021,6,Azerbaijan Grand Prix,baku,Baku City Circuit,bottas,Valtteri,Bottas,mercedes,Mercedes,10,1:42.701,1:42.106,1:42.659
2021,6,Azerbaijan Grand Prix,baku,Baku City Circuit,vettel,Sebastian,Vettel,aston_martin,Aston Martin,11,1:42.460,1:42.224,
2021,6,Azerbaijan Grand Prix,baku,Baku City Circuit,ocon,Esteban,Ocon,alpine,Alpine F1 Team,12,1:42.426,1:42.273,
2021,6,Azerbaijan Grand Prix,baku,Baku City Circuit,ricciardo,Daniel,Ricciardo,mclaren,McLaren,13,1:42.304,1:42.558,
2021,6,Azerbaijan Grand Prix,baku,Baku City Circuit,raikkonen,Kimi,Räikkönen,alfa,Alfa Romeo,14,1:42.923,1:42.587,
2021,6,Azerbaijan Grand Prix,baku,Baku City Circuit,russell,George,Russell,williams,Williams,15,1:42.728,1:42.758,
2021,6,Azerbaijan Grand Prix,baku,Baku City Circuit,latifi,Nicholas,Latifi,williams,Williams,16,1:43.128,,
2021,6,Azerbaijan Grand Prix,baku,Baku City Circuit,mick_schumacher,Mick,Schumacher,haas,Haas F1 Team,17,1:44.158,,
2021,6,Azerbaijan Grand Prix,baku,Baku City Circuit,mazepin,Nikita,Mazepin,haas,Haas F1 Team,18,1:44.238,,
2021,6,Azerbaijan Grand Prix,baku,Baku City Circuit,stroll,Lance,Stroll,aston_martin,Aston Martin,19,,,
2021,6,Azerbaijan Grand Prix,baku,Baku City Circuit,giovinazzi,Antonio,Giovinazzi,alfa,Alfa Romeo,20,,,
2021,7,French Grand Prix,ricard,Circuit Paul Ricard,max_verstappen,Max,Verstappen,red_bull,Red Bull,1,1:31.001,1:31.080,1:29.990
2021,7,French Grand Prix,ricard,Circuit Paul Ricard,hamilton,Lewis,Hamilton,mercedes,Mercedes,2,1:31.237,1:30.788,1:30.248
2021,7,French Grand Prix,ricard,Circuit Paul Ricard,bottas,Valtteri,Bottas,mercedes,Mercedes,3,1:31.669,1:30.735,1:30.376
2021,7,French Grand Prix,ricard,Circuit Paul Ricard,perez,Sergio,Pérez,red_bull,Red Bull,4,1:31.560,1:30.971,1:30.445
2021,7,French Grand Prix,ricard,Circuit Paul Ricard,sainz,Carlos,Sainz,ferrari,Ferrari,5,1:32.079,1:31.146,1:30.840
2021,7,French Grand Prix,ricard,Circuit Paul Ricard,gasly,Pierre,Gasly,alphatauri,AlphaTauri,6,1:31.898,1:31.353,1:30.868
2021,7,French Grand Prix,ricard,Circuit Paul Ricard,leclerc,Charles,Leclerc,ferrari,Ferrari,7,1:32.209,1:31.567,1:30.987
2021,7,French Grand Prix,ricard,Circuit Paul Ricard,norris,Lando,Norris,mclaren,McLaren,8,1:31.733,1:31.542,1:31.252
2021,7,French Grand Prix,ricard,Circuit Paul Ricard,alonso,Fernando,Alonso,alpine,Alpine F1 Team,9,1:32.158,1:31.549,1:31.340
2021,7,French Grand Prix,ricard,Circuit Paul Ricard,ricciardo,Daniel,Ricciardo,mclaren,McLaren,10,1:32.181,1:31.615,1:31.382
2021,7,French Grand Prix,ricard,Circuit Paul Ricard,ocon,Esteban,Ocon,alpine,Alpine F1 Team,11,1:32.139,1:31.736,
2021,7,French Grand Prix,ricard,Circuit Paul Ricard,vettel,Sebastian,Vettel,aston_martin,Aston Martin,12,1:32.132,1:31.767,
2021,7,French Grand Prix,ricard,Circuit Paul Ricard,giovinazzi,Antonio,Giovinazzi,alfa,Alfa Romeo,13,1:32.722,1:31.813,
2021,7,French Grand Prix,ricard,Circuit Paul Ricard,russell,George,Russell,williams,Williams,14,1:33.060,1:32.065,
2021,7,French Grand Prix,ricard,Circuit Paul Ricard,mick_schumacher,Mick,Schumacher,haas,Haas F1 Team,15,1:32.942,,
2021,7,French Grand Prix,ricard,Circuit Paul Ricard,latifi,Nicholas,Latifi,williams,Williams,16,1:33.062,,
2021,7,French Grand Prix,ricard,Circuit Paul Ricard,raikkonen,Kimi,Räikkönen,alfa,Alfa Romeo,17,1:33.354,,
2021,7,French Grand Prix,ricard,Circuit Paul Ricard,mazepin,Nikita,Mazepin,haas,Haas F1 Team,18,1:33.554,,
2021,7,French Grand Prix,ricard,Circuit Paul Ricard,stroll,Lance,Stroll,aston_martin,Aston Martin,19,,,
2021,7,French Grand Prix,ricard,Circuit Paul Ricard,tsunoda,Yuki,Tsunoda,alphatauri,AlphaTauri,20,,,
2021,8,Styrian Grand Prix,red_bull_ring,Red Bull Ring,max_verstappen,Max,Verstappen,red_bull,Red Bull,1,1:04.489,1:04.433,1:03.841
2021,8,Styrian Grand Prix,red_bull_ring,Red Bull Ring,bottas,Valtteri,Bottas,mercedes,Mercedes,2,1:04.537,1:04.443,1:04.035
2021,8,Styrian Grand Prix,red_bull_ring,Red Bull Ring,hamilton,Lewis,Hamilton,mercedes,Mercedes,3,1:04.672,1:04.512,1:04.067
2021,8,Styrian Grand Prix,red_bull_ring,Red Bull Ring,norris,Lando,Norris,mclaren,McLaren,4,1:04.584,1:04.298,1:04.120
2021,8,Styrian Grand Prix,red_bull_ring,Red Bull Ring,perez,Sergio,Pérez,red_bull,Red Bull,5,1:04.638,1:04.197,1:04.168
2021,8,Styrian Grand Prix,red_bull_ring,Red Bull Ring,gasly,Pierre,Gasly,alphatauri,AlphaTauri,6,1:04.765,1:04.429,1:04.236
2021,8,Styrian Grand Prix,red_bull_ring,Red Bull Ring,leclerc,Charles,Leclerc,ferrari,Ferrari,7,1:04.745,1:04.646,1:04.472
2021,8,Styrian Grand Prix,red_bull_ring,Red Bull Ring,tsunoda,Yuki,Tsunoda,alphatauri,AlphaTauri,8,1:04.608,1:04.631,1:04.514
2021,8,Styrian Grand Prix,red_bull_ring,Red Bull Ring,alonso,Fernando,Alonso,alpine,Alpine F1 Team,9,1:04.971,1:04.582,1:04.574
2021,8,Styrian Grand Prix,red_bull_ring,Red Bull Ring,stroll,Lance,Stroll,aston_martin,Aston Martin,10,1:04.821,1:04.663,1:04.708
2021,8,Styrian Grand Prix,red_bull_ring,Red Bull Ring,russell,George,Russell,williams,Williams,11,1:05.033,1:04.671,
2021,8,Styrian Grand Prix,red_bull_ring,Red Bull Ring,sainz,Carlos,Sainz,ferrari,Ferrari,12,1:04.859,1:04.800,
2021,8,Styrian Grand Prix,red_bull_ring,Red Bull Ring,ricciardo,Daniel,Ricciardo,mclaren,McLaren,13,1:05.142,1:04.808,
2021,8,Styrian Grand Prix,red_bull_ring,Red Bull Ring,vettel,Sebastian,Vettel,aston_martin,Aston Martin,14,1:05.051,1:04.875,
2021,8,Styrian Grand Prix,red_bull_ring,Red Bull Ring,giovinazzi,Antonio,Giovinazzi,alfa,Alfa Romeo,15,1:05.092,1:04.913,
2021,8,Styrian Grand Prix,red_bull_ring,Red Bull Ring,latifi,Nicholas,Latifi,williams,Williams,16,1:05.175,,
2021,8,Styrian Grand Prix,red_bull_ring,Red Bull Ring,ocon,Esteban,Ocon,alpine,Alpine F1 Team,17,1:05.217,,
2021,8,Styrian Grand Prix,red_bull_ring,Red Bull Ring,raikkonen,Kimi,Räikkönen,alfa,Alfa Romeo,18,1:05.429,,
2021,8,Styrian Grand Prix,red_bull_ring,Red Bull Ring,mick_schumacher,Mick,Schumacher,haas,Haas F1 Team,19,1:06.041,,
2021,8,Styrian Grand Prix,red_bull_ring,Red Bull Ring,mazepin,Nikita,Mazepin,haas,Haas F1 Team,20,1:06.192,,
2021,9,Austrian Grand Prix,red_bull_ring,Red Bull Ring,max_verstappen,Max,Verstappen,red_bull,Red Bull,1,1:04.249,1:03.927,1:03.720
2021,9,Austrian Grand Prix,red_bull_ring,Red Bull Ring,norris,Lando,Norris,mclaren,McLaren,2,1:04.345,1:04.415,1:03.768
2021,9,Austrian Grand Prix,red_bull_ring,Red Bull Ring,perez,Sergio,Pérez,red_bull,Red Bull,3,1:04.833,1:04.483,1:03.990
2021,9,Austrian Grand Prix,red_bull_ring,Red Bull Ring,hamilton,Lewis,Hamilton,mercedes,Mercedes,4,1:04.506,1:04.258,1:04.014
2021,9,Austrian Grand Prix,red_bull_ring,Red Bull Ring,bottas,Valtteri,Bottas,mercedes,Mercedes,5,1:04.563,1:04.376,1:04.049
2021,9,Austrian Grand Prix,red_bull_ring,Red Bull Ring,gasly,Pierre,Gasly,alphatauri,AlphaTauri,6,1:04.841,1:04.412,1:04.107
2021,9,Austrian Grand Prix,red_bull_ring,Red Bull Ring,tsunoda,Yuki,Tsunoda,alphatauri,AlphaTauri,7,1:04.967,1:04.518,1:04.273
2021,9,Austrian Grand Prix,red_bull_ring,Red Bull Ring,vettel,Sebastian,Vettel,aston_martin,Aston Martin,8,1:04.846,1:04.493,1:04.570
2021,9,Austrian Grand Prix,red_bull_ring,Red Bull Ring,russell,George,Russell,williams,Williams,9,1:04.907,1:04.553,1:04.591
2021,9,Austrian Grand Prix,red_bull_ring,Red Bull Ring,stroll,Lance,Stroll,aston_martin,Aston Martin,10,1:04.927,1:04.547,1:04.618
2021,9,Austrian Grand Prix,red_bull_ring,Red Bull Ring,sainz,Carlos,Sainz,ferrari,Ferrari,11,1:04.596,1:04.559,
2021,9,Austrian Grand Prix,red_bull_ring,Red Bull Ring,leclerc,Charles,Leclerc,ferrari,Ferrari,12,1:04.906,1:04.600,
2021,9,Austrian Grand Prix,red_bull_ring,Red Bull Ring,ricciardo,Daniel,Ricciardo,mclaren,McLaren,13,1:04.977,1:04.719,
2021,9,Austrian Grand Prix,red_bull_ring,Red Bull Ring,alonso,Fernando,Alonso,alpine,Alpine F1 Team,14,1:04.472,1:04.856,
2021,9,Austrian Grand Prix,red_bull_ring,Red Bull Ring,giovinazzi,Antonio,Giovinazzi,alfa,Alfa Romeo,15,1:04.782,1:05.083,
2021,9,Austrian Grand Prix,red_bull_ring,Red Bull Ring,raikkonen,Kimi,Räikkönen,alfa,Alfa Romeo,16,1:05.009,,
2021,9,Austrian Grand Prix,red_bull_ring,Red Bull Ring,ocon,Esteban,Ocon,alpine,Alpine F1 Team,17,1:05.051,,
2021,9,Austrian Grand Prix,red_bull_ring,Red Bull Ring,latifi,Nicholas,Latifi,williams,Williams,18,1:05.195,,
2021,9,Austrian Grand Prix,red_bull_ring,Red Bull Ring,mick_schumacher,Mick,Schumacher,haas,Haas F1 Team,19,1:05.427,,
2021,9,Austrian Grand Prix,red_bull_ring,Red Bull Ring,mazepin,Nikita,Mazepin,haas,Haas F1 Team,20,1:05.951,,
2021,10,British Grand Prix,silverstone,Silverstone Circuit,hamilton,Lewis,Hamilton,mercedes,Mercedes,1,1:26.786,1:26.023,1:26.134
2021,10,British Grand Prix,silverstone,Silverstone Circuit,max_verstappen,Max,Verstappen,red_bull,Red Bull,2,1:26.751,1:26.315,1:26.209
2021,10,British Grand Prix,silverstone,Silverstone Circuit,bottas,Valtteri,Bottas,mercedes,Mercedes,3,1:27.487,1:26.764,1:26.328
2021,10,British Grand Prix,silverstone,Silverstone Circuit,leclerc,Charles,Leclerc,ferrari,Ferrari,4,1:27.051,1:26.919,1:26.828
2021,10,British Grand Prix,silverstone,Silverstone Circuit,perez,Sergio,Pérez,red_bull,Red Bull,5,1:27.121,1:27.073,1:26.844
2021,10,British Grand Prix,silverstone,Silverstone Circuit,norris,Lando,Norris,mclaren,McLaren,6,1:27.444,1:27.220,1:26.897
2021,10,British Grand Prix,silverstone,Silverstone Circuit,ricciardo,Daniel,Ricciardo,mclaren,McLaren,7,1:27.323,1:27.125,1:26.899
2021,10,British Grand Prix,silverstone,Silverstone Circuit,russell,George,Russell,williams,Williams,8,1:27.671,1:27.080,1:26.971
2021,10,British Grand Prix,silverstone,Silverstone Circuit,sainz,Carlos,Sainz,ferrari,Ferrari,9,1:27.337,1:26.848,1:27.007
2021,10,British Grand Prix,silverstone,Silverstone Circuit,vettel,Sebastian,Vettel,aston_martin,Aston Martin,10,1:27.493,1:27.103,1:27.179
2021,10,British Grand Prix,silverstone,Silverstone Circuit,alonso,Fernando,Alonso,alpine,Alpine F1 Team,11,1:27.580,1:27.245,
2021,10,British Grand Prix,silverstone,Silverstone Circuit,gasly,Pierre,Gasly,alphatauri,AlphaTauri,12,1:27.600,1:27.273,
2021,10,British Grand Prix,silverstone,Silverstone Circuit,ocon,Esteban,Ocon,alpine,Alpine F1 Team,13,1:27.415,1:27.340,
2021,10,British Grand Prix,silverstone,Silverstone Circuit,giovinazzi,Antonio,Giovinazzi,alfa,Alfa Romeo,14,1:27.595,1:27.617,
2021,10,British Grand Prix,silverstone,Silverstone Circuit,stroll,Lance,Stroll,aston_martin,Aston Martin,15,1:28.017,1:27.665,
2021,10,British Grand Prix,silverstone,Silverstone Circuit,tsunoda,Yuki,Tsunoda,alphatauri,AlphaTauri,16,1:28.043,,
2021,10,British Grand Prix,silverstone,Silverstone Circuit,raikkonen,Kimi,Räikkönen,alfa,Alfa Romeo,17,1:28.062,,
2021,10,British Grand Prix,silverstone,Silverstone Circuit,latifi,Nicholas,Latifi,williams,Williams,18,1:28.254,,
2021,10,British Grand Prix,silverstone,Silverstone Circuit,mick_schumacher,Mick,Schumacher,haas,Haas F1 Team,19,1:28.738,,
2021,10,British Grand Prix,silverstone,Silverstone Circuit,mazepin,Nikita,Mazepin,haas,Haas F1 Team,20,1:29.051,,
2021,11,Hungarian Grand Prix,hungaroring,Hungaroring,hamilton,Lewis,Hamilton,mercedes,Mercedes,1,1:16.424,1:16.553,1:15.419
2021,11,Hungarian Grand Prix,hungaroring,Hungaroring,bottas,Valtteri,Bottas,mercedes,Mercedes,2,1:16.569,1:16.702,1:15.734
2021,11,Hungarian Grand Prix,hungaroring,Hungaroring,max_verstappen,Max,Verstappen,red_bull,Red Bull,3,1:16.214,1:15.650,1:15.840
2021,11,Hungarian Grand Prix,hungaroring,Hungaroring,perez,Sergio,Pérez,red_bull,Red Bull,4,1:17.233,1:16.443,1:16.421
2021,11,Hungarian Grand Prix,hungaroring,Hungaroring,gasly,Pierre,Gasly,alphatauri,AlphaTauri,5,1:16.874,1:16.394,1:16.483
2021,11,Hungarian Grand Prix,hungaroring,Hungaroring,norris,Lando,Norris,mclaren,McLaren,6,1:17.081,1:16.385,1:16.489
2021,11,Hungarian Grand Prix,hungaroring,Hungaroring,leclerc,Charles,Leclerc,ferrari,Ferrari,7,1:17.084,1:16.574,1:16.496
2021,11,Hungarian Grand Prix,hungaroring,Hungaroring,ocon,Esteban,Ocon,alpine,Alpine F1 Team,8,1:17.367,1:16.766,1:16.653
2021,11,Hungarian Grand Prix,hungaroring,Hungaroring,alonso,Fernando,Alonso,alpine,Alpine F1 Team,9,1:17.123,1:16.541,1:16.715
2021,11,Hungarian Grand Prix,hungaroring,Hungaroring,vettel,Sebastian,Vettel,aston_martin,Aston Martin,10,1:17.105,1:16.794,1:16.750
2021,11,Hungarian Grand Prix,hungaroring,Hungaroring,ricciardo,Daniel,Ricciardo,mclaren,McLaren,11,1:17.664,1:16.871,
2021,11,Hungarian Grand Prix,hungaroring,Hungaroring,stroll,Lance,Stroll,aston_martin,Aston Martin,12,1:17.038,1:16.893,
2021,11,Hungarian Grand Prix,hungaroring,Hungaroring,raikkonen,Kimi,Räikkönen,alfa,Alfa Romeo,13,1:17.553,1:17.564,
2021,11,Hungarian Grand Prix,hungaroring,Hungaroring,giovinazzi,Antonio,Giovinazzi,alfa,Alfa Romeo,14,1:17.776,1:17.583,
2021,11,Hungarian Grand Prix,hungaroring,Hungaroring,sainz,Carlos,Sainz,ferrari,Ferrari,15,1:16.649,,
2021,11,Hungarian Grand Prix,hungaroring,Hungaroring,tsunoda,Yuki,Tsunoda,alphatauri,AlphaTauri,16,1:17.919,,
2021,11,Hungarian Grand Prix,hungaroring,Hungaroring,russell,George,Russell,williams,Williams,17,1:17.944,,
2021,11,Hungarian Grand Prix,hungaroring,Hungaroring,latifi,Nicholas,Latifi,williams,Williams,18,1:18.036,,
2021,11,Hungarian Grand Prix,hungaroring,Hungaroring,mazepin,Nikita,Mazepin,haas,Haas F1 Team,19,1:18.922,,
2021,11,Hungarian Grand Prix,hungaroring,Hungaroring,mick_schumacher,Mick,Schumacher,haas,Haas F1 Team,20,,,
2021,12,Belgian Grand Prix,spa,Circuit de Spa-Francorchamps,max_verstappen,Max,Verstappen,red_bull,Red Bull,1,1:58.717,1:56.559,1:59.765
2021,12,Belgian Grand Prix,spa,Circuit de Spa-Francorchamps,russell,George,Russell,williams,Williams,2,1:59.864,1:56.950,2:00.086
2021,12,Belgian Grand Prix,spa,Circuit de Spa-Francorchamps,hamilton,Lewis,Hamilton,mercedes,Mercedes,3,1:59.218,1:56.229,2:00.099
2021,12,Belgian Grand Prix,spa,Circuit de Spa-Francorchamps,ricciardo,Daniel,Ricciardo,mclaren,McLaren,4,2:01.583,1:57.127,2:00.864
2021,12,Belgian Grand Prix,spa,Circuit de Spa-Francorchamps,vettel,Sebastian,Vettel,aston_martin,Aston Martin,5,2:00.175,1:56.814,2:00.935
2021,12,Belgian Grand Prix,spa,Circuit de Spa-Francorchamps,gasly,Pierre,Gasly,alphatauri,AlphaTauri,6,2:00.387,1:56.440,2:01.164
2021,12,Belgian Grand Prix,spa,Circuit de Spa-Francorchamps,perez,Sergio,Pérez,red_bull,Red Bull,7,1:59.334,1:56.886,2:02.112
2021,12,Belgian Grand Prix,spa,Circuit de Spa-Francorchamps,bottas,Valtteri,Bottas,mercedes,Mercedes,8,1:59.870,1:56.295,2:02.502
2021,12,Belgian Grand Prix,spa,Circuit de Spa-Francorchamps,ocon,Esteban,Ocon,alpine,Alpine F1 Team,9,2:01.824,1:57.354,2:03.513
2021,12,Belgian Grand Prix,spa,Circuit de Spa-Francorchamps,norris,Lando,Norris,mclaren,McLaren,10,1:58.301,1:56.025,
2021,12,Belgian Grand Prix,spa,Circuit de Spa-Francorchamps,leclerc,Charles,Leclerc,ferrari,Ferrari,11,2:00.728,1:57.721,
2021,12,Belgian Grand Prix,spa,Circuit de Spa-Francorchamps,latifi,Nicholas,Latifi,williams,Williams,12,2:00.966,1:58.056,
2021,12,Belgian Grand Prix,spa,Circuit de Spa-Francorchamps,sainz,Carlos,Sainz,ferrari,Ferrari,13,2:01.184,1:58.137,
2021,12,Belgian Grand Prix,spa,Circuit de Spa-Francorchamps,alonso,Fernando,Alonso,alpine,Alpine F1 Team,14,2:01.653,1:58.205,
2021,12,Belgian Grand Prix,spa,Circuit de Spa-Francorchamps,stroll,Lance,Stroll,aston_martin,Aston Martin,15,2:01.597,1:58.231,
2021,12,Belgian Grand Prix,spa,Circuit de Spa-Francorchamps,giovinazzi,Antonio,Giovinazzi,alfa,Alfa Romeo,16,2:02.306,,
2021,12,Belgian Grand Prix,spa,Circuit de Spa-Francorchamps,tsunoda,Yuki,Tsunoda,alphatauri,AlphaTauri,17,2:02.413,,
2021,12,Belgian Grand Prix,spa,Circuit de Spa-Francorchamps,mick_schumacher,Mick,Schumacher,haas,Haas F1 Team,18,2:03.973,,
2021,12,Belgian Grand Prix,spa,Circuit de Spa-Francorchamps,raikkonen,Kimi,Räikkönen,alfa,Alfa Romeo,19,2:04.452,,
2021,12,Belgian Grand Prix,spa,Circuit de Spa-Francorchamps,mazepin,Nikita,Mazepin,haas,Haas F1 Team,20,2:04.939,,
2021,13,Dutch Grand Prix,zandvoort,Circuit Park Zandvoort,max_verstappen,Max,Verstappen,red_bull,Red Bull,1,1:10.036,1:09.071,1:08.885
2021,13,Dutch Grand Prix,zandvoort,Circuit Park Zandvoort,hamilton,Lewis,Hamilton,mercedes,Mercedes,2,1:10.114,1:09.726,1:08.923
2021,13,Dutch Grand Prix,zandvoort,Circuit Park Zandvoort,bottas,Valtteri,Bottas,mercedes,Mercedes,3,1:10.219,1:09.769,1:09.222
2021,13,Dutch Grand Prix,zandvoort,Circuit Park Zandvoort,gasly,Pierre,Gasly,alphatauri,AlphaTauri,4,1:10.274,1:09.541,1:09.478
2021,13,Dutch Grand Prix,zandvoort,Circuit Park Zandvoort,leclerc,Charles,Leclerc,ferrari,Ferrari,5,1:09.829,1:09.437,1:09.527
2021,13,Dutch Grand Prix,zandvoort,Circuit Park Zandvoort,sainz,Carlos,Sainz,ferrari,Ferrari,6,1:10.022,1:09.870,1:09.537
2021,13,Dutch Grand Prix,zandvoort,Circuit Park Zandvoort,giovinazzi,Antonio,Giovinazzi,alfa,Alfa Romeo,7,1:10.050,1:10.033,1:09.590
2021,13,Dutch Grand Prix,zandvoort,Circuit Park Zandvoort,ocon,Esteban,Ocon,alpine,Alpine F1 Team,8,1:10.179,1:09.919,1:09.933
2021,13,Dutch Grand Prix,zandvoort,Circuit Park Zandvoort,alonso,Fernando,Alonso,alpine,Alpine F1 Team,9,1:10.435,1:10.020,1:09.956
2021,13,Dutch Grand Prix,zandvoort,Circuit Park Zandvoort,ricciardo,Daniel,Ricciardo,mclaren,McLaren,10,1:10.255,1:09.865,1:10.166
2021,13,Dutch Grand Prix,zandvoort,Circuit Park Zandvoort,russell,George,Russell,williams,Williams,11,1:10.382,1:10.332,
2021,13,Dutch Grand Prix,zandvoort,Circuit Park Zandvoort,stroll,Lance,Stroll,aston_martin,Aston Martin,12,1:10.438,1:10.367,
2021,13,Dutch Grand Prix,zandvoort,Circuit Park Zandvoort,norris,Lando,Norris,mclaren,McLaren,13,1:10.489,1:10.406,
2021,13,Dutch Grand Prix,zandvoort,Circuit Park Zandvoort,latifi,Nicholas,Latifi,williams,Williams,14,1:10.093,1:11.161,
2021,13,Dutch Grand Prix,zandvoort,Circuit Park Zandvoort,tsunoda,Yuki,Tsunoda,alphatauri,AlphaTauri,15,1:10.462,1:11.314,
2021,13,Dutch Grand Prix,zandvoort,Circuit Park Zandvoort,perez,Sergio,Pérez,red_bull,Red Bull,16,1:10.530,,
2021,13,Dutch Grand Prix,zandvoort,Circuit Park Zandvoort,vettel,Sebastian,Vettel,aston_martin,Aston Martin,17,1:10.731,,
2021,13,Dutch Grand Prix,zandvoort,Circuit Park Zandvoort,kubica,Robert,Kubica,alfa,Alfa Romeo,18,1:11.301,,
2021,13,Dutch Grand Prix,zandvoort,Circuit Park Zandvoort,mick_schumacher,Mick,Schumacher,haas,Haas F1 Team,19,1:11.387,,
2021,13,Dutch Grand Prix,zandvoort,Circuit Park Zandvoort,mazepin,Nikita,Mazepin,haas,Haas F1 Team,20,1:11.875,,
2021,14,Italian Grand Prix,monza,Autodromo Nazionale di Monza,bottas,Valtteri,Bottas,mercedes,Mercedes,1,1:20.685,1:20.032,1:19.555
2021,14,Italian Grand Prix,monza,Autodromo Nazionale di Monza,hamilton,Lewis,Hamilton,mercedes,Mercedes,2,1:20.543,1:19.936,1:19.651
2021,14,Italian Grand Prix,monza,Autodromo Nazionale di Monza,max_verstappen,Max,Verstappen,red_bull,Red Bull,3,1:21.035,1:20.229,1:19.966
2021,14,Italian Grand Prix,monza,Autodromo Nazionale di Monza,norris,Lando,Norris,mclaren,McLaren,4,1:20.916,1:20.059,1:19.989
2021,14,Italian Grand Prix,monza,Autodromo Nazionale di Monza,ricciardo,Daniel,Ricciardo,mclaren,McLaren,5,1:21.292,1:20.435,1:19.995
2021,14,Italian Grand Prix,monza,Autodromo Nazionale di Monza,gasly,Pierre,Gasly,alphatauri,AlphaTauri,6,1:21.440,1:20.556,1:20.260
2021,14,Italian Grand Prix,monza,Autodromo Nazionale di Monza,sainz,Carlos,Sainz,ferrari,Ferrari,7,1:21.118,1:20.750,1:20.462
2021,14,Italian Grand Prix,monza,Autodromo Nazionale di Monza,leclerc,Charles,Leclerc,ferrari,Ferrari,8,1:21.219,1:20.767,1:20.510
2021,14,Italian Grand Prix,monza,Autodromo Nazionale di Monza,perez,Sergio,Pérez,red_bull,Red Bull,9,1:21.308,1:20.882,1:20.611
2021,14,Italian Grand Prix,monza,Autodromo Nazionale di Monza,giovinazzi,Antonio,Giovinazzi,alfa,Alfa Romeo,10,1:21.197,1:20.726,1:20.808
2021,14,Italian Grand Prix,monza,Autodromo Nazionale di Monza,vettel,Sebastian,Vettel,aston_martin,Aston Martin,11,1:21.394,1:20.913,
2021,14,Italian Grand Prix,monza,Autodromo Nazionale di Monza,stroll,Lance,Stroll,aston_martin,Aston Martin,12,1:21.415,1:21.020,
2021,14,Italian Grand Prix,monza,Autodromo Nazionale di Monza,alonso,Fernando,Alonso,alpine,Alpine F1 Team,13,1:21.487,1:21.069,
2021,14,Italian Grand Prix,monza,Autodromo Nazionale di Monza,ocon,Esteban,Ocon,alpine,Alpine F1 Team,14,1:21.500,1:21.103,
2021,14,Italian Grand Prix,monza,Autodromo Nazionale di Monza,russell,George,Russell,williams,Williams,15,1:21.890,1:21.392,
2021,14,Italian Grand Prix,monza,Autodromo Nazionale di Monza,latifi,Nicholas,Latifi,williams,Williams,16,1:21.925,,
2021,14,Italian Grand Prix,monza,Autodromo Nazionale di Monza,tsunoda,Yuki,Tsunoda,alphatauri,AlphaTauri,17,1:21.973,,
2021,14,Italian Grand Prix,monza,Autodromo Nazionale di Monza,mick_schumacher,Mick,Schumacher,haas,Haas F1 Team,18,1:22.248,,
2021,14,Italian Grand Prix,monza,Autodromo Nazionale di Monza,kubica,Robert,Kubica,alfa,Alfa Romeo,19,1:22.530,,
2021,14,Italian Grand Prix,monza,Autodromo Nazionale di Monza,mazepin,Nikita,Mazepin,haas,Haas F1 Team,20,1:22.716,,
2021,15,Russian Grand Prix,sochi,Sochi Autodrom,norris,Lando,Norris,mclaren,McLaren,1,1:47.238,1:45.827,1:41.993
2021,15,Russian Grand Prix,sochi,Sochi Autodrom,sainz,Carlos,Sainz,ferrari,Ferrari,2,1:47.924,1:46.521,1:42.510
2021,15,Russian Grand Prix,sochi,Sochi Autodrom,russell,George,Russell,williams,Williams,3,1:48.303,1:46.435,1:42.983
2021,15,Russian Grand Prix,sochi,Sochi Autodrom,hamilton,Lewis,Hamilton,mercedes,Mercedes,4,1:45.992,1:45.129,1:44.050
2021,15,Russian Grand Prix,sochi,Sochi Autodrom,ricciardo,Daniel,Ricciardo,mclaren,McLaren,5,1:48.345,1:46.361,1:44.156
2021,15,Russian Grand Prix,sochi,Sochi Autodrom,alonso,Fernando,Alonso,alpine,Alpine F1 Team,6,1:47.877,1:45.514,1:44.204
2021,15,Russian Grand Prix,sochi,Sochi Autodrom,bottas,Valtteri,Bottas,mercedes,Mercedes,7,1:46.396,1:45.306,1:44.710
2021,15,Russian Grand Prix,sochi,Sochi Autodrom,stroll,Lance,Stroll,aston_martin,Aston Martin,8,1:48.322,1:46.360,1:44.956
2021,15,Russian Grand Prix,sochi,Sochi Autodrom,perez,Sergio,Pérez,red_bull,Red Bull,9,1:46.455,1:45.834,1:45.337
2021,15,Russian Grand Prix,sochi,Sochi Autodrom,ocon,Esteban,Ocon,alpine,Alpine F1 Team,10,1:48.099,1:46.070,1:45.865
2021,15,Russian Grand Prix,sochi,Sochi Autodrom,vettel,Sebastian,Vettel,aston_martin,Aston Martin,11,1:47.205,1:46.573,
2021,15,Russian Grand Prix,sochi,Sochi Autodrom,gasly,Pierre,Gasly,alphatauri,AlphaTauri,12,1:47.828,1:46.641,
2021,15,Russian Grand Prix,sochi,Sochi Autodrom,tsunoda,Yuki,Tsunoda,alphatauri,AlphaTauri,13,1:48.854,1:46.751,
2021,15,Russian Grand Prix,sochi,Sochi Autodrom,latifi,Nicholas,Latifi,williams,Williams,14,1:48.252,,
2021,15,Russian Grand Prix,sochi,Sochi Autodrom,leclerc,Charles,Leclerc,ferrari,Ferrari,15,1:48.470,,
2021,15,Russian Grand Prix,sochi,Sochi Autodrom,raikkonen,Kimi,Räikkönen,alfa,Alfa Romeo,16,1:49.586,,
2021,15,Russian Grand Prix,sochi,Sochi Autodrom,mick_schumacher,Mick,Schumacher,haas,Haas F1 Team,17,1:49.830,,
2021,15,Russian Grand Prix,sochi,Sochi Autodrom,giovinazzi,Antonio,Giovinazzi,alfa,Alfa Romeo,18,1:51.023,,
2021,15,Russian Grand Prix,sochi,Sochi Autodrom,mazepin,Nikita,Mazepin,haas,Haas F1 Team,19,1:53.764,,
2021,15,Russian Grand Prix,sochi,Sochi Autodrom,max_verstappen,Max,Verstappen,red_bull,Red Bull,20,,,
2021,16,Turkish Grand Prix,istanbul,Istanbul Park,hamilton,Lewis,Hamilton,mercedes,Mercedes,1,1:24.585,1:23.082,1:22.868
2021,16,Turkish Grand Prix,istanbul,Istanbul Park,bottas,Valtteri,Bottas,mercedes,Mercedes,2,1:25.047,1:23.579,1:22.998
2021,16,Turkish Grand Prix,istanbul,Istanbul Park,max_verstappen,Max,Verstappen,red_bull,Red Bull,3,1:24.592,1:23.732,1:23.196
2021,16,Turkish Grand Prix,istanbul,Istanbul Park,leclerc,Charles,Leclerc,ferrari,Ferrari,4,1:24.869,1:24.015,1:23.265
2021,16,Turkish Grand Prix,istanbul,Istanbul Park,gasly,Pierre,Gasly,alphatauri,AlphaTauri,5,1:24.704,1:23.817,1:23.326
2021,16,Turkish Grand Prix,istanbul,Istanbul Park,alonso,Fernando,Alonso,alpine,Alpine F1 Team,6,1:25.174,1:23.914,1:23.477
2021,16,Turkish Grand Prix,istanbul,Istanbul Park,perez,Sergio,Pérez,red_bull,Red Bull,7,1:24.963,1:23.961,1:23.706
2021,16,Turkish Grand Prix,istanbul,Istanbul Park,norris,Lando,Norris,mclaren,McLaren,8,1:25.138,1:24.642,1:23.954
2021,16,Turkish Grand Prix,istanbul,Istanbul Park,stroll,Lance,Stroll,aston_martin,Aston Martin,9,1:25.511,1:24.601,1:24.305
2021,16,Turkish Grand Prix,istanbul,Istanbul Park,tsunoda,Yuki,Tsunoda,alphatauri,AlphaTauri,10,1:25.409,1:24.054,1:24.368
2021,16,Turkish Grand Prix,istanbul,Istanbul Park,vettel,Sebastian,Vettel,aston_martin,Aston Martin,11,1:25.787,1:24.795,
2021,16,Turkish Grand Prix,istanbul,Istanbul Park,ocon,Esteban,Ocon,alpine,Alpine F1 Team,12,1:25.422,1:24.842,
2021,16,Turkish Grand Prix,istanbul,Istanbul Park,russell,George,Russell,williams,Williams,13,1:25.417,1:25.007,
2021,16,Turkish Grand Prix,istanbul,Istanbul Park,mick_schumacher,Mick,Schumacher,haas,Haas F1 Team,14,1:25.555,1:25.200,
2021,16,Turkish Grand Prix,istanbul,Istanbul Park,sainz,Carlos,Sainz,ferrari,Ferrari,15,1:25.177,,
2021,16,Turkish Grand Prix,istanbul,Istanbul Park,ricciardo,Daniel,Ricciardo,mclaren,McLaren,16,1:25.881,,
2021,16,Turkish Grand Prix,istanbul,Istanbul Park,latifi,Nicholas,Latifi,williams,Williams,17,1:26.086,,
2021,16,Turkish Grand Prix,istanbul,Istanbul Park,giovinazzi,Antonio,Giovinazzi,alfa,Alfa Romeo,18,1:26.430,,
2021,16,Turkish Grand Prix,istanbul,Istanbul Park,raikkonen,Kimi,Räikkönen,alfa,Alfa Romeo,19,1:27.525,,
2021,16,Turkish Grand Prix,istanbul,Istanbul Park,mazepin,Nikita,Mazepin,haas,Haas F1 Team,20,1:28.449,,
2021,17,United States Grand Prix,americas,Circuit of the Americas,max_verstappen,Max,Verstappen,red_bull,Red Bull,1,1:34.352,1:33.464,1:32.910
2021,17,United States Grand Prix,americas,Circuit of the Americas,hamilton,Lewis,Hamilton,mercedes,Mercedes,2,1:34.579,1:33.797,1:33.119
2021,17,United States Grand Prix,americas,Circuit of the Americas,perez,Sergio,Pérez,red_bull,Red Bull,3,1:34.369,1:34.178,1:33.134
2021,17,United States Grand Prix,americas,Circuit of the Americas,bottas,Valtteri,Bottas,mercedes,Mercedes,4,1:34.590,1:33.959,1:33.475
2021,17,United States Grand Prix,americas,Circuit of the Americas,leclerc,Charles,Leclerc,ferrari,Ferrari,5,1:34.153,1:33.928,1:33.606
2021,17,United States Grand Prix,americas,Circuit of the Americas,sainz,Carlos,Sainz,ferrari,Ferrari,6,1:34.558,1:34.126,1:33.792
2021,17,United States Grand Prix,americas,Circuit of the Americas,ricciardo,Daniel,Ricciardo,mclaren,McLaren,7,1:34.407,1:34.643,1:33.808
2021,17,United States Grand Prix,americas,Circuit of the Americas,norris,Lando,Norris,mclaren,McLaren,8,1:34.551,1:33.880,1:33.887
2021,17,United States Grand Prix,americas,Circuit of the Americas,gasly,Pierre,Gasly,alphatauri,AlphaTauri,9,1:34.567,1:34.583,1:34.118
2021,17,United States Grand Prix,americas,Circuit of the Americas,tsunoda,Yuki,Tsunoda,alphatauri,AlphaTauri,10,1:35.360,1:35.137,1:34.918
2021,17,United States Grand Prix,americas,Circuit of the Americas,ocon,Esteban,Ocon,alpine,Alpine F1 Team,11,1:35.747,1:35.377,
2021,17,United States Grand Prix,americas,Circuit of the Americas,vettel,Sebastian,Vettel,aston_martin,Aston Martin,12,1:35.281,1:35.500,
2021,17,United States Grand Prix,americas,Circuit of the Americas,giovinazzi,Antonio,Giovinazzi,alfa,Alfa Romeo,13,1:35.920,1:35.794,
2021,17,United States Grand Prix,americas,Circuit of the Americas,alonso,Fernando,Alonso,alpine,Alpine F1 Team,14,1:35.756,1:44.549,
2021,17,United States Grand Prix,americas,Circuit of the Americas,russell,George,Russell,williams,Williams,15,1:35.746,,
2021,17,United States Grand Prix,americas,Circuit of the Americas,stroll,Lance,Stroll,aston_martin,Aston Martin,16,1:35.983,,
2021,17,United States Grand Prix,americas,Circuit of the Americas,latifi,Nicholas,Latifi,williams,Williams,17,1:35.995,,
2021,17,United States Grand Prix,americas,Circuit of the Americas,raikkonen,Kimi,Räikkönen,alfa,Alfa Romeo,18,1:36.311,,
2021,17,United States Grand Prix,americas,Circuit of the Americas,mick_schumacher,Mick,Schumacher,haas,Haas F1 Team,19,1:36.499,,
2021,17,United States Grand Prix,americas,Circuit of the Americas,mazepin,Nikita,Mazepin,haas,Haas F1 Team,20,1:36.796,,
2021,18,Mexico City Grand Prix,rodriguez,Autódromo Hermanos Rodríguez,bottas,Valtteri,Bottas,mercedes,Mercedes,1,1:16.727,1:16.864,1:15.875
2021,18,Mexico City Grand Prix,rodriguez,Autódromo Hermanos Rodríguez,hamilton,Lewis,Hamilton,mercedes,Mercedes,2,1:17.207,1:16.474,1:16.020
2021,18,Mexico City Grand Prix,rodriguez,Autódromo Hermanos Rodríguez,max_verstappen,Max,Verstappen,red_bull,Red Bull,3,1:16.788,1:16.483,1:16.225
2021,18,Mexico City Grand Prix,rodriguez,Autódromo Hermanos Rodríguez,perez,Sergio,Pérez,red_bull,Red Bull,4,1:17.003,1:17.055,1:16.342
2021,18,Mexico City Grand Prix,rodriguez,Autódromo Hermanos Rodríguez,gasly,Pierre,Gasly,alphatauri,AlphaTauri,5,1:16.908,1:16.955,1:16.456
2021,18,Mexico City Grand Prix,rodriguez,Autódromo Hermanos Rodríguez,sainz,Carlos,Sainz,ferrari,Ferrari,6,1:17.517,1:17.248,1:16.761
2021,18,Mexico City Grand Prix,rodriguez,Autódromo Hermanos Rodríguez,ricciardo,Daniel,Ricciardo,mclaren,McLaren,7,1:17.719,1:17.092,1:16.763
2021,18,Mexico City Grand Prix,rodriguez,Autódromo Hermanos Rodríguez,leclerc,Charles,Leclerc,ferrari,Ferrari,8,1:16.748,1:17.034,1:16.837
2021,18,Mexico City Grand Prix,rodriguez,Autódromo Hermanos Rodríguez,tsunoda,Yuki,Tsunoda,alphatauri,AlphaTauri,9,1:17.330,1:16.701,1:17.158
2021,18,Mexico City Grand Prix,rodriguez,Autódromo Hermanos Rodríguez,norris,Lando,Norris,mclaren,McLaren,10,1:17.569,1:17.473,1:36.830
2021,18,Mexico City Grand Prix,rodriguez,Autódromo Hermanos Rodríguez,vettel,Sebastian,Vettel,aston_martin,Aston Martin,11,1:17.502,1:17.746,
2021,18,Mexico City Grand Prix,rodriguez,Autódromo Hermanos Rodríguez,raikkonen,Kimi,Räikkönen,alfa,Alfa Romeo,12,1:17.606,1:17.958,
2021,18,Mexico City Grand Prix,rodriguez,Autódromo Hermanos Rodríguez,russell,George,Russell,williams,Williams,13,1:17.958,1:18.172,
2021,18,Mexico City Grand Prix,rodriguez,Autódromo Hermanos Rodríguez,giovinazzi,Antonio,Giovinazzi,alfa,Alfa Romeo,14,1:17.897,1:18.290,
2021,18,Mexico City Grand Prix,rodriguez,Autódromo Hermanos Rodríguez,ocon,Esteban,Ocon,alpine,Alpine F1 Team,15,1:18.126,1:18.405,
2021,18,Mexico City Grand Prix,rodriguez,Autódromo Hermanos Rodríguez,alonso,Fernando,Alonso,alpine,Alpine F1 Team,16,1:18.452,,
2021,18,Mexico City Grand Prix,rodriguez,Autódromo Hermanos Rodríguez,latifi,Nicholas,Latifi,williams,Williams,17,1:18.756,,
2021,18,Mexico City Grand Prix,rodriguez,Autódromo Hermanos Rodríguez,mick_schumacher,Mick,Schumacher,haas,Haas F1 Team,18,1:18.858,,
2021,18,Mexico City Grand Prix,rodriguez,Autódromo Hermanos Rodríguez,mazepin,Nikita,Mazepin,haas,Haas F1 Team,19,1:19.303,,
2021,18,Mexico City Grand Prix,rodriguez,Autódromo Hermanos Rodríguez,stroll,Lance,Stroll,aston_martin,Aston Martin,20,1:20.873,,
2021,19,São Paulo Grand Prix,interlagos,Autódromo José Carlos Pace,hamilton,Lewis,Hamilton,mercedes,Mercedes,1,1:08.733,1:08.068,1:07.934
2021,19,São Paulo Grand Prix,interlagos,Autódromo José Carlos Pace,max_verstappen,Max,Verstappen,red_bull,Red Bull,2,1:09.329,1:08.499,1:08.372
2021,19,São Paulo Grand Prix,interlagos,Autódromo José Carlos Pace,bottas,Valtteri,Bottas,mercedes,Mercedes,3,1:09.040,1:08.426,1:08.469
2021,19,São Paulo Grand Prix,interlagos,Autódromo José Carlos Pace,perez,Sergio,Pérez,red_bull,Red Bull,4,1:09.172,1:08.973,1:08.483
2021,19,São Paulo Grand Prix,interlagos,Autódromo José Carlos Pace,gasly,Pierre,Gasly,alphatauri,AlphaTauri,5,1:09.347,1:08.903,1:08.777
2021,19,São Paulo Grand Prix,interlagos,Autódromo José Carlos Pace,sainz,Carlos,Sainz,ferrari,Ferrari,6,1:09.046,1:09.031,1:08.826
2021,19,São Paulo Grand Prix,interlagos,Autódromo José Carlos Pace,leclerc,Charles,Leclerc,ferrari,Ferrari,7,1:09.155,1:08.859,1:08.960
2021,19,São Paulo Grand Prix,interlagos,Autódromo José Carlos Pace,norris,Lando,Norris,mclaren,McLaren,8,1:09.365,1:09.030,1:08.980
2021,19,São Paulo Grand Prix,interlagos,Autódromo José Carlos Pace,ricciardo,Daniel,Ricciardo,mclaren,McLaren,9,1:09.374,1:09.093,1:09.039
2021,19,São Paulo Grand Prix,interlagos,Autódromo José Carlos Pace,alonso,Fernando,Alonso,alpine,Alpine F1 Team,10,1:09.391,1:09.137,1:09.113
2021,19,São Paulo Grand Prix,interlagos,Autódromo José Carlos Pace,ocon,Esteban,Ocon,alpine,Alpine F1 Team,11,1:09.430,1:09.189,
2021,19,São Paulo Grand Prix,interlagos,Autódromo José Carlos Pace,vettel,Sebastian,Vettel,aston_martin,Aston Martin,12,1:09.451,1:09.399,
2021,19,São Paulo Grand Prix,interlagos,Autódromo José Carlos Pace,tsunoda,Yuki,Tsunoda,alphatauri,AlphaTauri,13,1:09.350,1:09.483,
2021,19,São Paulo Grand Prix,interlagos,Autódromo José Carlos Pace,raikkonen,Kimi,Räikkönen,alfa,Alfa Romeo,14,1:09.598,1:09.503,
2021,19,São Paulo Grand Prix,interlagos,Autódromo José Carlos Pace,giovinazzi,Antonio,Giovinazzi,alfa,Alfa Romeo,15,1:09.342,1:10.227,
2021,19,São Paulo Grand Prix,interlagos,Autódromo José Carlos Pace,stroll,Lance,Stroll,aston_martin,Aston Martin,16,1:09.663,,
2021,19,São Paulo Grand Prix,interlagos,Autódromo José Carlos Pace,latifi,Nicholas,Latifi,williams,Williams,17,1:09.897,,
2021,19,São Paulo Grand Prix,interlagos,Autódromo José Carlos Pace,russell,George,Russell,williams,Williams,18,1:09.953,,
2021,19,São Paulo Grand Prix,interlagos,Autódromo José Carlos Pace,mick_schumacher,Mick,Schumacher,haas,Haas F1 Team,19,1:10.329,,
2021,19,São Paulo Grand Prix,interlagos,Autódromo José Carlos Pace,mazepin,Nikita,Mazepin,haas,Haas F1 Team,20,1:10.589,,
2021,20,Qatar Grand Prix,losail,Losail International Circuit,hamilton,Lewis,Hamilton,mercedes,Mercedes,1,1:21.901,1:21.682,1:20.827
2021,20,Qatar Grand Prix,losail,Losail International Circuit,max_verstappen,Max,Verstappen,red_bull,Red Bull,2,1:21.996,1:21.984,1:21.282
2021,20,Qatar Grand Prix,losail,Losail International Circuit,bottas,Valtteri,Bottas,mercedes,Mercedes,3,1:22.016,1:21.991,1:21.478
2021,20,Qatar Grand Prix,losail,Losail International Circuit,gasly,Pierre,Gasly,alphatauri,AlphaTauri,4,1:22.535,1:21.728,1:21.640
2021,20,Qatar Grand Prix,losail,Losail International Circuit,alonso,Fernando,Alonso,alpine,Alpine F1 Team,5,1:22.422,1:21.894,1:21.670
2021,20,Qatar Grand Prix,losail,Losail International Circuit,norris,Lando,Norris,mclaren,McLaren,6,1:22.839,1:22.216,1:21.731
2021,20,Qatar Grand Prix,losail,Losail International Circuit,sainz,Carlos,Sainz,ferrari,Ferrari,7,1:22.304,1:22.241,1:21.840
2021,20,Qatar Grand Prix,losail,Losail International Circuit,tsunoda,Yuki,Tsunoda,alphatauri,AlphaTauri,8,1:22.458,1:22.058,1:21.881
2021,20,Qatar Grand Prix,losail,Losail International Circuit,ocon,Esteban,Ocon,alpine,Alpine F1 Team,9,1:22.565,1:22.012,1:22.028
2021,20,Qatar Grand Prix,losail,Losail International Circuit,vettel,Sebastian,Vettel,aston_martin,Aston Martin,10,1:22.549,1:22.146,1:22.785
2021,20,Qatar Grand Prix,losail,Losail International Circuit,perez,Sergio,Pérez,red_bull,Red Bull,11,1:22.398,1:22.346,
2021,20,Qatar Grand Prix,losail,Losail International Circuit,stroll,Lance,Stroll,aston_martin,Aston Martin,12,1:22.551,1:22.460,
2021,20,Qatar Grand Prix,losail,Losail International Circuit,leclerc,Charles,Leclerc,ferrari,Ferrari,13,1:22.742,1:22.463,
2021,20,Qatar Grand Prix,losail,Losail International Circuit,ricciardo,Daniel,Ricciardo,mclaren,McLaren,14,1:22.688,1:22.597,
2021,20,Qatar Grand Prix,losail,Losail International Circuit,russell,George,Russell,williams,Williams,15,1:22.863,1:22.756,
2021,20,Qatar Grand Prix,losail,Losail International Circuit,raikkonen,Kimi,Räikkönen,alfa,Alfa Romeo,16,1:23.156,,
2021,20,Qatar Grand Prix,losail,Losail International Circuit,latifi,Nicholas,Latifi,williams,Williams,17,1:23.213,,
2021,20,Qatar Grand Prix,losail,Losail International Circuit,giovinazzi,Antonio,Giovinazzi,alfa,Alfa Romeo,18,1:23.262,,
2021,20,Qatar Grand Prix,losail,Losail International Circuit,mick_schumacher,Mick,Schumacher,haas,Haas F1 Team,19,1:23.407,,
2021,20,Qatar Grand Prix,losail,Losail International Circuit,mazepin,Nikita,Mazepin,haas,Haas F1 Team,20,1:25.859,,
2021,21,Saudi Arabian Grand Prix,jeddah,Jeddah Corniche Circuit,hamilton,Lewis,Hamilton,mercedes,Mercedes,1,1:28.466,1:27.712,1:27.511
2021,21,Saudi Arabian Grand Prix,jeddah,Jeddah Corniche Circuit,bottas,Valtteri,Bottas,mercedes,Mercedes,2,1:28.057,1:28.054,1:27.622
2021,21,Saudi Arabian Grand Prix,jeddah,Jeddah Corniche Circuit,max_verstappen,Max,Verstappen,red_bull,Red Bull,3,1:28.285,1:27.953,1:27.653
2021,21,Saudi Arabian Grand Prix,jeddah,Jeddah Corniche Circuit,leclerc,Charles,Leclerc,ferrari,Ferrari,4,1:28.310,1:28.459,1:28.054
2021,21,Saudi Arabian Grand Prix,jeddah,Jeddah Corniche Circuit,perez,Sergio,Pérez,red_bull,Red Bull,5,1:28.021,1:27.946,1:28.123
2021,21,Saudi Arabian Grand Prix,jeddah,Jeddah Corniche Circuit,gasly,Pierre,Gasly,alphatauri,AlphaTauri,6,1:28.401,1:28.314,1:28.125
2021,21,Saudi Arabian Grand Prix,jeddah,Jeddah Corniche Circuit,norris,Lando,Norris,mclaren,McLaren,7,1:28.338,1:28.344,1:28.180
2021,21,Saudi Arabian Grand Prix,jeddah,Jeddah Corniche Circuit,tsunoda,Yuki,Tsunoda,alphatauri,AlphaTauri,8,1:28.503,1:28.222,1:28.442
2021,21,Saudi Arabian Grand Prix,jeddah,Jeddah Corniche Circuit,ocon,Esteban,Ocon,alpine,Alpine F1 Team,9,1:28.752,1:28.574,1:28.647
2021,21,Saudi Arabian Grand Prix,jeddah,Jeddah Corniche Circuit,giovinazzi,Antonio,Giovinazzi,alfa,Alfa Romeo,10,1:28.899,1:28.616,1:28.754
2021,21,Saudi Arabian Grand Prix,jeddah,Jeddah Corniche Circuit,ricciardo,Daniel,Ricciardo,mclaren,McLaren,11,1:28.216,1:28.668,
2021,21,Saudi Arabian Grand Prix,jeddah,Jeddah Corniche Circuit,raikkonen,Kimi,Räikkönen,alfa,Alfa Romeo,12,1:28.856,1:28.885,
2021,21,Saudi Arabian Grand Prix,jeddah,Jeddah Corniche Circuit,alonso,Fernando,Alonso,alpine,Alpine F1 Team,13,1:28.944,1:28.920,
2021,21,Saudi Arabian Grand Prix,jeddah,Jeddah Corniche Circuit,russell,George,Russell,williams,Williams,14,1:28.926,1:29.054,
2021,21,Saudi Arabian Grand Prix,jeddah,Jeddah Corniche Circuit,sainz,Carlos,Sainz,ferrari,Ferrari,15,1:28.237,1:53.652,
2021,21,Saudi Arabian Grand Prix,jeddah,Jeddah Corniche Circuit,latifi,Nicholas,Latifi,williams,Williams,16,1:29.177,,
2021,21,Saudi Arabian Grand Prix,jeddah,Jeddah Corniche Circuit,vettel,Sebastian,Vettel,aston_martin,Aston Martin,17,1:29.198,,
2021,21,Saudi Arabian Grand Prix,jeddah,Jeddah Corniche Circuit,stroll,Lance,Stroll,aston_martin,Aston Martin,18,1:29.368,,
2021,21,Saudi Arabian Grand Prix,jeddah,Jeddah Corniche Circuit,mick_schumacher,Mick,Schumacher,haas,Haas F1 Team,19,1:29.464,,
2021,21,Saudi Arabian Grand Prix,jeddah,Jeddah Corniche Circuit,mazepin,Nikita,Mazepin,haas,Haas F1 Team,20,1:30.473,,
2021,22,Abu Dhabi Grand Prix,yas_marina,Yas Marina Circuit,max_verstappen,Max,Verstappen,red_bull,Red Bull,1,1:23.322,1:22.800,1:22.109
2021,22,Abu Dhabi Grand Prix,yas_marina,Yas Marina Circuit,hamilton,Lewis,Hamilton,mercedes,Mercedes,2,1:22.845,1:23.145,1:22.480
2021,22,Abu Dhabi Grand Prix,yas_marina,Yas Marina Circuit,norris,Lando,Norris,mclaren,McLaren,3,1:23.553,1:23.256,1:22.931
2021,22,Abu Dhabi Grand Prix,yas_marina,Yas Marina Circuit,perez,Sergio,Pérez,red_bull,Red Bull,4,1:23.350,1:23.135,1:22.947
2021,22,Abu Dhabi Grand Prix,yas_marina,Yas Marina Circuit,sainz,Carlos,Sainz,ferrari,Ferrari,5,1:23.624,1:23.174,1:22.992
2021,22,Abu Dhabi Grand Prix,yas_marina,Yas Marina Circuit,bottas,Valtteri,Bottas,mercedes,Mercedes,6,1:23.117,1:23.246,1:23.036
2021,22,Abu Dhabi Grand Prix,yas_marina,Yas Marina Circuit,leclerc,Charles,Leclerc,ferrari,Ferrari,7,1:23.467,1:23.202,1:23.122
2021,22,Abu Dhabi Grand Prix,yas_marina,Yas Marina Circuit,tsunoda,Yuki,Tsunoda,alphatauri,AlphaTauri,8,1:23.428,1:23.404,1:23.220
2021,22,Abu Dhabi Grand Prix,yas_marina,Yas Marina Circuit,ocon,Esteban,Ocon,alpine,Alpine F1 Team,9,1:23.764,1:23.420,1:23.389
2021,22,Abu Dhabi Grand Prix,yas_marina,Yas Marina Circuit,ricciardo,Daniel,Ricciardo,mclaren,McLaren,10,1:23.829,1:23.448,1:23.409
2021,22,Abu Dhabi Grand Prix,yas_marina,Yas Marina Circuit,alonso,Fernando,Alonso,alpine,Alpine F1 Team,11,1:23.846,1:23.460,
2021,22,Abu Dhabi Grand Prix,yas_marina,Yas Marina Circuit,gasly,Pierre,Gasly,alphatauri,AlphaTauri,12,1:23.489,1:24.043,
2021,22,Abu Dhabi Grand Prix,yas_marina,Yas Marina Circuit,stroll,Lance,Stroll,aston_martin,Aston Martin,13,1:24.061,1:24.066,
2021,22,Abu Dhabi Grand Prix,yas_marina,Yas Marina Circuit,giovinazzi,Antonio,Giovinazzi,alfa,Alfa Romeo,14,1:24.118,1:24.251,
2021,22,Abu Dhabi Grand Prix,yas_marina,Yas Marina Circuit,vettel,Sebastian,Vettel,aston_martin,Aston Martin,15,1:24.225,1:24.305,
2021,22,Abu Dhabi Grand Prix,yas_marina,Yas Marina Circuit,latifi,Nicholas,Latifi,williams,Williams,16,1:24.338,,
2021,22,Abu Dhabi Grand Prix,yas_marina,Yas Marina Circuit,russell,George,Russell,williams,Williams,17,1:24.423,,
2021,22,Abu Dhabi Grand Prix,yas_marina,Yas Marina Circuit,raikkonen,Kimi,Räikkönen,alfa,Alfa Romeo,18,1:24.779,,
2021,22,Abu Dhabi Grand Prix,yas_marina,Yas Marina Circuit,mick_schumacher,Mick,Schumacher,haas,Haas F1 Team,19,1:24.906,,
2021,22,Abu Dhabi Grand Prix,yas_marina,Yas Marina Circuit,mazepin,Nikita,Mazepin,haas,Haas F1 Team,20,1:25.685,,
2022,1,Bahrain Grand Prix,bahrain,Bahrain International Circuit,leclerc,Charles,Leclerc,ferrari,Ferrari,1,1:31.471,1:30.932,1:30.558
2022,1,Bahrain Grand Prix,bahrain,Bahrain International Circuit,max_verstappen,Max,Verstappen,red_bull,Red Bull,2,1:31.785,1:30.757,1:30.681
2022,1,Bahrain Grand Prix,bahrain,Bahrain International Circuit,sainz,Carlos,Sainz,ferrari,Ferrari,3,1:31.567,1:30.787,1:30.687
2022,1,Bahrain Grand Prix,bahrain,Bahrain International Circuit,perez,Sergio,Pérez,red_bull,Red Bull,4,1:32.311,1:31.008,1:30.921
2022,1,Bahrain Grand Prix,bahrain,Bahrain International Circuit,hamilton,Lewis,Hamilton,mercedes,Mercedes,5,1:32.285,1:31.048,1:31.238
2022,1,Bahrain Grand Prix,bahrain,Bahrain International Circuit,bottas,Valtteri,Bottas,alfa,Alfa Romeo,6,1:31.919,1:31.717,1:31.560
2022,1,Bahrain Grand Prix,bahrain,Bahrain International Circuit,kevin_magnussen,Kevin,Magnussen,haas,Haas F1 Team,7,1:31.955,1:31.461,1:31.808
2022,1,Bahrain Grand Prix,bahrain,Bahrain International Circuit,alonso,Fernando,Alonso,alpine,Alpine F1 Team,8,1:32.346,1:31.621,1:32.195
2022,1,Bahrain Grand Prix,bahrain,Bahrain International Circuit,russell,George,Russell,mercedes,Mercedes,9,1:32.269,1:31.252,1:32.216
2022,1,Bahrain Grand Prix,bahrain,Bahrain International Circuit,gasly,Pierre,Gasly,alphatauri,AlphaTauri,10,1:32.096,1:31.635,1:32.338
2022,1,Bahrain Grand Prix,bahrain,Bahrain International Circuit,ocon,Esteban,Ocon,alpine,Alpine F1 Team,11,1:32.041,1:31.782,
2022,1,Bahrain Grand Prix,bahrain,Bahrain International Circuit,mick_schumacher,Mick,Schumacher,haas,Haas F1 Team,12,1:32.380,1:31.998,
2022,1,Bahrain Grand Prix,bahrain,Bahrain International Circuit,norris,Lando,Norris,mclaren,McLaren,13,1:32.239,1:32.008,
2022,1,Bahrain Grand Prix,bahrain,Bahrain International Circuit,albon,Alexander,Albon,williams,Williams,14,1:32.726,1:32.664,
2022,1,Bahrain Grand Prix,bahrain,Bahrain International Circuit,zhou,Guanyu,Zhou,alfa,Alfa Romeo,15,1:32.493,1:33.543,
2022,1,Bahrain Grand Prix,bahrain,Bahrain International Circuit,tsunoda,Yuki,Tsunoda,alphatauri,AlphaTauri,16,1:32.750,,
2022,1,Bahrain Grand Prix,bahrain,Bahrain International Circuit,hulkenberg,Nico,Hülkenberg,aston_martin,Aston Martin,17,1:32.777,,
2022,1,Bahrain Grand Prix,bahrain,Bahrain International Circuit,ricciardo,Daniel,Ricciardo,mclaren,McLaren,18,1:32.945,,
2022,1,Bahrain Grand Prix,bahrain,Bahrain International Circuit,stroll,Lance,Stroll,aston_martin,Aston Martin,19,1:33.032,,
2022,1,Bahrain Grand Prix,bahrain,Bahrain International Circuit,latifi,Nicholas,Latifi,williams,Williams,20,1:33.634,,
2022,2,Saudi Arabian Grand Prix,jeddah,Jeddah Corniche Circuit,perez,Sergio,Pérez,red_bull,Red Bull,1,1:29.705,1:28.924,1:28.200
2022,2,Saudi Arabian Grand Prix,jeddah,Jeddah Corniche Circuit,leclerc,Charles,Leclerc,ferrari,Ferrari,2,1:29.039,1:28.780,1:28.225
2022,2,Saudi Arabian Grand Prix,jeddah,Jeddah Corniche Circuit,sainz,Carlos,Sainz,ferrari,Ferrari,3,1:28.855,1:28.686,1:28.402
2022,2,Saudi Arabian Grand Prix,jeddah,Jeddah Corniche Circuit,max_verstappen,Max,Verstappen,red_bull,Red Bull,4,1:28.928,1:28.945,1:28.461
2022,2,Saudi Arabian Grand Prix,jeddah,Jeddah Corniche Circuit,ocon,Esteban,Ocon,alpine,Alpine F1 Team,5,1:30.093,1:29.584,1:29.068
2022,2,Saudi Arabian Grand Prix,jeddah,Jeddah Corniche Circuit,russell,George,Russell,mercedes,Mercedes,6,1:29.680,1:29.618,1:29.104
2022,2,Saudi Arabian Grand Prix,jeddah,Jeddah Corniche Circuit,alonso,Fernando,Alonso,alpine,Alpine F1 Team,7,1:29.978,1:29.295,1:29.147
2022,2,Saudi Arabian Grand Prix,jeddah,Jeddah Corniche Circuit,bottas,Valtteri,Bottas,alfa,Alfa Romeo,8,1:29.683,1:29.404,1:29.183
2022,2,Saudi Arabian Grand Prix,jeddah,Jeddah Corniche Circuit,gasly,Pierre,Gasly,alphatauri,AlphaTauri,9,1:29.891,1:29.418,1:29.254
2022,2,Saudi Arabian Grand Prix,jeddah,Jeddah Corniche Circuit,kevin_magnussen,Kevin,Magnussen,haas,Haas F1 Team,10,1:29.831,1:29.546,1:29.588
2022,2,Saudi Arabian Grand Prix,jeddah,Jeddah Corniche Circuit,norris,Lando,Norris,mclaren,McLaren,11,1:29.957,1:29.651,
2022,2,Saudi Arabian Grand Prix,jeddah,Jeddah Corniche Circuit,ricciardo,Daniel,Ricciardo,mclaren,McLaren,12,1:30.009,1:29.773,
2022,2,Saudi Arabian Grand Prix,jeddah,Jeddah Corniche Circuit,zhou,Guanyu,Zhou,alfa,Alfa Romeo,13,1:29.978,1:29.819,
2022,2,Saudi Arabian Grand Prix,jeddah,Jeddah Corniche Circuit,mick_schumacher,Mick,Schumacher,haas,Haas F1 Team,14,1:30.167,1:29.920,
2022,2,Saudi Arabian Grand Prix,jeddah,Jeddah Corniche Circuit,stroll,Lance,Stroll,aston_martin,Aston Martin,15,1:30.256,1:31.009,
2022,2,Saudi Arabian Grand Prix,jeddah,Jeddah Corniche Circuit,hamilton,Lewis,Hamilton,mercedes,Mercedes,16,1:30.343,,
2022,2,Saudi Arabian Grand Prix,jeddah,Jeddah Corniche Circuit,albon,Alexander,Albon,williams,Williams,17,1:30.492,,
2022,2,Saudi Arabian Grand Prix,jeddah,Jeddah Corniche Circuit,hulkenberg,Nico,Hülkenberg,aston_martin,Aston Martin,18,1:30.543,,
2022,2,Saudi Arabian Grand Prix,jeddah,Jeddah Corniche Circuit,latifi,Nicholas,Latifi,williams,Williams,19,1:31.817,,
2022,2,Saudi Arabian Grand Prix,jeddah,Jeddah Corniche Circuit,tsunoda,Yuki,Tsunoda,alphatauri,AlphaTauri,20,,,
2022,3,Australian Grand Prix,albert_park,Albert Park Grand Prix Circuit,leclerc,Charles,Leclerc,ferrari,Ferrari,1,1:18.881,1:18.606,1:17.868
2022,3,Australian Grand Prix,albert_park,Albert Park Grand Prix Circuit,max_verstappen,Max,Verstappen,red_bull,Red Bull,2,1:18.580,1:18.611,1:18.154
2022,3,Australian Grand Prix,albert_park,Albert Park Grand Prix Circuit,perez,Sergio,Pérez,red_bull,Red Bull,3,1:18.834,1:18.340,1:18.240
2022,3,Australian Grand Prix,albert_park,Albert Park Grand Prix Circuit,norris,Lando,Norris,mclaren,McLaren,4,1:19.280,1:19.066,1:18.703
2022,3,Australian Grand Prix,albert_park,Albert Park Grand Prix Circuit,hamilton,Lewis,Hamilton,mercedes,Mercedes,5,1:19.401,1:19.106,1:18.825
2022,3,Australian Grand Prix,albert_park,Albert Park Grand Prix Circuit,russell,George,Russell,mercedes,Mercedes,6,1:19.405,1:19.076,1:18.933
2022,3,Australian Grand Prix,albert_park,Albert Park Grand Prix Circuit,ricciardo,Daniel,Ricciardo,mclaren,McLaren,7,1:19.665,1:19.130,1:19.032
2022,3,Australian Grand Prix,albert_park,Albert Park Grand Prix Circuit,ocon,Esteban,Ocon,alpine,Alpine F1 Team,8,1:19.605,1:19.136,1:19.061
2022,3,Australian Grand Prix,albert_park,Albert Park Grand Prix Circuit,sainz,Carlos,Sainz,ferrari,Ferrari,9,1:18.983,1:18.469,1:19.408
2022,3,Australian Grand Prix,albert_park,Albert Park Grand Prix Circuit,alonso,Fernando,Alonso,alpine,Alpine F1 Team,10,1:19.192,1:18.815,
2022,3,Australian Grand Prix,albert_park,Albert Park Grand Prix Circuit,gasly,Pierre,Gasly,alphatauri,AlphaTauri,11,1:19.580,1:19.226,
2022,3,Australian Grand Prix,albert_park,Albert Park Grand Prix Circuit,bottas,Valtteri,Bottas,alfa,Alfa Romeo,12,1:19.251,1:19.410,
2022,3,Australian Grand Prix,albert_park,Albert Park Grand Prix Circuit,tsunoda,Yuki,Tsunoda,alphatauri,AlphaTauri,13,1:19.742,1:19.424,
2022,3,Australian Grand Prix,albert_park,Albert Park Grand Prix Circuit,zhou,Guanyu,Zhou,alfa,Alfa Romeo,14,1:19.910,1:20.155,
2022,3,Australian Grand Prix,albert_park,Albert Park Grand Prix Circuit,mick_schumacher,Mick,Schumacher,haas,Haas F1 Team,15,1:20.104,1:20.465,
2022,3,Australian Grand Prix,albert_park,Albert Park Grand Prix Circuit,albon,Alexander,Albon,williams,Williams,16,1:20.135,,
2022,3,Australian Grand Prix,albert_park,Albert Park Grand Prix Circuit,kevin_magnussen,Kevin,Magnussen,haas,Haas F1 Team,17,1:20.254,,
2022,3,Australian Grand Prix,albert_park,Albert Park Grand Prix Circuit,vettel,Sebastian,Vettel,aston_martin,Aston Martin,18,1:21.149,,
2022,3,Australian Grand Prix,albert_park,Albert Park Grand Prix Circuit,latifi,Nicholas,Latifi,williams,Williams,19,1:21.372,,
2022,3,Australian Grand Prix,albert_park,Albert Park Grand Prix Circuit,stroll,Lance,Stroll,aston_martin,Aston Martin,20,,,
2022,4,Emilia Romagna Grand Prix,imola,Autodromo Enzo e Dino Ferrari,max_verstappen,Max,Verstappen,red_bull,Red Bull,1,1:19.295,1:18.793,1:27.999
2022,4,Emilia Romagna Grand Prix,imola,Autodromo Enzo e Dino Ferrari,leclerc,Charles,Leclerc,ferrari,Ferrari,2,1:18.796,1:19.584,1:28.778
2022,4,Emilia Romagna Grand Prix,imola,Autodromo Enzo e Dino Ferrari,norris,Lando,Norris,mclaren,McLaren,3,1:20.168,1:19.294,1:29.131
2022,4,Emilia Romagna Grand Prix,imola,Autodromo Enzo e Dino Ferrari,kevin_magnussen,Kevin,Magnussen,haas,Haas F1 Team,4,1:20.147,1:19.902,1:29.164
2022,4,Emilia Romagna Grand Prix,imola,Autodromo Enzo e Dino Ferrari,alonso,Fernando,Alonso,alpine,Alpine F1 Team,5,1:20.198,1:19.595,1:29.202
2022,4,Emilia Romagna Grand Prix,imola,Autodromo Enzo e Dino Ferrari,ricciardo,Daniel,Ricciardo,mclaren,McLaren,6,1:19.980,1:20.031,1:29.742
2022,4,Emilia Romagna Grand Prix,imola,Autodromo Enzo e Dino Ferrari,perez,Sergio,Pérez,red_bull,Red Bull,7,1:19.773,1:19.296,1:29.808
2022,4,Emilia Romagna Grand Prix,imola,Autodromo Enzo e Dino Ferrari,bottas,Valtteri,Bottas,alfa,Alfa Romeo,8,1:20.419,1:20.192,1:30.439
2022,4,Emilia Romagna Grand Prix,imola,Autodromo Enzo e Dino Ferrari,vettel,Sebastian,Vettel,aston_martin,Aston Martin,9,1:20.364,1:19.957,1:31.062
2022,4,Emilia Romagna Grand Prix,imola,Autodromo Enzo e Dino Ferrari,sainz,Carlos,Sainz,ferrari,Ferrari,10,1:19.305,1:18.990,
2022,4,Emilia Romagna Grand Prix,imola,Autodromo Enzo e Dino Ferrari,russell,George,Russell,mercedes,Mercedes,11,1:20.383,1:20.757,
2022,4,Emilia Romagna Grand Prix,imola,Autodromo Enzo e Dino Ferrari,mick_schumacher,Mick,Schumacher,haas,Haas F1 Team,12,1:20.422,1:20.916,
2022,4,Emilia Romagna Grand Prix,imola,Autodromo Enzo e Dino Ferrari,hamilton,Lewis,Hamilton,mercedes,Mercedes,13,1:20.470,1:21.138,
2022,4,Emilia Romagna Grand Prix,imola,Autodromo Enzo e Dino Ferrari,zhou,Guanyu,Zhou,alfa,Alfa Romeo,14,1:19.730,1:21.434,
2022,4,Emilia Romagna Grand Prix,imola,Autodromo Enzo e Dino Ferrari,stroll,Lance,Stroll,aston_martin,Aston Martin,15,1:20.342,1:28.119,
2022,4,Emilia Romagna Grand Prix,imola,Autodromo Enzo e Dino Ferrari,tsunoda,Yuki,Tsunoda,alphatauri,AlphaTauri,16,1:20.474,,
2022,4,Emilia Romagna Grand Prix,imola,Autodromo Enzo e Dino Ferrari,gasly,Pierre,Gasly,alphatauri,AlphaTauri,17,1:20.732,,
2022,4,Emilia Romagna Grand Prix,imola,Autodromo Enzo e Dino Ferrari,latifi,Nicholas,Latifi,williams,Williams,18,1:21.971,,
2022,4,Emilia Romagna Grand Prix,imola,Autodromo Enzo e Dino Ferrari,ocon,Esteban,Ocon,alpine,Alpine F1 Team,19,1:22.338,,
2022,4,Emilia Romagna Grand Prix,imola,Autodromo Enzo e Dino Ferrari,albon,Alexander,Albon,williams,Williams,20,,,
2022,5,Miami Grand Prix,miami,Miami International Autodrome,leclerc,Charles,Leclerc,ferrari,Ferrari,1,1:29.474,1:29.130,1:28.796
2022,5,Miami Grand Prix,miami,Miami International Autodrome,sainz,Carlos,Sainz,ferrari,Ferrari,2,1:30.079,1:29.729,1:28.986
2022,5,Miami Grand Prix,miami,Miami International Autodrome,max_verstappen,Max,Verstappen,red_bull,Red Bull,3,1:29.836,1:29.202,1:28.991
2022,5,Miami Grand Prix,miami,Miami International Autodrome,perez,Sergio,Pérez,red_bull,Red Bull,4,1:30.055,1:29.673,1:29.036
2022,5,Miami Grand Prix,miami,Miami International Autodrome,bottas,Valtteri,Bottas,alfa,Alfa Romeo,5,1:30.845,1:29.751,1:29.475
2022,5,Miami Grand Prix,miami,Miami International Autodrome,hamilton,Lewis,Hamilton,mercedes,Mercedes,6,1:30.388,1:29.797,1:29.625
2022,5,Miami Grand Prix,miami,Miami International Autodrome,gasly,Pierre,Gasly,alphatauri,AlphaTauri,7,1:30.779,1:30.128,1:29.690
2022,5,Miami Grand Prix,miami,Miami International Autodrome,norris,Lando,Norris,mclaren,McLaren,8,1:30.761,1:29.634,1:29.750
2022,5,Miami Grand Prix,miami,Miami International Autodrome,tsunoda,Yuki,Tsunoda,alphatauri,AlphaTauri,9,1:30.485,1:30.031,1:29.932
2022,5,Miami Grand Prix,miami,Miami International Autodrome,stroll,Lance,Stroll,aston_martin,Aston Martin,10,1:30.441,1:29.996,1:30.676
2022,5,Miami Grand Prix,miami,Miami International Autodrome,alonso,Fernando,Alonso,alpine,Alpine F1 Team,11,1:30.407,1:30.160,
2022,5,Miami Grand Prix,miami,Miami International Autodrome,russell,George,Russell,mercedes,Mercedes,12,1:30.490,1:30.173,
2022,5,Miami Grand Prix,miami,Miami International Autodrome,vettel,Sebastian,Vettel,aston_martin,Aston Martin,13,1:30.677,1:30.214,
2022,5,Miami Grand Prix,miami,Miami International Autodrome,ricciardo,Daniel,Ricciardo,mclaren,McLaren,14,1:30.583,1:30.310,
2022,5,Miami Grand Prix,miami,Miami International Autodrome,mick_schumacher,Mick,Schumacher,haas,Haas F1 Team,15,1:30.645,1:30.423,
2022,5,Miami Grand Prix,miami,Miami International Autodrome,kevin_magnussen,Kevin,Magnussen,haas,Haas F1 Team,16,1:30.975,,
2022,5,Miami Grand Prix,miami,Miami International Autodrome,zhou,Guanyu,Zhou,alfa,Alfa Romeo,17,1:31.020,,
2022,5,Miami Grand Prix,miami,Miami International Autodrome,albon,Alexander,Albon,williams,Williams,18,1:31.266,,
2022,5,Miami Grand Prix,miami,Miami International Autodrome,latifi,Nicholas,Latifi,williams,Williams,19,1:31.325,,
2022,5,Miami Grand Prix,miami,Miami International Autodrome,ocon,Esteban,Ocon,alpine,Alpine F1 Team,20,,,
2022,6,Spanish Grand Prix,catalunya,Circuit de Barcelona-Catalunya,leclerc,Charles,Leclerc,ferrari,Ferrari,1,1:19.861,1:19.969,1:18.750
2022,6,Spanish Grand Prix,catalunya,Circuit de Barcelona-Catalunya,max_verstappen,Max,Verstappen,red_bull,Red Bull,2,1:20.091,1:19.219,1:19.073
2022,6,Spanish Grand Prix,catalunya,Circuit de Barcelona-Catalunya,sainz,Carlos,Sainz,ferrari,Ferrari,3,1:19.892,1:19.453,1:19.166
2022,6,Spanish Grand Prix,catalunya,Circuit de Barcelona-Catalunya,russell,George,Russell,mercedes,Mercedes,4,1:20.218,1:19.470,1:19.393
2022,6,Spanish Grand Prix,catalunya,Circuit de Barcelona-Catalunya,perez,Sergio,Pérez,red_bull,Red Bull,5,1:20.447,1:19.830,1:19.420
2022,6,Spanish Grand Prix,catalunya,Circuit de Barcelona-Catalunya,hamilton,Lewis,Hamilton,mercedes,Mercedes,6,1:20.252,1:19.794,1:19.512
2022,6,Spanish Grand Prix,catalunya,Circuit de Barcelona-Catalunya,bottas,Valtteri,Bottas,alfa,Alfa Romeo,7,1:20.355,1:20.053,1:19.608
2022,6,Spanish Grand Prix,catalunya,Circuit de Barcelona-Catalunya,kevin_magnussen,Kevin,Magnussen,haas,Haas F1 Team,8,1:20.227,1:19.810,1:19.682
2022,6,Spanish Grand Prix,catalunya,Circuit de Barcelona-Catalunya,ricciardo,Daniel,Ricciardo,mclaren,McLaren,9,1:20.549,1:20.287,1:20.297
2022,6,Spanish Grand Prix,catalunya,Circuit de Barcelona-Catalunya,mick_schumacher,Mick,Schumacher,haas,Haas F1 Team,10,1:20.683,1:20.436,1:20.368
2022,6,Spanish Grand Prix,catalunya,Circuit de Barcelona-Catalunya,norris,Lando,Norris,mclaren,McLaren,11,1:20.838,1:20.471,
2022,6,Spanish Grand Prix,catalunya,Circuit de Barcelona-Catalunya,ocon,Esteban,Ocon,alpine,Alpine F1 Team,12,1:20.880,1:20.638,
2022,6,Spanish Grand Prix,catalunya,Circuit de Barcelona-Catalunya,tsunoda,Yuki,Tsunoda,alphatauri,AlphaTauri,13,1:20.707,1:20.639,
2022,6,Spanish Grand Prix,catalunya,Circuit de Barcelona-Catalunya,gasly,Pierre,Gasly,alphatauri,AlphaTauri,14,1:20.719,1:20.861,
2022,6,Spanish Grand Prix,catalunya,Circuit de Barcelona-Catalunya,zhou,Guanyu,Zhou,alfa,Alfa Romeo,15,1:20.476,1:21.094,
2022,6,Spanish Grand Prix,catalunya,Circuit de Barcelona-Catalunya,vettel,Sebastian,Vettel,aston_martin,Aston Martin,16,1:20.954,,
2022,6,Spanish Grand Prix,catalunya,Circuit de Barcelona-Catalunya,alonso,Fernando,Alonso,alpine,Alpine F1 Team,17,1:21.043,,
2022,6,Spanish Grand Prix,catalunya,Circuit de Barcelona-Catalunya,stroll,Lance,Stroll,aston_martin,Aston Martin,18,1:21.418,,
2022,6,Spanish Grand Prix,catalunya,Circuit de Barcelona-Catalunya,albon,Alexander,Albon,williams,Williams,19,1:21.645,,
2022,6,Spanish Grand Prix,catalunya,Circuit de Barcelona-Catalunya,latifi,Nicholas,Latifi,williams,Williams,20,1:21.915,,
2022,7,Monaco Grand Prix,monaco,Circuit de Monaco,leclerc,Charles,Leclerc,ferrari,Ferrari,1,1:12.569,1:11.864,1:11.376
2022,7,Monaco Grand Prix,monaco,Circuit de Monaco,sainz,Carlos,Sainz,ferrari,Ferrari,2,1:12.616,1:12.074,1:11.601
2022,7,Monaco Grand Prix,monaco,Circuit de Monaco,perez,Sergio,Pérez,red_bull,Red Bull,3,1:13.004,1:11.954,1:11.629
2022,7,Monaco Grand Prix,monaco,Circuit de Monaco,max_verstappen,Max,Verstappen,red_bull,Red Bull,4,1:12.993,1:12.117,1:11.666
2022,7,Monaco Grand Prix,monaco,Circuit de Monaco,norris,Lando,Norris,mclaren,McLaren,5,1:12.927,1:12.266,1:11.849
2022,7,Monaco Grand Prix,monaco,Circuit de Monaco,russell,George,Russell,mercedes,Mercedes,6,1:12.787,1:12.617,1:12.112
2022,7,Monaco Grand Prix,monaco,Circuit de Monaco,alonso,Fernando,Alonso,alpine,Alpine F1 Team,7,1:13.394,1:12.688,1:12.247
2022,7,Monaco Grand Prix,monaco,Circuit de Monaco,hamilton,Lewis,Hamilton,mercedes,Mercedes,8,1:13.444,1:12.595,1:12.560
2022,7,Monaco Grand Prix,monaco,Circuit de Monaco,vettel,Sebastian,Vettel,aston_martin,Aston Martin,9,1:13.313,1:12.613,1:12.732
2022,7,Monaco Grand Prix,monaco,Circuit de Monaco,ocon,Esteban,Ocon,alpine,Alpine F1 Team,10,1:12.848,1:12.528,1:13.047
2022,7,Monaco Grand Prix,monaco,Circuit de Monaco,tsunoda,Yuki,Tsunoda,alphatauri,AlphaTauri,11,1:13.110,1:12.797,
2022,7,Monaco Grand Prix,monaco,Circuit de Monaco,bottas,Valtteri,Bottas,alfa,Alfa Romeo,12,1:13.541,1:12.909,
2022,7,Monaco Grand Prix,monaco,Circuit de Monaco,kevin_magnussen,Kevin,Magnussen,haas,Haas F1 Team,13,1:13.069,1:12.921,
2022,7,Monaco Grand Prix,monaco,Circuit de Monaco,ricciardo,Daniel,Ricciardo,mclaren,McLaren,14,1:13.338,1:12.964,
2022,7,Monaco Grand Prix,monaco,Circuit de Monaco,mick_schumacher,Mick,Schumacher,haas,Haas F1 Team,15,1:13.469,1:13.081,
2022,7,Monaco Grand Prix,monaco,Circuit de Monaco,albon,Alexander,Albon,williams,Williams,16,1:13.611,,
2022,7,Monaco Grand Prix,monaco,Circuit de Monaco,gasly,Pierre,Gasly,alphatauri,AlphaTauri,17,1:13.660,,
2022,7,Monaco Grand Prix,monaco,Circuit de Monaco,stroll,Lance,Stroll,aston_martin,Aston Martin,18,1:13.678,,
2022,7,Monaco Grand Prix,monaco,Circuit de Monaco,latifi,Nicholas,Latifi,williams,Williams,19,1:14.403,,
2022,7,Monaco Grand Prix,monaco,Circuit de Monaco,zhou,Guanyu,Zhou,alfa,Alfa Romeo,20,1:15.606,,
2022,8,Azerbaijan Grand Prix,baku,Baku City Circuit,leclerc,Charles,Leclerc,ferrari,Ferrari,1,1:42.865,1:42.046,1:41.359
2022,8,Azerbaijan Grand Prix,baku,Baku City Circuit,perez,Sergio,Pérez,red_bull,Red Bull,2,1:42.733,1:41.955,1:41.641
2022,8,Azerbaijan Grand Prix,baku,Baku City Circuit,max_verstappen,Max,Verstappen,red_bull,Red Bull,3,1:42.722,1:42.227,1:41.706
2022,8,Azerbaijan Grand Prix,baku,Baku City Circuit,sainz,Carlos,Sainz,ferrari,Ferrari,4,1:42.957,1:42.088,1:41.814
2022,8,Azerbaijan Grand Prix,baku,Baku City Circuit,russell,George,Russell,mercedes,Mercedes,5,1:43.754,1:43.281,1:42.712
2022,8,Azerbaijan Grand Prix,baku,Baku City Circuit,gasly,Pierre,Gasly,alphatauri,AlphaTauri,6,1:43.268,1:43.129,1:42.845
2022,8,Azerbaijan Grand Prix,baku,Baku City Circuit,hamilton,Lewis,Hamilton,mercedes,Mercedes,7,1:43.939,1:43.182,1:42.924
2022,8,Azerbaijan Grand Prix,baku,Baku City Circuit,tsunoda,Yuki,Tsunoda,alphatauri,AlphaTauri,8,1:43.595,1:43.376,1:43.056
2022,8,Azerbaijan Grand Prix,baku,Baku City Circuit,vettel,Sebastian,Vettel,aston_martin,Aston Martin,9,1:43.279,1:43.268,1:43.091
2022,8,Azerbaijan Grand Prix,baku,Baku City Circuit,alonso,Fernando,Alonso,alpine,Alpine F1 Team,10,1:44.083,1:43.360,1:43.173
2022,8,Azerbaijan Grand Prix,baku,Baku City Circuit,norris,Lando,Norris,mclaren,McLaren,11,1:44.237,1:43.398,
2022,8,Azerbaijan Grand Prix,baku,Baku City Circuit,ricciardo,Daniel,Ricciardo,mclaren,McLaren,12,1:44.437,1:43.574,
2022,8,Azerbaijan Grand Prix,baku,Baku City Circuit,ocon,Esteban,Ocon,alpine,Alpine F1 Team,13,1:43.903,1:43.585,
2022,8,Azerbaijan Grand Prix,baku,Baku City Circuit,zhou,Guanyu,Zhou,alfa,Alfa Romeo,14,1:43.777,1:43.790,
2022,8,Azerbaijan Grand Prix,baku,Baku City Circuit,bottas,Valtteri,Bottas,alfa,Alfa Romeo,15,1:44.478,1:44.444,
2022,8,Azerbaijan Grand Prix,baku,Baku City Circuit,kevin_magnussen,Kevin,Magnussen,haas,Haas F1 Team,16,1:44.643,,
2022,8,Azerbaijan Grand Prix,baku,Baku City Circuit,albon,Alexander,Albon,williams,Williams,17,1:44.719,,
2022,8,Azerbaijan Grand Prix,baku,Baku City Circuit,latifi,Nicholas,Latifi,williams,Williams,18,1:45.367,,
2022,8,Azerbaijan Grand Prix,baku,Baku City Circuit,stroll,Lance,Stroll,aston_martin,Aston Martin,19,1:45.371,,
2022,8,Azerbaijan Grand Prix,baku,Baku City Circuit,mick_schumacher,Mick,Schumacher,haas,Haas F1 Team,20,1:45.775,,
2022,9,Canadian Grand Prix,villeneuve,Circuit Gilles Villeneuve,max_verstappen,Max,Verstappen,red_bull,Red Bull,1,1:32.219,1:23.746,1:21.299
2022,9,Canadian Grand Prix,villeneuve,Circuit Gilles Villeneuve,alonso,Fernando,Alonso,alpine,Alpine F1 Team,2,1:32.277,1:24.848,1:21.944
2022,9,Canadian Grand Prix,villeneuve,Circuit Gilles Villeneuve,sainz,Carlos,Sainz,ferrari,Ferrari,3,1:32.781,1:25.197,1:22.096
2022,9,Canadian Grand Prix,villeneuve,Circuit Gilles Villeneuve,hamilton,Lewis,Hamilton,mercedes,Mercedes,4,1:33.841,1:25.543,1:22.891
2022,9,Canadian Grand Prix,villeneuve,Circuit Gilles Villeneuve,kevin_magnussen,Kevin,Magnussen,haas,Haas F1 Team,5,1:32.957,1:26.254,1:22.960
2022,9,Canadian Grand Prix,villeneuve,Circuit Gilles Villeneuve,mick_schumacher,Mick,Schumacher,haas,Haas F1 Team,6,1:33.707,1:25.684,1:23.356
2022,9,Canadian Grand Prix,villeneuve,Circuit Gilles Villeneuve,ocon,Esteban,Ocon,alpine,Alpine F1 Team,7,1:33.012,1:26.135,1:23.529
2022,9,Canadian Grand Prix,villeneuve,Circuit Gilles Villeneuve,russell,George,Russell,mercedes,Mercedes,8,1:33.160,1:24.950,1:23.557
2022,9,Canadian Grand Prix,villeneuve,Circuit Gilles Villeneuve,ricciardo,Daniel,Ricciardo,mclaren,McLaren,9,1:33.636,1:26.375,1:23.749
2022,9,Canadian Grand Prix,villeneuve,Circuit Gilles Villeneuve,zhou,Guanyu,Zhou,alfa,Alfa Romeo,10,1:33.692,1:26.116,1:24.030
2022,9,Canadian Grand Prix,villeneuve,Circuit Gilles Villeneuve,bottas,Valtteri,Bottas,alfa,Alfa Romeo,11,1:33.689,1:26.788,
2022,9,Canadian Grand Prix,villeneuve,Circuit Gilles Villeneuve,albon,Alexander,Albon,williams,Williams,12,1:34.047,1:26.858,
2022,9,Canadian Grand Prix,villeneuve,Circuit Gilles Villeneuve,perez,Sergio,Pérez,red_bull,Red Bull,13,1:33.929,1:33.127,
2022,9,Canadian Grand Prix,villeneuve,Circuit Gilles Villeneuve,norris,Lando,Norris,mclaren,McLaren,14,1:34.066,,
2022,9,Canadian Grand Prix,villeneuve,Circuit Gilles Villeneuve,leclerc,Charles,Leclerc,ferrari,Ferrari,15,1:33.008,,
2022,9,Canadian Grand Prix,villeneuve,Circuit Gilles Villeneuve,gasly,Pierre,Gasly,alphatauri,AlphaTauri,16,1:34.492,,
2022,9,Canadian Grand Prix,villeneuve,Circuit Gilles Villeneuve,vettel,Sebastian,Vettel,aston_martin,Aston Martin,17,1:34.512,,
2022,9,Canadian Grand Prix,villeneuve,Circuit Gilles Villeneuve,stroll,Lance,Stroll,aston_martin,Aston Martin,18,1:35.532,,
2022,9,Canadian Grand Prix,villeneuve,Circuit Gilles Villeneuve,latifi,Nicholas,Latifi,williams,Williams,19,1:35.660,,
2022,9,Canadian Grand Prix,villeneuve,Circuit Gilles Villeneuve,tsunoda,Yuki,Tsunoda,alphatauri,AlphaTauri,20,1:36.575,,
2022,10,British Grand Prix,silverstone,Silverstone Circuit,sainz,Carlos,Sainz,ferrari,Ferrari,1,1:40.190,1:41.602,1:40.983
2022,10,British Grand Prix,silverstone,Silverstone Circuit,max_verstappen,Max,Verstappen,red_bull,Red Bull,2,1:39.129,1:40.655,1:41.055
2022,10,British Grand Prix,silverstone,Silverstone Circuit,leclerc,Charles,Leclerc,ferrari,Ferrari,3,1:39.846,1:41.247,1:41.298
2022,10,British Grand Prix,silverstone,Silverstone Circuit,perez,Sergio,Pérez,red_bull,Red Bull,4,1:40.521,1:42.513,1:41.616
2022,10,British Grand Prix,silverstone,Silverstone Circuit,hamilton,Lewis,Hamilton,mercedes,Mercedes,5,1:40.428,1:41.062,1:41.995
2022,10,British Grand Prix,silverstone,Silverstone Circuit,norris,Lando,Norris,mclaren,McLaren,6,1:41.515,1:41.821,1:42.084
2022,10,British Grand Prix,silverstone,Silverstone Circuit,alonso,Fernando,Alonso,alpine,Alpine F1 Team,7,1:41.598,1:42.209,1:42.116
2022,10,British Grand Prix,silverstone,Silverstone Circuit,russell,George,Russell,mercedes,Mercedes,8,1:40.028,1:41.725,1:42.161
2022,10,British Grand Prix,silverstone,Silverstone Circuit,zhou,Guanyu,Zhou,alfa,Alfa Romeo,9,1:40.791,1:42.640,1:42.719
2022,10,British Grand Prix,silverstone,Silverstone Circuit,latifi,Nicholas,Latifi,williams,Williams,10,1:41.998,1:43.273,2:03.095
2022,10,British Grand Prix,silverstone,Silverstone Circuit,gasly,Pierre,Gasly,alphatauri,AlphaTauri,11,1:41.680,1:43.702,
2022,10,British Grand Prix,silverstone,Silverstone Circuit,bottas,Valtteri,Bottas,alfa,Alfa Romeo,12,1:41.396,1:44.232,
2022,10,British Grand Prix,silverstone,Silverstone Circuit,tsunoda,Yuki,Tsunoda,alphatauri,AlphaTauri,13,1:41.893,1:44.311,
2022,10,British Grand Prix,silverstone,Silverstone Circuit,ricciardo,Daniel,Ricciardo,mclaren,McLaren,14,1:41.933,1:44.355,
2022,10,British Grand Prix,silverstone,Silverstone Circuit,ocon,Esteban,Ocon,alpine,Alpine F1 Team,15,1:41.730,1:45.190,
2022,10,British Grand Prix,silverstone,Silverstone Circuit,albon,Alexander,Albon,williams,Williams,16,1:42.078,,
2022,10,British Grand Prix,silverstone,Silverstone Circuit,kevin_magnussen,Kevin,Magnussen,haas,Haas F1 Team,17,1:42.159,,
2022,10,British Grand Prix,silverstone,Silverstone Circuit,vettel,Sebastian,Vettel,aston_martin,Aston Martin,18,1:42.666,,
2022,10,British Grand Prix,silverstone,Silverstone Circuit,mick_schumacher,Mick,Schumacher,haas,Haas F1 Team,19,1:42.708,,
2022,10,British Grand Prix,silverstone,Silverstone Circuit,stroll,Lance,Stroll,aston_martin,Aston Martin,20,1:43.430,,
2022,11,Austrian Grand Prix,red_bull_ring,Red Bull Ring,max_verstappen,Max,Verstappen,red_bull,Red Bull,1,1:05.852,1:05.374,1:04.984
2022,11,Austrian Grand Prix,red_bull_ring,Red Bull Ring,leclerc,Charles,Leclerc,ferrari,Ferrari,2,1:05.419,1:05.287,1:05.013
2022,11,Austrian Grand Prix,red_bull_ring,Red Bull Ring,sainz,Carlos,Sainz,ferrari,Ferrari,3,1:05.660,1:05.576,1:05.066
2022,11,Austrian Grand Prix,red_bull_ring,Red Bull Ring,russell,George,Russell,mercedes,Mercedes,4,1:06.235,1:05.697,1:05.431
2022,11,Austrian Grand Prix,red_bull_ring,Red Bull Ring,ocon,Esteban,Ocon,alpine,Alpine F1 Team,5,1:06.468,1:05.993,1:05.726
2022,11,Austrian Grand Prix,red_bull_ring,Red Bull Ring,kevin_magnussen,Kevin,Magnussen,haas,Haas F1 Team,6,1:06.366,1:05.894,1:05.879
2022,11,Austrian Grand Prix,red_bull_ring,Red Bull Ring,mick_schumacher,Mick,Schumacher,haas,Haas F1 Team,7,1:06.405,1:06.151,1:06.011
2022,11,Austrian Grand Prix,red_bull_ring,Red Bull Ring,alonso,Fernando,Alonso,alpine,Alpine F1 Team,8,1:06.016,1:06.082,1:06.103
2022,11,Austrian Grand Prix,red_bull_ring,Red Bull Ring,hamilton,Lewis,Hamilton,mercedes,Mercedes,9,1:06.079,1:05.475,1:13.151
2022,11,Austrian Grand Prix,red_bull_ring,Red Bull Ring,gasly,Pierre,Gasly,alphatauri,AlphaTauri,10,1:06.589,1:06.160,
2022,11,Austrian Grand Prix,red_bull_ring,Red Bull Ring,albon,Alexander,Albon,williams,Williams,11,1:06.516,1:06.230,
2022,11,Austrian Grand Prix,red_bull_ring,Red Bull Ring,bottas,Valtteri,Bottas,alfa,Alfa Romeo,12,1:06.442,1:06.319,
2022,11,Austrian Grand Prix,red_bull_ring,Red Bull Ring,perez,Sergio,Pérez,red_bull,Red Bull,13,1:06.143,1:06.458,
2022,11,Austrian Grand Prix,red_bull_ring,Red Bull Ring,tsunoda,Yuki,Tsunoda,alphatauri,AlphaTauri,14,1:06.463,1:06.851,
2022,11,Austrian Grand Prix,red_bull_ring,Red Bull Ring,norris,Lando,Norris,mclaren,McLaren,15,1:06.330,1:25.847,
2022,11,Austrian Grand Prix,red_bull_ring,Red Bull Ring,ricciardo,Daniel,Ricciardo,mclaren,McLaren,16,1:06.613,,
2022,11,Austrian Grand Prix,red_bull_ring,Red Bull Ring,stroll,Lance,Stroll,aston_martin,Aston Martin,17,1:06.847,,
2022,11,Austrian Grand Prix,red_bull_ring,Red Bull Ring,zhou,Guanyu,Zhou,alfa,Alfa Romeo,18,1:06.901,,
2022,11,Austrian Grand Prix,red_bull_ring,Red Bull Ring,latifi,Nicholas,Latifi,williams,Williams,19,1:07.003,,
2022,11,Austrian Grand Prix,red_bull_ring,Red Bull Ring,vettel,Sebastian,Vettel,aston_martin,Aston Martin,20,1:07.083,,
2022,12,French Grand Prix,ricard,Circuit Paul Ricard,leclerc,Charles,Leclerc,ferrari,Ferrari,1,1:31.727,1:31.216,1:30.872
2022,12,French Grand Prix,ricard,Circuit Paul Ricard,max_verstappen,Max,Verstappen,red_bull,Red Bull,2,1:31.891,1:31.990,1:31.176
2022,12,French Grand Prix,ricard,Circuit Paul Ricard,perez,Sergio,Pérez,red_bull,Red Bull,3,1:32.354,1:32.120,1:31.335
2022,12,French Grand Prix,ricard,Circuit Paul Ricard,hamilton,Lewis,Hamilton,mercedes,Mercedes,4,1:33.041,1:32.274,1:31.765
2022,12,French Grand Prix,ricard,Circuit Paul Ricard,norris,Lando,Norris,mclaren,McLaren,5,1:32.672,1:32.777,1:32.032
2022,12,French Grand Prix,ricard,Circuit Paul Ricard,russell,George,Russell,mercedes,Mercedes,6,1:33.109,1:32.633,1:32.131
2022,12,French Grand Prix,ricard,Circuit Paul Ricard,alonso,Fernando,Alonso,alpine,Alpine F1 Team,7,1:32.819,1:32.631,1:32.552
2022,12,French Grand Prix,ricard,Circuit Paul Ricard,tsunoda,Yuki,Tsunoda,alphatauri,AlphaTauri,8,1:33.394,1:32.836,1:32.780
2022,12,French Grand Prix,ricard,Circuit Paul Ricard,sainz,Carlos,Sainz,ferrari,Ferrari,9,1:32.297,1:31.081,
2022,12,French Grand Prix,ricard,Circuit Paul Ricard,kevin_magnussen,Kevin,Magnussen,haas,Haas F1 Team,10,1:32.756,1:32.649,
2022,12,French Grand Prix,ricard,Circuit Paul Ricard,ricciardo,Daniel,Ricciardo,mclaren,McLaren,11,1:33.404,1:32.922,
2022,12,French Grand Prix,ricard,Circuit Paul Ricard,ocon,Esteban,Ocon,alpine,Alpine F1 Team,12,1:33.346,1:33.048,
2022,12,French Grand Prix,ricard,Circuit Paul Ricard,bottas,Valtteri,Bottas,alfa,Alfa Romeo,13,1:33.034,1:33.052,
2022,12,French Grand Prix,ricard,Circuit Paul Ricard,vettel,Sebastian,Vettel,aston_martin,Aston Martin,14,1:33.285,1:33.276,
2022,12,French Grand Prix,ricard,Circuit Paul Ricard,albon,Alexander,Albon,williams,Williams,15,1:33.423,1:33.307,
2022,12,French Grand Prix,ricard,Circuit Paul Ricard,gasly,Pierre,Gasly,alphatauri,AlphaTauri,16,1:33.439,,
2022,12,French Grand Prix,ricard,Circuit Paul Ricard,stroll,Lance,Stroll,aston_martin,Aston Martin,17,1:33.439,,
2022,12,French Grand Prix,ricard,Circuit Paul Ricard,zhou,Guanyu,Zhou,alfa,Alfa Romeo,18,1:33.674,,
2022,12,French Grand Prix,ricard,Circuit Paul Ricard,mick_schumacher,Mick,Schumacher,haas,Haas F1 Team,19,1:33.701,,
2022,12,French Grand Prix,ricard,Circuit Paul Ricard,latifi,Nicholas,Latifi,williams,Williams,20,1:33.794,,
2022,13,Hungarian Grand Prix,hungaroring,Hungaroring,russell,George,Russell,mercedes,Mercedes,1,1:18.407,1:18.154,1:17.377
2022,13,Hungarian Grand Prix,hungaroring,Hungaroring,sainz,Carlos,Sainz,ferrari,Ferrari,2,1:18.434,1:17.946,1:17.421
2022,13,Hungarian Grand Prix,hungaroring,Hungaroring,leclerc,Charles,Leclerc,ferrari,Ferrari,3,1:18.806,1:17.768,1:17.567
2022,13,Hungarian Grand Prix,hungaroring,Hungaroring,norris,Lando,Norris,mclaren,McLaren,4,1:18.653,1:18.121,1:17.769
2022,13,Hungarian Grand Prix,hungaroring,Hungaroring,ocon,Esteban,Ocon,alpine,Alpine F1 Team,5,1:18.866,1:18.216,1:18.018
2022,13,Hungarian Grand Prix,hungaroring,Hungaroring,alonso,Fernando,Alonso,alpine,Alpine F1 Team,6,1:18.716,1:17.904,1:18.078
2022,13,Hungarian Grand Prix,hungaroring,Hungaroring,hamilton,Lewis,Hamilton,mercedes,Mercedes,7,1:18.374,1:18.035,1:18.142
2022,13,Hungarian Grand Prix,hungaroring,Hungaroring,bottas,Valtteri,Bottas,alfa,Alfa Romeo,8,1:18.935,1:18.445,1:18.157
2022,13,Hungarian Grand Prix,hungaroring,Hungaroring,ricciardo,Daniel,Ricciardo,mclaren,McLaren,9,1:18.775,1:18.198,1:18.379
2022,13,Hungarian Grand Prix,hungaroring,Hungaroring,max_verstappen,Max,Verstappen,red_bull,Red Bull,10,1:18.509,1:17.703,1:18.823
2022,13,Hungarian Grand Prix,hungaroring,Hungaroring,perez,Sergio,Pérez,red_bull,Red Bull,11,1:19.118,1:18.516,
2022,13,Hungarian Grand Prix,hungaroring,Hungaroring,zhou,Guanyu,Zhou,alfa,Alfa Romeo,12,1:18.973,1:18.573,
2022,13,Hungarian Grand Prix,hungaroring,Hungaroring,kevin_magnussen,Kevin,Magnussen,haas,Haas F1 Team,13,1:18.993,1:18.825,
2022,13,Hungarian Grand Prix,hungaroring,Hungaroring,stroll,Lance,Stroll,aston_martin,Aston Martin,14,1:19.205,1:19.137,
2022,13,Hungarian Grand Prix,hungaroring,Hungaroring,mick_schumacher,Mick,Schumacher,haas,Haas F1 Team,15,1:19.164,1:19.202,
2022,13,Hungarian Grand Prix,hungaroring,Hungaroring,tsunoda,Yuki,Tsunoda,alphatauri,AlphaTauri,16,1:19.240,,
2022,13,Hungarian Grand Prix,hungaroring,Hungaroring,albon,Alexander,Albon,williams,Williams,17,1:19.256,,
2022,13,Hungarian Grand Prix,hungaroring,Hungaroring,vettel,Sebastian,Vettel,aston_martin,Aston Martin,18,1:19.273,,
2022,13,Hungarian Grand Prix,hungaroring,Hungaroring,gasly,Pierre,Gasly,alphatauri,AlphaTauri,19,1:19.527,,
2022,13,Hungarian Grand Prix,hungaroring,Hungaroring,latifi,Nicholas,Latifi,williams,Williams,20,1:19.570,,
2022,14,Belgian Grand Prix,spa,Circuit de Spa-Francorchamps,max_verstappen,Max,Verstappen,red_bull,Red Bull,1,1:44.581,1:44.723,1:43.665
2022,14,Belgian Grand Prix,spa,Circuit de Spa-Francorchamps,sainz,Carlos,Sainz,ferrari,Ferrari,2,1:45.050,1:45.418,1:44.297
2022,14,Belgian Grand Prix,spa,Circuit de Spa-Francorchamps,perez,Sergio,Pérez,red_bull,Red Bull,3,1:45.377,1:44.794,1:44.462
2022,14,Belgian Grand Prix,spa,Circuit de Spa-Francorchamps,leclerc,Charles,Leclerc,ferrari,Ferrari,4,1:45.572,1:44.551,1:44.553
2022,14,Belgian Grand Prix,spa,Circuit de Spa-Francorchamps,ocon,Esteban,Ocon,alpine,Alpine F1 Team,5,1:46.039,1:45.475,1:45.180
2022,14,Belgian Grand Prix,spa,Circuit de Spa-Francorchamps,alonso,Fernando,Alonso,alpine,Alpine F1 Team,6,1:46.075,1:45.552,1:45.368
2022,14,Belgian Grand Prix,spa,Circuit de Spa-Francorchamps,hamilton,Lewis,Hamilton,mercedes,Mercedes,7,1:45.736,1:45.420,1:45.503
2022,14,Belgian Grand Prix,spa,Circuit de Spa-Francorchamps,russell,George,Russell,mercedes,Mercedes,8,1:45.650,1:45.461,1:45.776
2022,14,Belgian Grand Prix,spa,Circuit de Spa-Francorchamps,albon,Alexander,Albon,williams,Williams,9,1:45.672,1:45.675,1:45.837
2022,14,Belgian Grand Prix,spa,Circuit de Spa-Francorchamps,norris,Lando,Norris,mclaren,McLaren,10,1:45.745,1:45.603,1:46.178
2022,14,Belgian Grand Prix,spa,Circuit de Spa-Francorchamps,ricciardo,Daniel,Ricciardo,mclaren,McLaren,11,1:46.212,1:45.767,
2022,14,Belgian Grand Prix,spa,Circuit de Spa-Francorchamps,gasly,Pierre,Gasly,alphatauri,AlphaTauri,12,1:46.183,1:45.827,
2022,14,Belgian Grand Prix,spa,Circuit de Spa-Francorchamps,zhou,Guanyu,Zhou,alfa,Alfa Romeo,13,1:46.178,1:46.085,
2022,14,Belgian Grand Prix,spa,Circuit de Spa-Francorchamps,stroll,Lance,Stroll,aston_martin,Aston Martin,14,1:46.256,1:46.611,
2022,14,Belgian Grand Prix,spa,Circuit de Spa-Francorchamps,mick_schumacher,Mick,Schumacher,haas,Haas F1 Team,15,1:46.342,1:47.718,
2022,14,Belgian Grand Prix,spa,Circuit de Spa-Francorchamps,vettel,Sebastian,Vettel,aston_martin,Aston Martin,16,1:46.344,,
2022,14,Belgian Grand Prix,spa,Circuit de Spa-Francorchamps,latifi,Nicholas,Latifi,williams,Williams,17,1:46.401,,
2022,14,Belgian Grand Prix,spa,Circuit de Spa-Francorchamps,kevin_magnussen,Kevin,Magnussen,haas,Haas F1 Team,18,1:46.557,,
2022,14,Belgian Grand Prix,spa,Circuit de Spa-Francorchamps,tsunoda,Yuki,Tsunoda,alphatauri,AlphaTauri,19,1:46.692,,
2022,14,Belgian Grand Prix,spa,Circuit de Spa-Francorchamps,bottas,Valtteri,Bottas,alfa,Alfa Romeo,20,1:47.866,,
2022,15,Dutch Grand Prix,zandvoort,Circuit Park Zandvoort,max_verstappen,Max,Verstappen,red_bull,Red Bull,1,1:11.317,1:10.927,1:10.342
2022,15,Dutch Grand Prix,zandvoort,Circuit Park Zandvoort,leclerc,Charles,Leclerc,ferrari,Ferrari,2,1:11.443,1:10.988,1:10.363
2022,15,Dutch Grand Prix,zandvoort,Circuit Park Zandvoort,sainz,Carlos,Sainz,ferrari,Ferrari,3,1:11.767,1:10.814,1:10.434
2022,15,Dutch Grand Prix,zandvoort,Circuit Park Zandvoort,hamilton,Lewis,Hamilton,mercedes,Mercedes,4,1:11.331,1:11.075,1:10.648
2022,15,Dutch Grand Prix,zandvoort,Circuit Park Zandvoort,perez,Sergio,Pérez,red_bull,Red Bull,5,1:11.641,1:11.314,1:11.077
2022,15,Dutch Grand Prix,zandvoort,Circuit Park Zandvoort,russell,George,Russell,mercedes,Mercedes,6,1:11.561,1:10.824,1:11.147
2022,15,Dutch Grand Prix,zandvoort,Circuit Park Zandvoort,norris,Lando,Norris,mclaren,McLaren,7,1:11.556,1:11.116,1:11.174
2022,15,Dutch Grand Prix,zandvoort,Circuit Park Zandvoort,mick_schumacher,Mick,Schumacher,haas,Haas F1 Team,8,1:11.741,1:11.420,1:11.442
2022,15,Dutch Grand Prix,zandvoort,Circuit Park Zandvoort,tsunoda,Yuki,Tsunoda,alphatauri,AlphaTauri,9,1:11.427,1:11.428,1:12.556
2022,15,Dutch Grand Prix,zandvoort,Circuit Park Zandvoort,stroll,Lance,Stroll,aston_martin,Aston Martin,10,1:11.568,1:11.416,
2022,15,Dutch Grand Prix,zandvoort,Circuit Park Zandvoort,gasly,Pierre,Gasly,alphatauri,AlphaTauri,11,1:11.705,1:11.512,
2022,15,Dutch Grand Prix,zandvoort,Circuit Park Zandvoort,ocon,Esteban,Ocon,alpine,Alpine F1 Team,12,1:11.748,1:11.605,
2022,15,Dutch Grand Prix,zandvoort,Circuit Park Zandvoort,alonso,Fernando,Alonso,alpine,Alpine F1 Team,13,1:11.667,1:11.613,
2022,15,Dutch Grand Prix,zandvoort,Circuit Park Zandvoort,zhou,Guanyu,Zhou,alfa,Alfa Romeo,14,1:11.826,1:11.704,
2022,15,Dutch Grand Prix,zandvoort,Circuit Park Zandvoort,albon,Alexander,Albon,williams,Williams,15,1:11.695,1:11.802,
2022,15,Dutch Grand Prix,zandvoort,Circuit Park Zandvoort,bottas,Valtteri,Bottas,alfa,Alfa Romeo,16,1:11.961,,
2022,15,Dutch Grand Prix,zandvoort,Circuit Park Zandvoort,ricciardo,Daniel,Ricciardo,mclaren,McLaren,17,1:12.081,,
2022,15,Dutch Grand Prix,zandvoort,Circuit Park Zandvoort,kevin_magnussen,Kevin,Magnussen,haas,Haas F1 Team,18,1:12.319,,
2022,15,Dutch Grand Prix,zandvoort,Circuit Park Zandvoort,vettel,Sebastian,Vettel,aston_martin,Aston Martin,19,1:12.391,,
2022,15,Dutch Grand Prix,zandvoort,Circuit Park Zandvoort,latifi,Nicholas,Latifi,williams,Williams,20,1:13.353,,
2022,16,Italian Grand Prix,monza,Autodromo Nazionale di Monza,leclerc,Charles,Leclerc,ferrari,Ferrari,1,1:21.280,1:21.208,1:20.161
2022,16,Italian Grand Prix,monza,Autodromo Nazionale di Monza,max_verstappen,Max,Verstappen,red_bull,Red Bull,2,1:20.922,1:21.265,1:20.306
2022,16,Italian Grand Prix,monza,Autodromo Nazionale di Monza,sainz,Carlos,Sainz,ferrari,Ferrari,3,1:21.348,1:20.878,1:20.429
2022,16,Italian Grand Prix,monza,Autodromo Nazionale di Monza,perez,Sergio,Pérez,red_bull,Red Bull,4,1:21.495,1:21.358,1:21.206
2022,16,Italian Grand Prix,monza,Autodromo Nazionale di Monza,hamilton,Lewis,Hamilton,mercedes,Mercedes,5,1:22.048,1:21.708,1:21.524
2022,16,Italian Grand Prix,monza,Autodromo Nazionale di Monza,russell,George,Russell,mercedes,Mercedes,6,1:21.785,1:21.747,1:21.542
2022,16,Italian Grand Prix,monza,Autodromo Nazionale di Monza,norris,Lando,Norris,mclaren,McLaren,7,1:22.130,1:21.831,1:21.584
2022,16,Italian Grand Prix,monza,Autodromo Nazionale di Monza,ricciardo,Daniel,Ricciardo,mclaren,McLaren,8,1:22.139,1:21.855,1:21.925
2022,16,Italian Grand Prix,monza,Autodromo Nazionale di Monza,gasly,Pierre,Gasly,alphatauri,AlphaTauri,9,1:22.010,1:22.062,1:22.648
2022,16,Italian Grand Prix,monza,Autodromo Nazionale di Monza,alonso,Fernando,Alonso,alpine,Alpine F1 Team,10,1:22.089,1:21.861,
2022,16,Italian Grand Prix,monza,Autodromo Nazionale di Monza,ocon,Esteban,Ocon,alpine,Alpine F1 Team,11,1:22.166,1:22.130,
2022,16,Italian Grand Prix,monza,Autodromo Nazionale di Monza,bottas,Valtteri,Bottas,alfa,Alfa Romeo,12,1:22.254,1:22.235,
2022,16,Italian Grand Prix,monza,Autodromo Nazionale di Monza,de_vries,Nyck,de Vries,williams,Williams,13,1:22.567,1:22.471,
2022,16,Italian Grand Prix,monza,Autodromo Nazionale di Monza,zhou,Guanyu,Zhou,alfa,Alfa Romeo,14,1:22.003,1:22.577,
2022,16,Italian Grand Prix,monza,Autodromo Nazionale di Monza,tsunoda,Yuki,Tsunoda,alphatauri,AlphaTauri,15,1:22.020,,
2022,16,Italian Grand Prix,monza,Autodromo Nazionale di Monza,latifi,Nicholas,Latifi,williams,Williams,16,1:22.587,,
2022,16,Italian Grand Prix,monza,Autodromo Nazionale di Monza,vettel,Sebastian,Vettel,aston_martin,Aston Martin,17,1:22.636,,
2022,16,Italian Grand Prix,monza,Autodromo Nazionale di Monza,stroll,Lance,Stroll,aston_martin,Aston Martin,18,1:22.748,,
2022,16,Italian Grand Prix,monza,Autodromo Nazionale di Monza,kevin_magnussen,Kevin,Magnussen,haas,Haas F1 Team,19,1:22.908,,
2022,16,Italian Grand Prix,monza,Autodromo Nazionale di Monza,mick_schumacher,Mick,Schumacher,haas,Haas F1 Team,20,1:23.005,,
2022,17,Singapore Grand Prix,marina_bay,Marina Bay Street Circuit,leclerc,Charles,Leclerc,ferrari,Ferrari,1,1:54.129,1:52.343,1:49.412
2022,17,Singapore Grand Prix,marina_bay,Marina Bay Street Circuit,perez,Sergio,Pérez,red_bull,Red Bull,2,1:54.404,1:52.818,1:49.434
2022,17,Singapore Grand Prix,marina_bay,Marina Bay Street Circuit,hamilton,Lewis,Hamilton,mercedes,Mercedes,3,1:53.161,1:52.691,1:49.466
2022,17,Singapore Grand Prix,marina_bay,Marina Bay Street Circuit,sainz,Carlos,Sainz,ferrari,Ferrari,4,1:54.559,1:53.219,1:49.583
2022,17,Singapore Grand Prix,marina_bay,Marina Bay Street Circuit,alonso,Fernando,Alonso,alpine,Alpine F1 Team,5,1:55.360,1:53.127,1:49.966
2022,17,Singapore Grand Prix,marina_bay,Marina Bay Street Circuit,norris,Lando,Norris,mclaren,McLaren,6,1:55.914,1:53.942,1:50.584
2022,17,Singapore Grand Prix,marina_bay,Marina Bay Street Circuit,gasly,Pierre,Gasly,alphatauri,AlphaTauri,7,1:55.606,1:53.546,1:51.211
2022,17,Singapore Grand Prix,marina_bay,Marina Bay Street Circuit,max_verstappen,Max,Verstappen,red_bull,Red Bull,8,1:53.057,1:52.723,1:51.395
2022,17,Singapore Grand Prix,marina_bay,Marina Bay Street Circuit,kevin_magnussen,Kevin,Magnussen,haas,Haas F1 Team,9,1:55.103,1:54.006,1:51.573
2022,17,Singapore Grand Prix,marina_bay,Marina Bay Street Circuit,tsunoda,Yuki,Tsunoda,alphatauri,AlphaTauri,10,1:55.314,1:53.848,1:51.983
2022,17,Singapore Grand Prix,marina_bay,Marina Bay Street Circuit,russell,George,Russell,mercedes,Mercedes,11,1:54.633,1:54.012,
2022,17,Singapore Grand Prix,marina_bay,Marina Bay Street Circuit,stroll,Lance,Stroll,aston_martin,Aston Martin,12,1:55.629,1:54.211,
2022,17,Singapore Grand Prix,marina_bay,Marina Bay Street Circuit,mick_schumacher,Mick,Schumacher,haas,Haas F1 Team,13,1:55.736,1:54.370,
2022,17,Singapore Grand Prix,marina_bay,Marina Bay Street Circuit,vettel,Sebastian,Vettel,aston_martin,Aston Martin,14,1:55.602,1:54.380,
2022,17,Singapore Grand Prix,marina_bay,Marina Bay Street Circuit,zhou,Guanyu,Zhou,alfa,Alfa Romeo,15,1:55.375,1:55.518,
2022,17,Singapore Grand Prix,marina_bay,Marina Bay Street Circuit,bottas,Valtteri,Bottas,alfa,Alfa Romeo,16,1:56.083,,
2022,17,Singapore Grand Prix,marina_bay,Marina Bay Street Circuit,ricciardo,Daniel,Ricciardo,mclaren,McLaren,17,1:56.226,,
2022,17,Singapore Grand Prix,marina_bay,Marina Bay Street Circuit,ocon,Esteban,Ocon,alpine,Alpine F1 Team,18,1:56.337,,
2022,17,Singapore Grand Prix,marina_bay,Marina Bay Street Circuit,albon,Alexander,Albon,williams,Williams,19,1:56.985,,
2022,17,Singapore Grand Prix,marina_bay,Marina Bay Street Circuit,latifi,Nicholas,Latifi,williams,Williams,20,1:57.532,,
2022,18,Japanese Grand Prix,suzuka,Suzuka Circuit,max_verstappen,Max,Verstappen,red_bull,Red Bull,1,1:30.224,1:30.346,1:29.304
2022,18,Japanese Grand Prix,suzuka,Suzuka Circuit,leclerc,Charles,Leclerc,ferrari,Ferrari,2,1:30.402,1:30.486,1:29.314
2022,18,Japanese Grand Prix,suzuka,Suzuka Circuit,sainz,Carlos,Sainz,ferrari,Ferrari,3,1:30.336,1:30.444,1:29.361
2022,18,Japanese Grand Prix,suzuka,Suzuka Circuit,perez,Sergio,Pérez,red_bull,Red Bull,4,1:30.622,1:29.925,1:29.709
2022,18,Japanese Grand Prix,suzuka,Suzuka Circuit,ocon,Esteban,Ocon,alpine,Alpine F1 Team,5,1:30.696,1:30.357,1:30.165
2022,18,Japanese Grand Prix,suzuka,Suzuka Circuit,hamilton,Lewis,Hamilton,mercedes,Mercedes,6,1:30.906,1:30.443,1:30.261
2022,18,Japanese Grand Prix,suzuka,Suzuka Circuit,alonso,Fernando,Alonso,alpine,Alpine F1 Team,7,1:30.603,1:30.343,1:30.322
2022,18,Japanese Grand Prix,suzuka,Suzuka Circuit,russell,George,Russell,mercedes,Mercedes,8,1:30.865,1:30.465,1:30.389
2022,18,Japanese Grand Prix,suzuka,Suzuka Circuit,vettel,Sebastian,Vettel,aston_martin,Aston Martin,9,1:31.256,1:30.656,1:30.554
2022,18,Japanese Grand Prix,suzuka,Suzuka Circuit,norris,Lando,Norris,mclaren,McLaren,10,1:30.881,1:30.473,1:31.003
2022,18,Japanese Grand Prix,suzuka,Suzuka Circuit,ricciardo,Daniel,Ricciardo,mclaren,McLaren,11,1:30.880,1:30.659,
2022,18,Japanese Grand Prix,suzuka,Suzuka Circuit,bottas,Valtteri,Bottas,alfa,Alfa Romeo,12,1:31.226,1:30.709,
2022,18,Japanese Grand Prix,suzuka,Suzuka Circuit,tsunoda,Yuki,Tsunoda,alphatauri,AlphaTauri,13,1:31.130,1:30.808,
2022,18,Japanese Grand Prix,suzuka,Suzuka Circuit,zhou,Guanyu,Zhou,alfa,Alfa Romeo,14,1:30.894,1:30.953,
2022,18,Japanese Grand Prix,suzuka,Suzuka Circuit,mick_schumacher,Mick,Schumacher,haas,Haas F1 Team,15,1:31.152,1:31.439,
2022,18,Japanese Grand Prix,suzuka,Suzuka Circuit,albon,Alexander,Albon,williams,Williams,16,1:31.311,,
2022,18,Japanese Grand Prix,suzuka,Suzuka Circuit,gasly,Pierre,Gasly,alphatauri,AlphaTauri,17,1:31.322,,
2022,18,Japanese Grand Prix,suzuka,Suzuka Circuit,kevin_magnussen,Kevin,Magnussen,haas,Haas F1 Team,18,1:31.352,,
2022,18,Japanese Grand Prix,suzuka,Suzuka Circuit,stroll,Lance,Stroll,aston_martin,Aston Martin,19,1:31.419,,
2022,18,Japanese Grand Prix,suzuka,Suzuka Circuit,latifi,Nicholas,Latifi,williams,Williams,20,1:31.511,,
2022,19,United States Grand Prix,americas,Circuit of the Americas,sainz,Carlos,Sainz,ferrari,Ferrari,1,1:35.297,1:35.590,1:34.356
2022,19,United States Grand Prix,americas,Circuit of the Americas,leclerc,Charles,Leclerc,ferrari,Ferrari,2,1:35.795,1:35.246,1:34.421
2022,19,United States Grand Prix,americas,Circuit of the Americas,max_verstappen,Max,Verstappen,red_bull,Red Bull,3,1:35.864,1:35.294,1:34.448
2022,19,United States Grand Prix,americas,Circuit of the Americas,perez,Sergio,Pérez,red_bull,Red Bull,4,1:36.163,1:35.864,1:34.645
2022,19,United States Grand Prix,americas,Circuit of the Americas,hamilton,Lewis,Hamilton,mercedes,Mercedes,5,1:36.148,1:35.732,1:34.947
2022,19,United States Grand Prix,americas,Circuit of the Americas,russell,George,Russell,mercedes,Mercedes,6,1:36.195,1:35.692,1:34.988
2022,19,United States Grand Prix,americas,Circuit of the Americas,stroll,Lance,Stroll,aston_martin,Aston Martin,7,1:36.860,1:36.032,1:35.598
2022,19,United States Grand Prix,americas,Circuit of the Americas,norris,Lando,Norris,mclaren,McLaren,8,1:36.465,1:36.341,1:35.690
2022,19,United States Grand Prix,americas,Circuit of the Americas,alonso,Fernando,Alonso,alpine,Alpine F1 Team,9,1:36.446,1:35.988,1:35.876
2022,19,United States Grand Prix,americas,Circuit of the Americas,bottas,Valtteri,Bottas,alfa,Alfa Romeo,10,1:36.746,1:36.321,1:36.319
2022,19,United States Grand Prix,americas,Circuit of the Americas,albon,Alexander,Albon,williams,Williams,11,1:36.932,1:36.368,
2022,19,United States Grand Prix,americas,Circuit of the Americas,vettel,Sebastian,Vettel,aston_martin,Aston Martin,12,1:36.695,1:36.398,
2022,19,United States Grand Prix,americas,Circuit of the Americas,gasly,Pierre,Gasly,alphatauri,AlphaTauri,13,1:36.577,1:36.740,
2022,19,United States Grand Prix,americas,Circuit of the Americas,zhou,Guanyu,Zhou,alfa,Alfa Romeo,14,1:36.656,1:36.970,
2022,19,United States Grand Prix,americas,Circuit of the Americas,tsunoda,Yuki,Tsunoda,alphatauri,AlphaTauri,15,1:36.808,1:37.147,
2022,19,United States Grand Prix,americas,Circuit of the Americas,kevin_magnussen,Kevin,Magnussen,haas,Haas F1 Team,16,1:36.949,,
2022,19,United States Grand Prix,americas,Circuit of the Americas,ricciardo,Daniel,Ricciardo,mclaren,McLaren,17,1:37.046,,
2022,19,United States Grand Prix,americas,Circuit of the Americas,ocon,Esteban,Ocon,alpine,Alpine F1 Team,18,1:37.068,,
2022,19,United States Grand Prix,americas,Circuit of the Americas,mick_schumacher,Mick,Schumacher,haas,Haas F1 Team,19,1:37.111,,
2022,19,United States Grand Prix,americas,Circuit of the Americas,latifi,Nicholas,Latifi,williams,Williams,20,1:37.244,,
2022,20,Mexico City Grand Prix,rodriguez,Autódromo Hermanos Rodríguez,max_verstappen,Max,Verstappen,red_bull,Red Bull,1,1:19.222,1:18.566,1:17.775
2022,20,Mexico City Grand Prix,rodriguez,Autódromo Hermanos Rodríguez,russell,George,Russell,mercedes,Mercedes,2,1:19.583,1:18.565,1:18.079
2022,20,Mexico City Grand Prix,rodriguez,Autódromo Hermanos Rodríguez,hamilton,Lewis,Hamilton,mercedes,Mercedes,3,1:19.169,1:18.552,1:18.084
2022,20,Mexico City Grand Prix,rodriguez,Autódromo Hermanos Rodríguez,perez,Sergio,Pérez,red_bull,Red Bull,4,1:19.706,1:18.615,1:18.128
2022,20,Mexico City Grand Prix,rodriguez,Autódromo Hermanos Rodríguez,sainz,Carlos,Sainz,ferrari,Ferrari,5,1:19.566,1:18.560,1:18.351
2022,20,Mexico City Grand Prix,rodriguez,Autódromo Hermanos Rodríguez,bottas,Valtteri,Bottas,alfa,Alfa Romeo,6,1:19.523,1:18.762,1:18.401
2022,20,Mexico City Grand Prix,rodriguez,Autódromo Hermanos Rodríguez,leclerc,Charles,Leclerc,ferrari,Ferrari,7,1:19.505,1:19.109,1:18.555
2022,20,Mexico City Grand Prix,rodriguez,Autódromo Hermanos Rodríguez,norris,Lando,Norris,mclaren,McLaren,8,1:19.857,1:19.119,1:18.721
2022,20,Mexico City Grand Prix,rodriguez,Autódromo Hermanos Rodríguez,alonso,Fernando,Alonso,alpine,Alpine F1 Team,9,1:20.006,1:19.272,1:18.939
2022,20,Mexico City Grand Prix,rodriguez,Autódromo Hermanos Rodríguez,ocon,Esteban,Ocon,alpine,Alpine F1 Team,10,1:19.945,1:19.081,1:19.010
2022,20,Mexico City Grand Prix,rodriguez,Autódromo Hermanos Rodríguez,ricciardo,Daniel,Ricciardo,mclaren,McLaren,11,1:20.279,1:19.325,
2022,20,Mexico City Grand Prix,rodriguez,Autódromo Hermanos Rodríguez,zhou,Guanyu,Zhou,alfa,Alfa Romeo,12,1:20.283,1:19.476,
2022,20,Mexico City Grand Prix,rodriguez,Autódromo Hermanos Rodríguez,tsunoda,Yuki,Tsunoda,alphatauri,AlphaTauri,13,1:19.907,1:19.589,
2022,20,Mexico City Grand Prix,rodriguez,Autódromo Hermanos Rodríguez,gasly,Pierre,Gasly,alphatauri,AlphaTauri,14,1:20.256,1:19.672,
2022,20,Mexico City Grand Prix,rodriguez,Autódromo Hermanos Rodríguez,kevin_magnussen,Kevin,Magnussen,haas,Haas F1 Team,15,1:20.293,1:19.833,
2022,20,Mexico City Grand Prix,rodriguez,Autódromo Hermanos Rodríguez,mick_schumacher,Mick,Schumacher,haas,Haas F1 Team,16,1:20.419,,
2022,20,Mexico City Grand Prix,rodriguez,Autódromo Hermanos Rodríguez,vettel,Sebastian,Vettel,aston_martin,Aston Martin,17,1:20.419,,
2022,20,Mexico City Grand Prix,rodriguez,Autódromo Hermanos Rodríguez,stroll,Lance,Stroll,aston_martin,Aston Martin,18,1:20.520,,
2022,20,Mexico City Grand Prix,rodriguez,Autódromo Hermanos Rodríguez,albon,Alexander,Albon,williams,Williams,19,1:20.859,,
2022,20,Mexico City Grand Prix,rodriguez,Autódromo Hermanos Rodríguez,latifi,Nicholas,Latifi,williams,Williams,20,1:21.167,,
2022,21,São Paulo Grand Prix,interlagos,Autódromo José Carlos Pace,kevin_magnussen,Kevin,Magnussen,haas,Haas F1 Team,1,1:13.954,1:11.410,1:11.674
2022,21,São Paulo Grand Prix,interlagos,Autódromo José Carlos Pace,max_verstappen,Max,Verstappen,red_bull,Red Bull,2,1:13.625,1:10.881,1:11.877
2022,21,São Paulo Grand Prix,interlagos,Autódromo José Carlos Pace,russell,George,Russell,mercedes,Mercedes,3,1:14.427,1:11.318,1:12.059
2022,21,São Paulo Grand Prix,interlagos,Autódromo José Carlos Pace,norris,Lando,Norris,mclaren,McLaren,4,1:13.106,1:11.377,1:12.263
2022,21,São Paulo Grand Prix,interlagos,Autódromo José Carlos Pace,sainz,Carlos,Sainz,ferrari,Ferrari,5,1:14.680,1:10.890,1:12.357
2022,21,São Paulo Grand Prix,interlagos,Autódromo José Carlos Pace,ocon,Esteban,Ocon,alpine,Alpine F1 Team,6,1:14.663,1:11.587,1:12.425
2022,21,São Paulo Grand Prix,interlagos,Autódromo José Carlos Pace,alonso,Fernando,Alonso,alpine,Alpine F1 Team,7,1:13.542,1:11.394,1:12.504
2022,21,São Paulo Grand Prix,interlagos,Autódromo José Carlos Pace,hamilton,Lewis,Hamilton,mercedes,Mercedes,8,1:13.403,1:11.539,1:12.611
2022,21,São Paulo Grand Prix,interlagos,Autódromo José Carlos Pace,perez,Sergio,Pérez,red_bull,Red Bull,9,1:13.613,1:11.456,1:15.601
2022,21,São Paulo Grand Prix,interlagos,Autódromo José Carlos Pace,leclerc,Charles,Leclerc,ferrari,Ferrari,10,1:14.486,1:10.950,
2022,21,São Paulo Grand Prix,interlagos,Autódromo José Carlos Pace,albon,Alexander,Albon,williams,Williams,11,1:14.324,1:11.631,
2022,21,São Paulo Grand Prix,interlagos,Autódromo José Carlos Pace,gasly,Pierre,Gasly,alphatauri,AlphaTauri,12,1:14.371,1:11.675,
2022,21,São Paulo Grand Prix,interlagos,Autódromo José Carlos Pace,vettel,Sebastian,Vettel,aston_martin,Aston Martin,13,1:13.597,1:11.678,
2022,21,São Paulo Grand Prix,interlagos,Autódromo José Carlos Pace,ricciardo,Daniel,Ricciardo,mclaren,McLaren,14,1:14.931,1:12.140,
2022,21,São Paulo Grand Prix,interlagos,Autódromo José Carlos Pace,stroll,Lance,Stroll,aston_martin,Aston Martin,15,1:14.398,1:12.210,
2022,21,São Paulo Grand Prix,interlagos,Autódromo José Carlos Pace,latifi,Nicholas,Latifi,williams,Williams,16,1:15.095,,
2022,21,São Paulo Grand Prix,interlagos,Autódromo José Carlos Pace,zhou,Guanyu,Zhou,alfa,Alfa Romeo,17,1:15.197,,
2022,21,São Paulo Grand Prix,interlagos,Autódromo José Carlos Pace,bottas,Valtteri,Bottas,alfa,Alfa Romeo,18,1:15.486,,
2022,21,São Paulo Grand Prix,interlagos,Autódromo José Carlos Pace,tsunoda,Yuki,Tsunoda,alphatauri,AlphaTauri,19,1:16.264,,
2022,21,São Paulo Grand Prix,interlagos,Autódromo José Carlos Pace,mick_schumacher,Mick,Schumacher,haas,Haas F1 Team,20,1:16.361,,
2022,22,Abu Dhabi Grand Prix,yas_marina,Yas Marina Circuit,max_verstappen,Max,Verstappen,red_bull,Red Bull,1,1:24.754,1:24.622,1:23.824
2022,22,Abu Dhabi Grand Prix,yas_marina,Yas Marina Circuit,perez,Sergio,Pérez,red_bull,Red Bull,2,1:24.820,1:24.419,1:24.052
2022,22,Abu Dhabi Grand Prix,yas_marina,Yas Marina Circuit,leclerc,Charles,Leclerc,ferrari,Ferrari,3,1:25.211,1:24.517,1:24.092
2022,22,Abu Dhabi Grand Prix,yas_marina,Yas Marina Circuit,sainz,Carlos,Sainz,ferrari,Ferrari,4,1:25.090,1:24.521,1:24.242
2022,22,Abu Dhabi Grand Prix,yas_marina,Yas Marina Circuit,hamilton,Lewis,Hamilton,mercedes,Mercedes,5,1:25.594,1:24.774,1:24.508
2022,22,Abu Dhabi Grand Prix,yas_marina,Yas Marina Circuit,russell,George,Russell,mercedes,Mercedes,6,1:25.545,1:24.940,1:24.511
2022,22,Abu Dhabi Grand Prix,yas_marina,Yas Marina Circuit,norris,Lando,Norris,mclaren,McLaren,7,1:25.387,1:24.903,1:24.769
2022,22,Abu Dhabi Grand Prix,yas_marina,Yas Marina Circuit,ocon,Esteban,Ocon,alpine,Alpine F1 Team,8,1:25.735,1:25.007,1:24.830
2022,22,Abu Dhabi Grand Prix,yas_marina,Yas Marina Circuit,vettel,Sebastian,Vettel,aston_martin,Aston Martin,9,1:25.523,1:24.974,1:24.961
2022,22,Abu Dhabi Grand Prix,yas_marina,Yas Marina Circuit,ricciardo,Daniel,Ricciardo,mclaren,McLaren,10,1:25.766,1:25.068,1:25.045
2022,22,Abu Dhabi Grand Prix,yas_marina,Yas Marina Circuit,alonso,Fernando,Alonso,alpine,Alpine F1 Team,11,1:25.782,1:25.096,
2022,22,Abu Dhabi Grand Prix,yas_marina,Yas Marina Circuit,tsunoda,Yuki,Tsunoda,alphatauri,AlphaTauri,12,1:25.630,1:25.219,
2022,22,Abu Dhabi Grand Prix,yas_marina,Yas Marina Circuit,mick_schumacher,Mick,Schumacher,haas,Haas F1 Team,13,1:25.711,1:25.225,
2022,22,Abu Dhabi Grand Prix,yas_marina,Yas Marina Circuit,stroll,Lance,Stroll,aston_martin,Aston Martin,14,1:25.741,1:25.359,
2022,22,Abu Dhabi Grand Prix,yas_marina,Yas Marina Circuit,zhou,Guanyu,Zhou,alfa,Alfa Romeo,15,1:25.594,1:25.408,
2022,22,Abu Dhabi Grand Prix,yas_marina,Yas Marina Circuit,kevin_magnussen,Kevin,Magnussen,haas,Haas F1 Team,16,1:25.834,,
2022,22,Abu Dhabi Grand Prix,yas_marina,Yas Marina Circuit,gasly,Pierre,Gasly,alphatauri,AlphaTauri,17,1:25.859,,
2022,22,Abu Dhabi Grand Prix,yas_marina,Yas Marina Circuit,bottas,Valtteri,Bottas,alfa,Alfa Romeo,18,1:25.892,,
2022,22,Abu Dhabi Grand Prix,yas_marina,Yas Marina Circuit,albon,Alexander,Albon,williams,Williams,19,1:26.028,,
2022,22,Abu Dhabi Grand Prix,yas_marina,Yas Marina Circuit,latifi,Nicholas,Latifi,williams,Williams,20,1:26.054,,
2023,1,Bahrain Grand Prix,bahrain,Bahrain International Circuit,max_verstappen,Max,Verstappen,red_bull,Red Bull,1,1:31.295,1:30.503,1:29.708
2023,1,Bahrain Grand Prix,bahrain,Bahrain International Circuit,perez,Sergio,Pérez,red_bull,Red Bull,2,1:31.479,1:30.746,1:29.846
2023,1,Bahrain Grand Prix,bahrain,Bahrain International Circuit,leclerc,Charles,Leclerc,ferrari,Ferrari,3,1:31.094,1:30.282,1:30.000
2023,1,Bahrain Grand Prix,bahrain,Bahrain International Circuit,sainz,Carlos,Sainz,ferrari,Ferrari,4,1:30.993,1:30.515,1:30.154
2023,1,Bahrain Grand Prix,bahrain,Bahrain International Circuit,alonso,Fernando,Alonso,aston_martin,Aston Martin,5,1:31.158,1:30.645,1:30.336
2023,1,Bahrain Grand Prix,bahrain,Bahrain International Circuit,russell,George,Russell,mercedes,Mercedes,6,1:31.057,1:30.507,1:30.340
2023,1,Bahrain Grand Prix,bahrain,Bahrain International Circuit,hamilton,Lewis,Hamilton,mercedes,Mercedes,7,1:31.543,1:30.513,1:30.384
2023,1,Bahrain Grand Prix,bahrain,Bahrain International Circuit,stroll,Lance,Stroll,aston_martin,Aston Martin,8,1:31.184,1:31.127,1:30.836
2023,1,Bahrain Grand Prix,bahrain,Bahrain International Circuit,ocon,Esteban,Ocon,alpine,Alpine F1 Team,9,1:31.508,1:30.914,1:30.984
2023,1,Bahrain Grand Prix,bahrain,Bahrain International Circuit,hulkenberg,Nico,Hülkenberg,haas,Haas F1 Team,10,1:31.204,1:30.809,
2023,1,Bahrain Grand Prix,bahrain,Bahrain International Circuit,norris,Lando,Norris,mclaren,McLaren,11,1:31.652,1:31.381,
2023,1,Bahrain Grand Prix,bahrain,Bahrain International Circuit,bottas,Valtteri,Bottas,alfa,Alfa Romeo,12,1:31.504,1:31.443,
2023,1,Bahrain Grand Prix,bahrain,Bahrain International Circuit,zhou,Guanyu,Zhou,alfa,Alfa Romeo,13,1:31.615,1:31.473,
2023,1,Bahrain Grand Prix,bahrain,Bahrain International Circuit,tsunoda,Yuki,Tsunoda,alphatauri,AlphaTauri,14,1:31.400,1:32.510,
2023,1,Bahrain Grand Prix,bahrain,Bahrain International Circuit,albon,Alexander,Albon,williams,Williams,15,1:31.461,,
2023,1,Bahrain Grand Prix,bahrain,Bahrain International Circuit,sargeant,Logan,Sargeant,williams,Williams,16,1:31.652,,
2023,1,Bahrain Grand Prix,bahrain,Bahrain International Circuit,kevin_magnussen,Kevin,Magnussen,haas,Haas F1 Team,17,1:31.892,,
2023,1,Bahrain Grand Prix,bahrain,Bahrain International Circuit,piastri,Oscar,Piastri,mclaren,McLaren,18,1:32.101,,
2023,1,Bahrain Grand Prix,bahrain,Bahrain International Circuit,de_vries,Nyck,de Vries,alphatauri,AlphaTauri,19,1:32.121,,
2023,1,Bahrain Grand Prix,bahrain,Bahrain International Circuit,gasly,Pierre,Gasly,alpine,Alpine F1 Team,20,1:32.181,,
2023,2,Saudi Arabian Grand Prix,jeddah,Jeddah Corniche Circuit,perez,Sergio,Pérez,red_bull,Red Bull,1,1:29.244,1:28.635,1:28.265
2023,2,Saudi Arabian Grand Prix,jeddah,Jeddah Corniche Circuit,leclerc,Charles,Leclerc,ferrari,Ferrari,2,1:29.376,1:28.903,1:28.420
2023,2,Saudi Arabian Grand Prix,jeddah,Jeddah Corniche Circuit,alonso,Fernando,Alonso,aston_martin,Aston Martin,3,1:29.298,1:28.757,1:28.730
2023,2,Saudi Arabian Grand Prix,jeddah,Jeddah Corniche Circuit,russell,George,Russell,mercedes,Mercedes,4,1:29.592,1:29.132,1:28.857
2023,2,Saudi Arabian Grand Prix,jeddah,Jeddah Corniche Circuit,sainz,Carlos,Sainz,ferrari,Ferrari,5,1:29.411,1:28.957,1:28.931
2023,2,Saudi Arabian Grand Prix,jeddah,Jeddah Corniche Circuit,stroll,Lance,Stroll,aston_martin,Aston Martin,6,1:29.335,1:28.962,1:28.945
2023,2,Saudi Arabian Grand Prix,jeddah,Jeddah Corniche Circuit,ocon,Esteban,Ocon,alpine,Alpine F1 Team,7,1:29.707,1:29.255,1:29.078
2023,2,Saudi Arabian Grand Prix,jeddah,Jeddah Corniche Circuit,hamilton,Lewis,Hamilton,mercedes,Mercedes,8,1:29.689,1:29.374,1:29.223
2023,2,Saudi Arabian Grand Prix,jeddah,Jeddah Corniche Circuit,piastri,Oscar,Piastri,mclaren,McLaren,9,1:29.706,1:29.378,1:29.243
2023,2,Saudi Arabian Grand Prix,jeddah,Jeddah Corniche Circuit,gasly,Pierre,Gasly,alpine,Alpine F1 Team,10,1:29.890,1:29.411,1:29.357
2023,2,Saudi Arabian Grand Prix,jeddah,Jeddah Corniche Circuit,hulkenberg,Nico,Hülkenberg,haas,Haas F1 Team,11,1:29.547,1:29.451,
2023,2,Saudi Arabian Grand Prix,jeddah,Jeddah Corniche Circuit,zhou,Guanyu,Zhou,alfa,Alfa Romeo,12,1:29.654,1:29.461,
2023,2,Saudi Arabian Grand Prix,jeddah,Jeddah Corniche Circuit,kevin_magnussen,Kevin,Magnussen,haas,Haas F1 Team,13,1:29.744,1:29.634,
2023,2,Saudi Arabian Grand Prix,jeddah,Jeddah Corniche Circuit,bottas,Valtteri,Bottas,alfa,Alfa Romeo,14,1:29.929,1:29.668,
2023,2,Saudi Arabian Grand Prix,jeddah,Jeddah Corniche Circuit,max_verstappen,Max,Verstappen,red_bull,Red Bull,15,1:28.761,1:49.953,
2023,2,Saudi Arabian Grand Prix,jeddah,Jeddah Corniche Circuit,tsunoda,Yuki,Tsunoda,alphatauri,AlphaTauri,16,1:29.939,,
2023,2,Saudi Arabian Grand Prix,jeddah,Jeddah Corniche Circuit,albon,Alexander,Albon,williams,Williams,17,1:29.994,,
2023,2,Saudi Arabian Grand Prix,jeddah,Jeddah Corniche Circuit,de_vries,Nyck,de Vries,alphatauri,AlphaTauri,18,1:30.244,,
2023,2,Saudi Arabian Grand Prix,jeddah,Jeddah Corniche Circuit,norris,Lando,Norris,mclaren,McLaren,19,1:30.447,,
2023,2,Saudi Arabian Grand Prix,jeddah,Jeddah Corniche Circuit,sargeant,Logan,Sargeant,williams,Williams,20,2:08.510,,
2023,3,Australian Grand Prix,albert_park,Albert Park Grand Prix Circuit,max_verstappen,Max,Verstappen,red_bull,Red Bull,1,1:17.384,1:17.056,1:16.732
2023,3,Australian Grand Prix,albert_park,Albert Park Grand Prix Circuit,russell,George,Russell,mercedes,Mercedes,2,1:17.654,1:17.513,1:16.968
2023,3,Australian Grand Prix,albert_park,Albert Park Grand Prix Circuit,hamilton,Lewis,Hamilton,mercedes,Mercedes,3,1:17.689,1:17.551,1:17.104
2023,3,Australian Grand Prix,albert_park,Albert Park Grand Prix Circuit,alonso,Fernando,Alonso,aston_martin,Aston Martin,4,1:17.832,1:17.283,1:17.139
2023,3,Australian Grand Prix,albert_park,Albert Park Grand Prix Circuit,sainz,Carlos,Sainz,ferrari,Ferrari,5,1:17.928,1:17.349,1:17.270
2023,3,Australian Grand Prix,albert_park,Albert Park Grand Prix Circuit,stroll,Lance,Stroll,aston_martin,Aston Martin,6,1:17.873,1:17.616,1:17.308
2023,3,Australian Grand Prix,albert_park,Albert Park Grand Prix Circuit,leclerc,Charles,Leclerc,ferrari,Ferrari,7,1:18.218,1:17.390,1:17.369
2023,3,Australian Grand Prix,albert_park,Albert Park Grand Prix Circuit,albon,Alexander,Albon,williams,Williams,8,1:17.962,1:17.761,1:17.609
2023,3,Australian Grand Prix,albert_park,Albert Park Grand Prix Circuit,gasly,Pierre,Gasly,alpine,Alpine F1 Team,9,1:18.312,1:17.574,1:17.675
2023,3,Australian Grand Prix,albert_park,Albert Park Grand Prix Circuit,hulkenberg,Nico,Hülkenberg,haas,Haas F1 Team,10,1:18.029,1:17.412,1:17.735
2023,3,Australian Grand Prix,albert_park,Albert Park Grand Prix Circuit,ocon,Esteban,Ocon,alpine,Alpine F1 Team,11,1:17.770,1:17.768,
2023,3,Australian Grand Prix,albert_park,Albert Park Grand Prix Circuit,tsunoda,Yuki,Tsunoda,alphatauri,AlphaTauri,12,1:18.471,1:18.099,
2023,3,Australian Grand Prix,albert_park,Albert Park Grand Prix Circuit,norris,Lando,Norris,mclaren,McLaren,13,1:18.243,1:18.119,
2023,3,Australian Grand Prix,albert_park,Albert Park Grand Prix Circuit,kevin_magnussen,Kevin,Magnussen,haas,Haas F1 Team,14,1:18.159,1:18.129,
2023,3,Australian Grand Prix,albert_park,Albert Park Grand Prix Circuit,de_vries,Nyck,de Vries,alphatauri,AlphaTauri,15,1:18.450,1:18.335,
2023,3,Australian Grand Prix,albert_park,Albert Park Grand Prix Circuit,piastri,Oscar,Piastri,mclaren,McLaren,16,1:18.517,,
2023,3,Australian Grand Prix,albert_park,Albert Park Grand Prix Circuit,zhou,Guanyu,Zhou,alfa,Alfa Romeo,17,1:18.540,,
2023,3,Australian Grand Prix,albert_park,Albert Park Grand Prix Circuit,sargeant,Logan,Sargeant,williams,Williams,18,1:18.557,,
2023,3,Australian Grand Prix,albert_park,Albert Park Grand Prix Circuit,bottas,Valtteri,Bottas,alfa,Alfa Romeo,19,1:18.714,,
2023,3,Australian Grand Prix,albert_park,Albert Park Grand Prix Circuit,perez,Sergio,Pérez,red_bull,Red Bull,20,,,
2023,4,Azerbaijan Grand Prix,baku,Baku City Circuit,leclerc,Charles,Leclerc,ferrari,Ferrari,1,1:41.269,1:41.037,1:40.203
2023,4,Azerbaijan Grand Prix,baku,Baku City Circuit,max_verstappen,Max,Verstappen,red_bull,Red Bull,2,1:41.398,1:40.822,1:40.391
2023,4,Azerbaijan Grand Prix,baku,Baku City Circuit,perez,Sergio,Pérez,red_bull,Red Bull,3,1:41.756,1:41.131,1:40.495
2023,4,Azerbaijan Grand Prix,baku,Baku City Circuit,sainz,Carlos,Sainz,ferrari,Ferrari,4,1:42.197,1:41.369,1:41.016
2023,4,Azerbaijan Grand Prix,baku,Baku City Circuit,hamilton,Lewis,Hamilton,mercedes,Mercedes,5,1:42.113,1:41.650,1:41.177
2023,4,Azerbaijan Grand Prix,baku,Baku City Circuit,alonso,Fernando,Alonso,aston_martin,Aston Martin,6,1:41.720,1:41.370,1:41.253
2023,4,Azerbaijan Grand Prix,baku,Baku City Circuit,norris,Lando,Norris,mclaren,McLaren,7,1:42.154,1:41.485,1:41.281
2023,4,Azerbaijan Grand Prix,baku,Baku City Circuit,tsunoda,Yuki,Tsunoda,alphatauri,AlphaTauri,8,1:42.234,1:41.569,1:41.581
2023,4,Azerbaijan Grand Prix,baku,Baku City Circuit,stroll,Lance,Stroll,aston_martin,Aston Martin,9,1:42.524,1:41.576,1:41.611
2023,4,Azerbaijan Grand Prix,baku,Baku City Circuit,piastri,Oscar,Piastri,mclaren,McLaren,10,1:42.455,1:41.636,1:41.611
2023,4,Azerbaijan Grand Prix,baku,Baku City Circuit,russell,George,Russell,mercedes,Mercedes,11,1:42.073,1:41.654,
2023,4,Azerbaijan Grand Prix,baku,Baku City Circuit,ocon,Esteban,Ocon,alpine,Alpine F1 Team,12,1:42.622,1:41.798,
2023,4,Azerbaijan Grand Prix,baku,Baku City Circuit,albon,Alexander,Albon,williams,Williams,13,1:42.171,1:41.818,
2023,4,Azerbaijan Grand Prix,baku,Baku City Circuit,bottas,Valtteri,Bottas,alfa,Alfa Romeo,14,1:42.582,1:42.259,
2023,4,Azerbaijan Grand Prix,baku,Baku City Circuit,sargeant,Logan,Sargeant,williams,Williams,15,1:42.242,1:42.395,
2023,4,Azerbaijan Grand Prix,baku,Baku City Circuit,zhou,Guanyu,Zhou,alfa,Alfa Romeo,16,1:42.642,,
2023,4,Azerbaijan Grand Prix,baku,Baku City Circuit,hulkenberg,Nico,Hülkenberg,haas,Haas F1 Team,17,1:42.755,,
2023,4,Azerbaijan Grand Prix,baku,Baku City Circuit,kevin_magnussen,Kevin,Magnussen,haas,Haas F1 Team,18,1:43.417,,
2023,4,Azerbaijan Grand Prix,baku,Baku City Circuit,gasly,Pierre,Gasly,alpine,Alpine F1 Team,19,1:44.853,,
2023,4,Azerbaijan Grand Prix,baku,Baku City Circuit,de_vries,Nyck,de Vries,alphatauri,AlphaTauri,20,1:55.282,,
2023,5,Miami Grand Prix,miami,Miami International Autodrome,perez,Sergio,Pérez,red_bull,Red Bull,1,1:27.713,1:27.328,1:26.841
2023,5,Miami Grand Prix,miami,Miami International Autodrome,alonso,Fernando,Alonso,aston_martin,Aston Martin,2,1:28.179,1:27.097,1:27.202
2023,5,Miami Grand Prix,miami,Miami International Autodrome,sainz,Carlos,Sainz,ferrari,Ferrari,3,1:27.686,1:27.148,1:27.349
2023,5,Miami Grand Prix,miami,Miami International Autodrome,kevin_magnussen,Kevin,Magnussen,haas,Haas F1 Team,4,1:27.809,1:27.673,1:27.767
2023,5,Miami Grand Prix,miami,Miami International Autodrome,gasly,Pierre,Gasly,alpine,Alpine F1 Team,5,1:28.061,1:27.612,1:27.786
2023,5,Miami Grand Prix,miami,Miami International Autodrome,russell,George,Russell,mercedes,Mercedes,6,1:28.086,1:27.743,1:27.804
2023,5,Miami Grand Prix,miami,Miami International Autodrome,leclerc,Charles,Leclerc,ferrari,Ferrari,7,1:27.713,1:26.964,1:27.861
2023,5,Miami Grand Prix,miami,Miami International Autodrome,ocon,Esteban,Ocon,alpine,Alpine F1 Team,8,1:27.872,1:27.444,1:27.935
2023,5,Miami Grand Prix,miami,Miami International Autodrome,max_verstappen,Max,Verstappen,red_bull,Red Bull,9,1:27.363,1:26.814,
2023,5,Miami Grand Prix,miami,Miami International Autodrome,bottas,Valtteri,Bottas,alfa,Alfa Romeo,10,1:27.864,1:27.564,
2023,5,Miami Grand Prix,miami,Miami International Autodrome,albon,Alexander,Albon,williams,Williams,11,1:28.234,1:27.795,
2023,5,Miami Grand Prix,miami,Miami International Autodrome,hulkenberg,Nico,Hülkenberg,haas,Haas F1 Team,12,1:27.945,1:27.903,
2023,5,Miami Grand Prix,miami,Miami International Autodrome,hamilton,Lewis,Hamilton,mercedes,Mercedes,13,1:27.846,1:27.975,
2023,5,Miami Grand Prix,miami,Miami International Autodrome,zhou,Guanyu,Zhou,alfa,Alfa Romeo,14,1:28.180,1:28.091,
2023,5,Miami Grand Prix,miami,Miami International Autodrome,de_vries,Nyck,de Vries,alphatauri,AlphaTauri,15,1:28.325,1:28.395,
2023,5,Miami Grand Prix,miami,Miami International Autodrome,norris,Lando,Norris,mclaren,McLaren,16,1:28.394,,
2023,5,Miami Grand Prix,miami,Miami International Autodrome,tsunoda,Yuki,Tsunoda,alphatauri,AlphaTauri,17,1:28.429,,
2023,5,Miami Grand Prix,miami,Miami International Autodrome,stroll,Lance,Stroll,aston_martin,Aston Martin,18,1:28.476,,
2023,5,Miami Grand Prix,miami,Miami International Autodrome,piastri,Oscar,Piastri,mclaren,McLaren,19,1:28.484,,
2023,5,Miami Grand Prix,miami,Miami International Autodrome,sargeant,Logan,Sargeant,williams,Williams,20,1:28.577,,
2023,6,Monaco Grand Prix,monaco,Circuit de Monaco,max_verstappen,Max,Verstappen,red_bull,Red Bull,1,1:12.386,1:11.908,1:11.365
2023,6,Monaco Grand Prix,monaco,Circuit de Monaco,alonso,Fernando,Alonso,aston_martin,Aston Martin,2,1:12.886,1:12.107,1:11.449
2023,6,Monaco Grand Prix,monaco,Circuit de Monaco,leclerc,Charles,Leclerc,ferrari,Ferrari,3,1:12.912,1:12.103,1:11.471
2023,6,Monaco Grand Prix,monaco,Circuit de Monaco,ocon,Esteban,Ocon,alpine,Alpine F1 Team,4,1:12.967,1:12.248,1:11.553
2023,6,Monaco Grand Prix,monaco,Circuit de Monaco,sainz,Carlos,Sainz,ferrari,Ferrari,5,1:12.717,1:12.210,1:11.630
2023,6,Monaco Grand Prix,monaco,Circuit de Monaco,hamilton,Lewis,Hamilton,mercedes,Mercedes,6,1:12.872,1:12.156,1:11.725
2023,6,Monaco Grand Prix,monaco,Circuit de Monaco,gasly,Pierre,Gasly,alpine,Alpine F1 Team,7,1:13.033,1:12.169,1:11.933
2023,6,Monaco Grand Prix,monaco,Circuit de Monaco,russell,George,Russell,mercedes,Mercedes,8,1:12.769,1:12.151,1:11.964
2023,6,Monaco Grand Prix,monaco,Circuit de Monaco,tsunoda,Yuki,Tsunoda,alphatauri,AlphaTauri,9,1:12.642,1:12.249,1:12.082
2023,6,Monaco Grand Prix,monaco,Circuit de Monaco,norris,Lando,Norris,mclaren,McLaren,10,1:12.877,1:12.377,1:12.254
2023,6,Monaco Grand Prix,monaco,Circuit de Monaco,piastri,Oscar,Piastri,mclaren,McLaren,11,1:13.006,1:12.395,
2023,6,Monaco Grand Prix,monaco,Circuit de Monaco,de_vries,Nyck,de Vries,alphatauri,AlphaTauri,12,1:13.054,1:12.428,
2023,6,Monaco Grand Prix,monaco,Circuit de Monaco,albon,Alexander,Albon,williams,Williams,13,1:12.706,1:12.527,
2023,6,Monaco Grand Prix,monaco,Circuit de Monaco,stroll,Lance,Stroll,aston_martin,Aston Martin,14,1:12.722,1:12.623,
2023,6,Monaco Grand Prix,monaco,Circuit de Monaco,bottas,Valtteri,Bottas,alfa,Alfa Romeo,15,1:13.038,1:12.625,
2023,6,Monaco Grand Prix,monaco,Circuit de Monaco,sargeant,Logan,Sargeant,williams,Williams,16,1:13.113,,
2023,6,Monaco Grand Prix,monaco,Circuit de Monaco,kevin_magnussen,Kevin,Magnussen,haas,Haas F1 Team,17,1:13.270,,
2023,6,Monaco Grand Prix,monaco,Circuit de Monaco,hulkenberg,Nico,Hülkenberg,haas,Haas F1 Team,18,1:13.279,,
2023,6,Monaco Grand Prix,monaco,Circuit de Monaco,zhou,Guanyu,Zhou,alfa,Alfa Romeo,19,1:13.523,,
2023,6,Monaco Grand Prix,monaco,Circuit de Monaco,perez,Sergio,Pérez,red_bull,Red Bull,20,1:13.850,,
2023,7,Spanish Grand Prix,catalunya,Circuit de Barcelona-Catalunya,max_verstappen,Max,Verstappen,red_bull,Red Bull,1,1:13.615,1:12.760,1:12.272
2023,7,Spanish Grand Prix,catalunya,Circuit de Barcelona-Catalunya,sainz,Carlos,Sainz,ferrari,Ferrari,2,1:13.411,1:12.790,1:12.734
2023,7,Spanish Grand Prix,catalunya,Circuit de Barcelona-Catalunya,norris,Lando,Norris,mclaren,McLaren,3,1:13.295,1:12.776,1:12.792
2023,7,Spanish Grand Prix,catalunya,Circuit de Barcelona-Catalunya,gasly,Pierre,Gasly,alpine,Alpine F1 Team,4,1:13.471,1:13.186,1:12.816
2023,7,Spanish Grand Prix,catalunya,Circuit de Barcelona-Catalunya,hamilton,Lewis,Hamilton,mercedes,Mercedes,5,1:12.937,1:12.999,1:12.818
2023,7,Spanish Grand Prix,catalunya,Circuit de Barcelona-Catalunya,stroll,Lance,Stroll,aston_martin,Aston Martin,6,1:13.766,1:13.082,1:12.994
2023,7,Spanish Grand Prix,catalunya,Circuit de Barcelona-Catalunya,ocon,Esteban,Ocon,alpine,Alpine F1 Team,7,1:13.433,1:13.001,1:13.083
2023,7,Spanish Grand Prix,catalunya,Circuit de Barcelona-Catalunya,hulkenberg,Nico,Hülkenberg,haas,Haas F1 Team,8,1:13.420,1:13.283,1:13.229
2023,7,Spanish Grand Prix,catalunya,Circuit de Barcelona-Catalunya,alonso,Fernando,Alonso,aston_martin,Aston Martin,9,1:13.747,1:13.098,1:13.507
2023,7,Spanish Grand Prix,catalunya,Circuit de Barcelona-Catalunya,piastri,Oscar,Piastri,mclaren,McLaren,10,1:13.691,1:13.059,1:13.682
2023,7,Spanish Grand Prix,catalunya,Circuit de Barcelona-Catalunya,perez,Sergio,Pérez,red_bull,Red Bull,11,1:13.874,1:13.334,
2023,7,Spanish Grand Prix,catalunya,Circuit de Barcelona-Catalunya,russell,George,Russell,mercedes,Mercedes,12,1:13.326,1:13.447,
2023,7,Spanish Grand Prix,catalunya,Circuit de Barcelona-Catalunya,zhou,Guanyu,Zhou,alfa,Alfa Romeo,13,1:13.677,1:13.521,
2023,7,Spanish Grand Prix,catalunya,Circuit de Barcelona-Catalunya,de_vries,Nyck,de Vries,alphatauri,AlphaTauri,14,1:13.581,1:14.083,
2023,7,Spanish Grand Prix,catalunya,Circuit de Barcelona-Catalunya,tsunoda,Yuki,Tsunoda,alphatauri,AlphaTauri,15,1:13.862,1:14.477,
2023,7,Spanish Grand Prix,catalunya,Circuit de Barcelona-Catalunya,bottas,Valtteri,Bottas,alfa,Alfa Romeo,16,1:13.977,,
2023,7,Spanish Grand Prix,catalunya,Circuit de Barcelona-Catalunya,kevin_magnussen,Kevin,Magnussen,haas,Haas F1 Team,17,1:14.042,,
2023,7,Spanish Grand Prix,catalunya,Circuit de Barcelona-Catalunya,albon,Alexander,Albon,williams,Williams,18,1:14.063,,
2023,7,Spanish Grand Prix,catalunya,Circuit de Barcelona-Catalunya,leclerc,Charles,Leclerc,ferrari,Ferrari,19,1:14.079,,
2023,7,Spanish Grand Prix,catalunya,Circuit de Barcelona-Catalunya,sargeant,Logan,Sargeant,williams,Williams,20,1:14.699,,
2023,8,Canadian Grand Prix,villeneuve,Circuit Gilles Villeneuve,max_verstappen,Max,Verstappen,red_bull,Red Bull,1,1:20.851,1:19.092,1:25.858
2023,8,Canadian Grand Prix,villeneuve,Circuit Gilles Villeneuve,hulkenberg,Nico,Hülkenberg,haas,Haas F1 Team,2,1:22.730,1:20.305,1:27.102
2023,8,Canadian Grand Prix,villeneuve,Circuit Gilles Villeneuve,alonso,Fernando,Alonso,aston_martin,Aston Martin,3,1:21.481,1:19.776,1:27.286
2023,8,Canadian Grand Prix,villeneuve,Circuit Gilles Villeneuve,hamilton,Lewis,Hamilton,mercedes,Mercedes,4,1:21.554,1:20.426,1:27.627
2023,8,Canadian Grand Prix,villeneuve,Circuit Gilles Villeneuve,russell,George,Russell,mercedes,Mercedes,5,1:21.798,1:20.098,1:27.893
2023,8,Canadian Grand Prix,villeneuve,Circuit Gilles Villeneuve,ocon,Esteban,Ocon,alpine,Alpine F1 Team,6,1:22.114,1:20.406,1:27.945
2023,8,Canadian Grand Prix,villeneuve,Circuit Gilles Villeneuve,norris,Lando,Norris,mclaren,McLaren,7,1:21.998,1:19.347,1:28.046
2023,8,Canadian Grand Prix,villeneuve,Circuit Gilles Villeneuve,sainz,Carlos,Sainz,ferrari,Ferrari,8,1:22.248,1:19.856,1:29.294
2023,8,Canadian Grand Prix,villeneuve,Circuit Gilles Villeneuve,piastri,Oscar,Piastri,mclaren,McLaren,9,1:22.190,1:19.659,1:31.349
2023,8,Canadian Grand Prix,villeneuve,Circuit Gilles Villeneuve,albon,Alexander,Albon,williams,Williams,10,1:21.938,1:18.725,
2023,8,Canadian Grand Prix,villeneuve,Circuit Gilles Villeneuve,leclerc,Charles,Leclerc,ferrari,Ferrari,11,1:21.843,1:20.615,
2023,8,Canadian Grand Prix,villeneuve,Circuit Gilles Villeneuve,perez,Sergio,Pérez,red_bull,Red Bull,12,1:22.151,1:20.959,
2023,8,Canadian Grand Prix,villeneuve,Circuit Gilles Villeneuve,stroll,Lance,Stroll,aston_martin,Aston Martin,13,1:22.677,1:21.484,
2023,8,Canadian Grand Prix,villeneuve,Circuit Gilles Villeneuve,kevin_magnussen,Kevin,Magnussen,haas,Haas F1 Team,14,1:22.351,1:21.678,
2023,8,Canadian Grand Prix,villeneuve,Circuit Gilles Villeneuve,bottas,Valtteri,Bottas,alfa,Alfa Romeo,15,1:22.332,1:21.821,
2023,8,Canadian Grand Prix,villeneuve,Circuit Gilles Villeneuve,tsunoda,Yuki,Tsunoda,alphatauri,AlphaTauri,16,1:22.746,,
2023,8,Canadian Grand Prix,villeneuve,Circuit Gilles Villeneuve,gasly,Pierre,Gasly,alpine,Alpine F1 Team,17,1:22.886,,
2023,8,Canadian Grand Prix,villeneuve,Circuit Gilles Villeneuve,de_vries,Nyck,de Vries,alphatauri,AlphaTauri,18,1:23.137,,
2023,8,Canadian Grand Prix,villeneuve,Circuit Gilles Villeneuve,sargeant,Logan,Sargeant,williams,Williams,19,1:23.337,,
2023,8,Canadian Grand Prix,villeneuve,Circuit Gilles Villeneuve,zhou,Guanyu,Zhou,alfa,Alfa Romeo,20,1:23.342,,
2023,9,Austrian Grand Prix,red_bull_ring,Red Bull Ring,max_verstappen,Max,Verstappen,red_bull,Red Bull,1,1:05.116,1:04.951,1:04.391
2023,9,Austrian Grand Prix,red_bull_ring,Red Bull Ring,leclerc,Charles,Leclerc,ferrari,Ferrari,2,1:05.577,1:05.087,1:04.439
2023,9,Austrian Grand Prix,red_bull_ring,Red Bull Ring,sainz,Carlos,Sainz,ferrari,Ferrari,3,1:05.339,1:04.975,1:04.581
2023,9,Austrian Grand Prix,red_bull_ring,Red Bull Ring,norris,Lando,Norris,mclaren,McLaren,4,1:05.617,1:05.038,1:04.658
2023,9,Austrian Grand Prix,red_bull_ring,Red Bull Ring,hamilton,Lewis,Hamilton,mercedes,Mercedes,5,1:05.673,1:05.188,1:04.819
2023,9,Austrian Grand Prix,red_bull_ring,Red Bull Ring,stroll,Lance,Stroll,aston_martin,Aston Martin,6,1:05.710,1:05.121,1:04.893
2023,9,Austrian Grand Prix,red_bull_ring,Red Bull Ring,alonso,Fernando,Alonso,aston_martin,Aston Martin,7,1:05.655,1:05.181,1:04.911
2023,9,Austrian Grand Prix,red_bull_ring,Red Bull Ring,hulkenberg,Nico,Hülkenberg,haas,Haas F1 Team,8,1:05.740,1:05.362,1:05.090
2023,9,Austrian Grand Prix,red_bull_ring,Red Bull Ring,gasly,Pierre,Gasly,alpine,Alpine F1 Team,9,1:05.515,1:05.308,1:05.170
2023,9,Austrian Grand Prix,red_bull_ring,Red Bull Ring,albon,Alexander,Albon,williams,Williams,10,1:05.673,1:05.387,1:05.823
2023,9,Austrian Grand Prix,red_bull_ring,Red Bull Ring,russell,George,Russell,mercedes,Mercedes,11,1:05.686,1:05.428,
2023,9,Austrian Grand Prix,red_bull_ring,Red Bull Ring,ocon,Esteban,Ocon,alpine,Alpine F1 Team,12,1:05.729,1:05.453,
2023,9,Austrian Grand Prix,red_bull_ring,Red Bull Ring,piastri,Oscar,Piastri,mclaren,McLaren,13,1:05.683,1:05.605,
2023,9,Austrian Grand Prix,red_bull_ring,Red Bull Ring,bottas,Valtteri,Bottas,alfa,Alfa Romeo,14,1:05.763,1:05.680,
2023,9,Austrian Grand Prix,red_bull_ring,Red Bull Ring,perez,Sergio,Pérez,red_bull,Red Bull,15,1:05.177,2:06.688,
2023,9,Austrian Grand Prix,red_bull_ring,Red Bull Ring,tsunoda,Yuki,Tsunoda,alphatauri,AlphaTauri,16,1:05.784,,
2023,9,Austrian Grand Prix,red_bull_ring,Red Bull Ring,zhou,Guanyu,Zhou,alfa,Alfa Romeo,17,1:05.818,,
2023,9,Austrian Grand Prix,red_bull_ring,Red Bull Ring,sargeant,Logan,Sargeant,williams,Williams,18,1:05.948,,
2023,9,Austrian Grand Prix,red_bull_ring,Red Bull Ring,kevin_magnussen,Kevin,Magnussen,haas,Haas F1 Team,19,1:05.971,,
2023,9,Austrian Grand Prix,red_bull_ring,Red Bull Ring,de_vries,Nyck,de Vries,alphatauri,AlphaTauri,20,1:05.974,,
2023,10,British Grand Prix,silverstone,Silverstone Circuit,max_verstappen,Max,Verstappen,red_bull,Red Bull,1,1:29.428,1:27.702,1:26.720
2023,10,British Grand Prix,silverstone,Silverstone Circuit,norris,Lando,Norris,mclaren,McLaren,2,1:28.917,1:28.042,1:26.961
2023,10,British Grand Prix,silverstone,Silverstone Circuit,piastri,Oscar,Piastri,mclaren,McLaren,3,1:29.874,1:27.845,1:27.092
2023,10,British Grand Prix,silverstone,Silverstone Circuit,leclerc,Charles,Leclerc,ferrari,Ferrari,4,1:29.143,1:28.361,1:27.136
2023,10,British Grand Prix,silverstone,Silverstone Circuit,sainz,Carlos,Sainz,ferrari,Ferrari,5,1:29.865,1:28.265,1:27.148
2023,10,British Grand Prix,silverstone,Silverstone Circuit,russell,George,Russell,mercedes,Mercedes,6,1:29.412,1:28.782,1:27.155
2023,10,British Grand Prix,silverstone,Silverstone Circuit,hamilton,Lewis,Hamilton,mercedes,Mercedes,7,1:29.415,1:28.545,1:27.211
2023,10,British Grand Prix,silverstone,Silverstone Circuit,albon,Alexander,Albon,williams,Williams,8,1:29.466,1:28.067,1:27.530
2023,10,British Grand Prix,silverstone,Silverstone Circuit,alonso,Fernando,Alonso,aston_martin,Aston Martin,9,1:29.949,1:28.368,1:27.659
2023,10,British Grand Prix,silverstone,Silverstone Circuit,gasly,Pierre,Gasly,alpine,Alpine F1 Team,10,1:29.533,1:28.751,1:27.689
2023,10,British Grand Prix,silverstone,Silverstone Circuit,hulkenberg,Nico,Hülkenberg,haas,Haas F1 Team,11,1:29.603,1:28.896,
2023,10,British Grand Prix,silverstone,Silverstone Circuit,stroll,Lance,Stroll,aston_martin,Aston Martin,12,1:29.448,1:28.935,
2023,10,British Grand Prix,silverstone,Silverstone Circuit,ocon,Esteban,Ocon,alpine,Alpine F1 Team,13,1:29.700,1:28.956,
2023,10,British Grand Prix,silverstone,Silverstone Circuit,sargeant,Logan,Sargeant,williams,Williams,14,1:29.873,1:29.031,
2023,10,British Grand Prix,silverstone,Silverstone Circuit,perez,Sergio,Pérez,red_bull,Red Bull,15,1:29.968,,
2023,10,British Grand Prix,silverstone,Silverstone Circuit,bottas,Valtteri,Bottas,alfa,Alfa Romeo,15,1:29.798,,
2023,10,British Grand Prix,silverstone,Silverstone Circuit,tsunoda,Yuki,Tsunoda,alphatauri,AlphaTauri,16,1:30.025,,
2023,10,British Grand Prix,silverstone,Silverstone Circuit,zhou,Guanyu,Zhou,alfa,Alfa Romeo,17,1:30.123,,
2023,10,British Grand Prix,silverstone,Silverstone Circuit,de_vries,Nyck,de Vries,alphatauri,AlphaTauri,18,1:30.513,,
2023,10,British Grand Prix,silverstone,Silverstone Circuit,kevin_magnussen,Kevin,Magnussen,haas,Haas F1 Team,19,1:32.378,,
2023,11,Hungarian Grand Prix,hungaroring,Hungaroring,hamilton,Lewis,Hamilton,mercedes,Mercedes,1,1:18.577,1:17.427,1:16.609
2023,11,Hungarian Grand Prix,hungaroring,Hungaroring,max_verstappen,Max,Verstappen,red_bull,Red Bull,2,1:18.318,1:17.547,1:16.612
2023,11,Hungarian Grand Prix,hungaroring,Hungaroring,norris,Lando,Norris,mclaren,McLaren,3,1:18.697,1:17.328,1:16.694
2023,11,Hungarian Grand Prix,hungaroring,Hungaroring,piastri,Oscar,Piastri,mclaren,McLaren,4,1:18.464,1:17.571,1:16.905
2023,11,Hungarian Grand Prix,hungaroring,Hungaroring,zhou,Guanyu,Zhou,alfa,Alfa Romeo,5,1:18.143,1:17.700,1:16.971
2023,11,Hungarian Grand Prix,hungaroring,Hungaroring,leclerc,Charles,Leclerc,ferrari,Ferrari,6,1:18.440,1:17.580,1:16.992
2023,11,Hungarian Grand Prix,hungaroring,Hungaroring,bottas,Valtteri,Bottas,alfa,Alfa Romeo,7,1:18.775,1:17.563,1:17.034
2023,11,Hungarian Grand Prix,hungaroring,Hungaroring,alonso,Fernando,Alonso,aston_martin,Aston Martin,8,1:18.580,1:17.701,1:17.035
2023,11,Hungarian Grand Prix,hungaroring,Hungaroring,perez,Sergio,Pérez,red_bull,Red Bull,9,1:18.360,1:17.675,1:17.045
2023,11,Hungarian Grand Prix,hungaroring,Hungaroring,hulkenberg,Nico,Hülkenberg,haas,Haas F1 Team,10,1:18.695,1:17.652,1:17.186
2023,11,Hungarian Grand Prix,hungaroring,Hungaroring,sainz,Carlos,Sainz,ferrari,Ferrari,11,1:18.393,1:17.703,
2023,11,Hungarian Grand Prix,hungaroring,Hungaroring,ocon,Esteban,Ocon,alpine,Alpine F1 Team,12,1:18.854,1:17.841,
2023,11,Hungarian Grand Prix,hungaroring,Hungaroring,ricciardo,Daniel,Ricciardo,alphatauri,AlphaTauri,13,1:18.906,1:18.002,
2023,11,Hungarian Grand Prix,hungaroring,Hungaroring,stroll,Lance,Stroll,aston_martin,Aston Martin,14,1:18.782,1:18.144,
2023,11,Hungarian Grand Prix,hungaroring,Hungaroring,gasly,Pierre,Gasly,alpine,Alpine F1 Team,15,1:18.743,1:18.217,
2023,11,Hungarian Grand Prix,hungaroring,Hungaroring,albon,Alexander,Albon,williams,Williams,16,1:18.917,,
2023,11,Hungarian Grand Prix,hungaroring,Hungaroring,tsunoda,Yuki,Tsunoda,alphatauri,AlphaTauri,17,1:18.919,,
2023,11,Hungarian Grand Prix,hungaroring,Hungaroring,russell,George,Russell,mercedes,Mercedes,18,1:19.027,,
2023,11,Hungarian Grand Prix,hungaroring,Hungaroring,kevin_magnussen,Kevin,Magnussen,haas,Haas F1 Team,19,1:19.206,,
2023,11,Hungarian Grand Prix,hungaroring,Hungaroring,sargeant,Logan,Sargeant,williams,Williams,20,1:19.248,,
2023,12,Belgian Grand Prix,spa,Circuit de Spa-Francorchamps,max_verstappen,Max,Verstappen,red_bull,Red Bull,1,1:58.515,1:52.784,1:46.168
2023,12,Belgian Grand Prix,spa,Circuit de Spa-Francorchamps,leclerc,Charles,Leclerc,ferrari,Ferrari,2,1:58.300,1:52.017,1:46.988
2023,12,Belgian Grand Prix,spa,Circuit de Spa-Francorchamps,perez,Sergio,Pérez,red_bull,Red Bull,3,1:58.899,1:52.353,1:47.045
2023,12,Belgian Grand Prix,spa,Circuit de Spa-Francorchamps,hamilton,Lewis,Hamilton,mercedes,Mercedes,4,1:58.563,1:52.345,1:47.087
2023,12,Belgian Grand Prix,spa,Circuit de Spa-Francorchamps,sainz,Carlos,Sainz,ferrari,Ferrari,5,1:58.688,1:51.711,1:47.152
2023,12,Belgian Grand Prix,spa,Circuit de Spa-Francorchamps,piastri,Oscar,Piastri,mclaren,McLaren,6,1:58.872,1:51.534,1:47.365
2023,12,Belgian Grand Prix,spa,Circuit de Spa-Francorchamps,norris,Lando,Norris,mclaren,McLaren,7,1:59.981,1:52.252,1:47.669
2023,12,Belgian Grand Prix,spa,Circuit de Spa-Francorchamps,russell,George,Russell,mercedes,Mercedes,8,1:59.035,1:52.605,1:47.805
2023,12,Belgian Grand Prix,spa,Circuit de Spa-Francorchamps,alonso,Fernando,Alonso,aston_martin,Aston Martin,9,1:58.834,1:52.751,1:47.843
2023,12,Belgian Grand Prix,spa,Circuit de Spa-Francorchamps,stroll,Lance,Stroll,aston_martin,Aston Martin,10,1:59.663,1:52.193,1:48.841
2023,12,Belgian Grand Prix,spa,Circuit de Spa-Francorchamps,tsunoda,Yuki,Tsunoda,alphatauri,AlphaTauri,11,1:59.044,1:53.148,
2023,12,Belgian Grand Prix,spa,Circuit de Spa-Francorchamps,gasly,Pierre,Gasly,alpine,Alpine F1 Team,12,1:59.511,1:53.671,
2023,12,Belgian Grand Prix,spa,Circuit de Spa-Francorchamps,kevin_magnussen,Kevin,Magnussen,haas,Haas F1 Team,13,2:00.020,1:54.160,
2023,12,Belgian Grand Prix,spa,Circuit de Spa-Francorchamps,bottas,Valtteri,Bottas,alfa,Alfa Romeo,14,1:59.484,1:54.694,
2023,12,Belgian Grand Prix,spa,Circuit de Spa-Francorchamps,ocon,Esteban,Ocon,alpine,Alpine F1 Team,15,1:59.634,1:56.372,
2023,12,Belgian Grand Prix,spa,Circuit de Spa-Francorchamps,albon,Alexander,Albon,williams,Williams,16,2:00.314,,
2023,12,Belgian Grand Prix,spa,Circuit de Spa-Francorchamps,zhou,Guanyu,Zhou,alfa,Alfa Romeo,17,2:00.832,,
2023,12,Belgian Grand Prix,spa,Circuit de Spa-Francorchamps,sargeant,Logan,Sargeant,williams,Williams,18,2:01.535,,
2023,12,Belgian Grand Prix,spa,Circuit de Spa-Francorchamps,ricciardo,Daniel,Ricciardo,alphatauri,AlphaTauri,19,2:02.159,,
2023,12,Belgian Grand Prix,spa,Circuit de Spa-Francorchamps,hulkenberg,Nico,Hülkenberg,haas,Haas F1 Team,20,2:03.166,,
2023,13,Dutch Grand Prix,zandvoort,Circuit Park Zandvoort,max_verstappen,Max,Verstappen,red_bull,Red Bull,1,1:20.965,1:18.856,1:10.567
2023,13,Dutch Grand Prix,zandvoort,Circuit Park Zandvoort,norris,Lando,Norris,mclaren,McLaren,2,1:21.276,1:19.769,1:11.104
2023,13,Dutch Grand Prix,zandvoort,Circuit Park Zandvoort,russell,George,Russell,mercedes,Mercedes,3,1:21.345,1:19.620,1:11.294
2023,13,Dutch Grand Prix,zandvoort,Circuit Park Zandvoort,albon,Alexander,Albon,williams,Williams,4,1:20.939,1:19.399,1:11.419
2023,13,Dutch Grand Prix,zandvoort,Circuit Park Zandvoort,alonso,Fernando,Alonso,aston_martin,Aston Martin,5,1:21.840,1:19.429,1:11.506
2023,13,Dutch Grand Prix,zandvoort,Circuit Park Zandvoort,sainz,Carlos,Sainz,ferrari,Ferrari,6,1:21.321,1:19.929,1:11.754
2023,13,Dutch Grand Prix,zandvoort,Circuit Park Zandvoort,perez,Sergio,Pérez,red_bull,Red Bull,7,1:21.972,1:19.856,1:11.880
2023,13,Dutch Grand Prix,zandvoort,Circuit Park Zandvoort,piastri,Oscar,Piastri,mclaren,McLaren,8,1:21.231,1:19.392,1:11.938
2023,13,Dutch Grand Prix,zandvoort,Circuit Park Zandvoort,leclerc,Charles,Leclerc,ferrari,Ferrari,9,1:22.019,1:19.600,1:12.665
2023,13,Dutch Grand Prix,zandvoort,Circuit Park Zandvoort,sargeant,Logan,Sargeant,williams,Williams,10,1:22.036,1:20.067,1:16.748
2023,13,Dutch Grand Prix,zandvoort,Circuit Park Zandvoort,stroll,Lance,Stroll,aston_martin,Aston Martin,11,1:21.570,1:20.121,
2023,13,Dutch Grand Prix,zandvoort,Circuit Park Zandvoort,gasly,Pierre,Gasly,alpine,Alpine F1 Team,12,1:21.735,1:20.128,
2023,13,Dutch Grand Prix,zandvoort,Circuit Park Zandvoort,hamilton,Lewis,Hamilton,mercedes,Mercedes,13,1:21.919,1:20.151,
2023,13,Dutch Grand Prix,zandvoort,Circuit Park Zandvoort,tsunoda,Yuki,Tsunoda,alphatauri,AlphaTauri,14,1:21.781,1:20.230,
2023,13,Dutch Grand Prix,zandvoort,Circuit Park Zandvoort,hulkenberg,Nico,Hülkenberg,haas,Haas F1 Team,15,1:21.891,1:20.250,
2023,13,Dutch Grand Prix,zandvoort,Circuit Park Zandvoort,zhou,Guanyu,Zhou,alfa,Alfa Romeo,16,1:22.067,,
2023,13,Dutch Grand Prix,zandvoort,Circuit Park Zandvoort,ocon,Esteban,Ocon,alpine,Alpine F1 Team,17,1:22.110,,
2023,13,Dutch Grand Prix,zandvoort,Circuit Park Zandvoort,kevin_magnussen,Kevin,Magnussen,haas,Haas F1 Team,18,1:22.192,,
2023,13,Dutch Grand Prix,zandvoort,Circuit Park Zandvoort,bottas,Valtteri,Bottas,alfa,Alfa Romeo,19,1:22.260,,
2023,13,Dutch Grand Prix,zandvoort,Circuit Park Zandvoort,lawson,Liam,Lawson,alphatauri,AlphaTauri,20,1:23.420,,
2023,14,Italian Grand Prix,monza,Autodromo Nazionale di Monza,sainz,Carlos,Sainz,ferrari,Ferrari,1,1:21.965,1:20.991,1:20.294
2023,14,Italian Grand Prix,monza,Autodromo Nazionale di Monza,max_verstappen,Max,Verstappen,red_bull,Red Bull,2,1:21.573,1:20.937,1:20.307
2023,14,Italian Grand Prix,monza,Autodromo Nazionale di Monza,leclerc,Charles,Leclerc,ferrari,Ferrari,3,1:21.788,1:20.977,1:20.361
2023,14,Italian Grand Prix,monza,Autodromo Nazionale di Monza,russell,George,Russell,mercedes,Mercedes,4,1:22.148,1:21.382,1:20.671
2023,14,Italian Grand Prix,monza,Autodromo Nazionale di Monza,perez,Sergio,Pérez,red_bull,Red Bull,5,1:21.911,1:21.240,1:20.688
2023,14,Italian Grand Prix,monza,Autodromo Nazionale di Monza,albon,Alexander,Albon,williams,Williams,6,1:21.661,1:21.272,1:20.760
2023,14,Italian Grand Prix,monza,Autodromo Nazionale di Monza,piastri,Oscar,Piastri,mclaren,McLaren,7,1:22.106,1:21.527,1:20.785
2023,14,Italian Grand Prix,monza,Autodromo Nazionale di Monza,hamilton,Lewis,Hamilton,mercedes,Mercedes,8,1:21.977,1:21.369,1:20.820
2023,14,Italian Grand Prix,monza,Autodromo Nazionale di Monza,norris,Lando,Norris,mclaren,McLaren,9,1:21.995,1:21.581,1:20.979
2023,14,Italian Grand Prix,monza,Autodromo Nazionale di Monza,alonso,Fernando,Alonso,aston_martin,Aston Martin,10,1:22.043,1:21.543,1:21.417
2023,14,Italian Grand Prix,monza,Autodromo Nazionale di Monza,tsunoda,Yuki,Tsunoda,alphatauri,AlphaTauri,11,1:21.852,1:21.594,
2023,14,Italian Grand Prix,monza,Autodromo Nazionale di Monza,lawson,Liam,Lawson,alphatauri,AlphaTauri,12,1:22.112,1:21.758,
2023,14,Italian Grand Prix,monza,Autodromo Nazionale di Monza,hulkenberg,Nico,Hülkenberg,haas,Haas F1 Team,13,1:22.343,1:21.776,
2023,14,Italian Grand Prix,monza,Autodromo Nazionale di Monza,bottas,Valtteri,Bottas,alfa,Alfa Romeo,14,1:22.249,1:21.940,
2023,14,Italian Grand Prix,monza,Autodromo Nazionale di Monza,sargeant,Logan,Sargeant,williams,Williams,15,1:21.930,1:21.944,
2023,14,Italian Grand Prix,monza,Autodromo Nazionale di Monza,zhou,Guanyu,Zhou,alfa,Alfa Romeo,16,1:22.390,,
2023,14,Italian Grand Prix,monza,Autodromo Nazionale di Monza,gasly,Pierre,Gasly,alpine,Alpine F1 Team,17,1:22.545,,
2023,14,Italian Grand Prix,monza,Autodromo Nazionale di Monza,ocon,Esteban,Ocon,alpine,Alpine F1 Team,18,1:22.548,,
2023,14,Italian Grand Prix,monza,Autodromo Nazionale di Monza,kevin_magnussen,Kevin,Magnussen,haas,Haas F1 Team,19,1:22.592,,
2023,14,Italian Grand Prix,monza,Autodromo Nazionale di Monza,stroll,Lance,Stroll,aston_martin,Aston Martin,20,1:22.860,,
2023,15,Singapore Grand Prix,marina_bay,Marina Bay Street Circuit,sainz,Carlos,Sainz,ferrari,Ferrari,1,1:32.339,1:31.439,1:30.984
2023,15,Singapore Grand Prix,marina_bay,Marina Bay Street Circuit,russell,George,Russell,mercedes,Mercedes,2,1:32.331,1:31.743,1:31.056
2023,15,Singapore Grand Prix,marina_bay,Marina Bay Street Circuit,leclerc,Charles,Leclerc,ferrari,Ferrari,3,1:32.406,1:32.012,1:31.063
2023,15,Singapore Grand Prix,marina_bay,Marina Bay Street Circuit,norris,Lando,Norris,mclaren,McLaren,4,1:32.483,1:31.951,1:31.270
2023,15,Singapore Grand Prix,marina_bay,Marina Bay Street Circuit,hamilton,Lewis,Hamilton,mercedes,Mercedes,5,1:32.651,1:32.019,1:31.485
2023,15,Singapore Grand Prix,marina_bay,Marina Bay Street Circuit,kevin_magnussen,Kevin,Magnussen,haas,Haas F1 Team,6,1:32.242,1:31.892,1:31.575
2023,15,Singapore Grand Prix,marina_bay,Marina Bay Street Circuit,alonso,Fernando,Alonso,aston_martin,Aston Martin,7,1:32.584,1:31.835,1:31.615
2023,15,Singapore Grand Prix,marina_bay,Marina Bay Street Circuit,ocon,Esteban,Ocon,alpine,Alpine F1 Team,8,1:32.369,1:32.089,1:31.673
2023,15,Singapore Grand Prix,marina_bay,Marina Bay Street Circuit,hulkenberg,Nico,Hülkenberg,haas,Haas F1 Team,9,1:32.100,1:31.994,1:31.808
2023,15,Singapore Grand Prix,marina_bay,Marina Bay Street Circuit,lawson,Liam,Lawson,alphatauri,AlphaTauri,10,1:32.215,1:32.166,1:32.268
2023,15,Singapore Grand Prix,marina_bay,Marina Bay Street Circuit,max_verstappen,Max,Verstappen,red_bull,Red Bull,11,1:32.398,1:32.173,
2023,15,Singapore Grand Prix,marina_bay,Marina Bay Street Circuit,gasly,Pierre,Gasly,alpine,Alpine F1 Team,12,1:32.452,1:32.274,
2023,15,Singapore Grand Prix,marina_bay,Marina Bay Street Circuit,perez,Sergio,Pérez,red_bull,Red Bull,13,1:32.099,1:32.310,
2023,15,Singapore Grand Prix,marina_bay,Marina Bay Street Circuit,albon,Alexander,Albon,williams,Williams,14,1:32.668,1:33.719,
2023,15,Singapore Grand Prix,marina_bay,Marina Bay Street Circuit,tsunoda,Yuki,Tsunoda,alphatauri,AlphaTauri,15,1:31.991,,
2023,15,Singapore Grand Prix,marina_bay,Marina Bay Street Circuit,bottas,Valtteri,Bottas,alfa,Alfa Romeo,16,1:32.809,,
2023,15,Singapore Grand Prix,marina_bay,Marina Bay Street Circuit,piastri,Oscar,Piastri,mclaren,McLaren,17,1:32.902,,
2023,15,Singapore Grand Prix,marina_bay,Marina Bay Street Circuit,sargeant,Logan,Sargeant,williams,Williams,18,1:33.252,,
2023,15,Singapore Grand Prix,marina_bay,Marina Bay Street Circuit,zhou,Guanyu,Zhou,alfa,Alfa Romeo,19,1:33.258,,
2023,15,Singapore Grand Prix,marina_bay,Marina Bay Street Circuit,stroll,Lance,Stroll,aston_martin,Aston Martin,20,1:33.397,,
2023,16,Japanese Grand Prix,suzuka,Suzuka Circuit,max_verstappen,Max,Verstappen,red_bull,Red Bull,1,1:29.878,1:29.964,1:28.877
2023,16,Japanese Grand Prix,suzuka,Suzuka Circuit,piastri,Oscar,Piastri,mclaren,McLaren,2,1:30.439,1:30.122,1:29.458
2023,16,Japanese Grand Prix,suzuka,Suzuka Circuit,norris,Lando,Norris,mclaren,McLaren,3,1:30.063,1:30.296,1:29.493
2023,16,Japanese Grand Prix,suzuka,Suzuka Circuit,leclerc,Charles,Leclerc,ferrari,Ferrari,4,1:30.393,1:29.940,1:29.542
2023,16,Japanese Grand Prix,suzuka,Suzuka Circuit,perez,Sergio,Pérez,red_bull,Red Bull,5,1:30.652,1:29.965,1:29.650
2023,16,Japanese Grand Prix,suzuka,Suzuka Circuit,sainz,Carlos,Sainz,ferrari,Ferrari,6,1:30.651,1:30.067,1:29.850
2023,16,Japanese Grand Prix,suzuka,Suzuka Circuit,hamilton,Lewis,Hamilton,mercedes,Mercedes,7,1:30.811,1:30.040,1:29.908
2023,16,Japanese Grand Prix,suzuka,Suzuka Circuit,russell,George,Russell,mercedes,Mercedes,8,1:30.811,1:30.268,1:30.219
2023,16,Japanese Grand Prix,suzuka,Suzuka Circuit,tsunoda,Yuki,Tsunoda,alphatauri,AlphaTauri,9,1:30.733,1:30.204,1:30.303
2023,16,Japanese Grand Prix,suzuka,Suzuka Circuit,alonso,Fernando,Alonso,aston_martin,Aston Martin,10,1:30.971,1:30.465,1:30.560
2023,16,Japanese Grand Prix,suzuka,Suzuka Circuit,lawson,Liam,Lawson,alphatauri,AlphaTauri,11,1:30.425,1:30.508,
2023,16,Japanese Grand Prix,suzuka,Suzuka Circuit,gasly,Pierre,Gasly,alpine,Alpine F1 Team,12,1:30.843,1:30.509,
2023,16,Japanese Grand Prix,suzuka,Suzuka Circuit,albon,Alexander,Albon,williams,Williams,13,1:30.941,1:30.537,
2023,16,Japanese Grand Prix,suzuka,Suzuka Circuit,ocon,Esteban,Ocon,alpine,Alpine F1 Team,14,1:30.960,1:30.586,
2023,16,Japanese Grand Prix,suzuka,Suzuka Circuit,kevin_magnussen,Kevin,Magnussen,haas,Haas F1 Team,15,1:30.976,1:30.665,
2023,16,Japanese Grand Prix,suzuka,Suzuka Circuit,bottas,Valtteri,Bottas,alfa,Alfa Romeo,16,1:31.049,,
2023,16,Japanese Grand Prix,suzuka,Suzuka Circuit,stroll,Lance,Stroll,aston_martin,Aston Martin,17,1:31.181,,
2023,16,Japanese Grand Prix,suzuka,Suzuka Circuit,hulkenberg,Nico,Hülkenberg,haas,Haas F1 Team,18,1:31.299,,
2023,16,Japanese Grand Prix,suzuka,Suzuka Circuit,zhou,Guanyu,Zhou,alfa,Alfa Romeo,19,1:31.398,,
2023,16,Japanese Grand Prix,suzuka,Suzuka Circuit,sargeant,Logan,Sargeant,williams,Williams,20,,,
2023,17,Qatar Grand Prix,losail,Losail International Circuit,max_verstappen,Max,Verstappen,red_bull,Red Bull,1,1:25.007,1:24.483,1:23.778
2023,17,Qatar Grand Prix,losail,Losail International Circuit,russell,George,Russell,mercedes,Mercedes,2,1:25.334,1:24.827,1:24.219
2023,17,Qatar Grand Prix,losail,Losail International Circuit,hamilton,Lewis,Hamilton,mercedes,Mercedes,3,1:26.076,1:24.381,1:24.305
2023,17,Qatar Grand Prix,losail,Losail International Circuit,alonso,Fernando,Alonso,aston_martin,Aston Martin,4,1:25.223,1:25.241,1:24.369
2023,17,Qatar Grand Prix,losail,Losail International Circuit,leclerc,Charles,Leclerc,ferrari,Ferrari,5,1:25.452,1:25.079,1:24.424
2023,17,Qatar Grand Prix,losail,Losail International Circuit,piastri,Oscar,Piastri,mclaren,McLaren,6,1:25.266,1:24.724,1:24.540
2023,17,Qatar Grand Prix,losail,Losail International Circuit,gasly,Pierre,Gasly,alpine,Alpine F1 Team,7,1:25.566,1:24.918,1:24.553
2023,17,Qatar Grand Prix,losail,Losail International Circuit,ocon,Esteban,Ocon,alpine,Alpine F1 Team,8,1:25.711,1:24.928,1:24.763
2023,17,Qatar Grand Prix,losail,Losail International Circuit,bottas,Valtteri,Bottas,alfa,Alfa Romeo,9,1:26.038,1:25.297,1:25.058
2023,17,Qatar Grand Prix,losail,Losail International Circuit,norris,Lando,Norris,mclaren,McLaren,10,1:25.131,1:24.685,
2023,17,Qatar Grand Prix,losail,Losail International Circuit,tsunoda,Yuki,Tsunoda,alphatauri,AlphaTauri,11,1:26.058,1:25.301,
2023,17,Qatar Grand Prix,losail,Losail International Circuit,sainz,Carlos,Sainz,ferrari,Ferrari,12,1:25.808,1:25.328,
2023,17,Qatar Grand Prix,losail,Losail International Circuit,perez,Sergio,Pérez,red_bull,Red Bull,13,1:25.991,1:25.462,
2023,17,Qatar Grand Prix,losail,Losail International Circuit,albon,Alexander,Albon,williams,Williams,14,1:26.118,1:25.707,
2023,17,Qatar Grand Prix,losail,Losail International Circuit,hulkenberg,Nico,Hülkenberg,haas,Haas F1 Team,15,1:25.904,1:25.783,
2023,17,Qatar Grand Prix,losail,Losail International Circuit,sargeant,Logan,Sargeant,williams,Williams,16,1:26.210,,
2023,17,Qatar Grand Prix,losail,Losail International Circuit,stroll,Lance,Stroll,aston_martin,Aston Martin,17,1:26.345,,
2023,17,Qatar Grand Prix,losail,Losail International Circuit,lawson,Liam,Lawson,alphatauri,AlphaTauri,18,1:26.635,,
2023,17,Qatar Grand Prix,losail,Losail International Circuit,kevin_magnussen,Kevin,Magnussen,haas,Haas F1 Team,19,1:27.046,,
2023,17,Qatar Grand Prix,losail,Losail International Circuit,zhou,Guanyu,Zhou,alfa,Alfa Romeo,20,1:27.432,,
2023,18,United States Grand Prix,americas,Circuit of the Americas,leclerc,Charles,Leclerc,ferrari,Ferrari,1,1:36.061,1:35.004,1:34.723
2023,18,United States Grand Prix,americas,Circuit of the Americas,norris,Lando,Norris,mclaren,McLaren,2,1:35.110,1:35.441,1:34.853
2023,18,United States Grand Prix,americas,Circuit of the Americas,hamilton,Lewis,Hamilton,mercedes,Mercedes,3,1:35.091,1:35.240,1:34.862
2023,18,United States Grand Prix,americas,Circuit of the Americas,sainz,Carlos,Sainz,ferrari,Ferrari,4,1:35.824,1:35.302,1:34.945
2023,18,United States Grand Prix,americas,Circuit of the Americas,russell,George,Russell,mercedes,Mercedes,5,1:36.165,1:35.606,1:35.079
2023,18,United States Grand Prix,americas,Circuit of the Americas,max_verstappen,Max,Verstappen,red_bull,Red Bull,6,1:35.346,1:35.008,1:35.081
2023,18,United States Grand Prix,americas,Circuit of the Americas,gasly,Pierre,Gasly,alpine,Alpine F1 Team,7,1:36.158,1:35.496,1:35.089
2023,18,United States Grand Prix,americas,Circuit of the Americas,ocon,Esteban,Ocon,alpine,Alpine F1 Team,8,1:36.131,1:35.413,1:35.154
2023,18,United States Grand Prix,americas,Circuit of the Americas,perez,Sergio,Pérez,red_bull,Red Bull,9,1:35.989,1:35.679,1:35.173
2023,18,United States Grand Prix,americas,Circuit of the Americas,piastri,Oscar,Piastri,mclaren,McLaren,10,1:36.064,1:35.576,1:35.467
2023,18,United States Grand Prix,americas,Circuit of the Americas,tsunoda,Yuki,Tsunoda,alphatauri,AlphaTauri,11,1:35.913,1:35.697,
2023,18,United States Grand Prix,americas,Circuit of the Americas,zhou,Guanyu,Zhou,alfa,Alfa Romeo,12,1:36.052,1:35.698,
2023,18,United States Grand Prix,americas,Circuit of the Americas,bottas,Valtteri,Bottas,alfa,Alfa Romeo,13,1:36.082,1:35.858,
2023,18,United States Grand Prix,americas,Circuit of the Americas,kevin_magnussen,Kevin,Magnussen,haas,Haas F1 Team,14,1:36.009,1:35.880,
2023,18,United States Grand Prix,americas,Circuit of the Americas,ricciardo,Daniel,Ricciardo,alphatauri,AlphaTauri,15,1:36.213,1:35.974,
2023,18,United States Grand Prix,americas,Circuit of the Americas,hulkenberg,Nico,Hülkenberg,haas,Haas F1 Team,16,1:36.235,,
2023,18,United States Grand Prix,americas,Circuit of the Americas,alonso,Fernando,Alonso,aston_martin,Aston Martin,17,1:36.268,,
2023,18,United States Grand Prix,americas,Circuit of the Americas,albon,Alexander,Albon,williams,Williams,18,1:36.315,,
2023,18,United States Grand Prix,americas,Circuit of the Americas,stroll,Lance,Stroll,aston_martin,Aston Martin,19,1:36.589,,
2023,18,United States Grand Prix,americas,Circuit of the Americas,sargeant,Logan,Sargeant,williams,Williams,20,1:36.827,,
2023,19,Mexico City Grand Prix,rodriguez,Autódromo Hermanos Rodríguez,leclerc,Charles,Leclerc,ferrari,Ferrari,1,1:18.401,1:17.901,1:17.166
2023,19,Mexico City Grand Prix,rodriguez,Autódromo Hermanos Rodríguez,sainz,Carlos,Sainz,ferrari,Ferrari,2,1:18.755,1:18.382,1:17.233
2023,19,Mexico City Grand Prix,rodriguez,Autódromo Hermanos Rodríguez,max_verstappen,Max,Verstappen,red_bull,Red Bull,3,1:18.099,1:17.625,1:17.263
2023,19,Mexico City Grand Prix,rodriguez,Autódromo Hermanos Rodríguez,ricciardo,Daniel,Ricciardo,alphatauri,AlphaTauri,4,1:18.341,1:17.706,1:17.382
2023,19,Mexico City Grand Prix,rodriguez,Autódromo Hermanos Rodríguez,perez,Sergio,Pérez,red_bull,Red Bull,5,1:18.553,1:18.124,1:17.423
2023,19,Mexico City Grand Prix,rodriguez,Autódromo Hermanos Rodríguez,hamilton,Lewis,Hamilton,mercedes,Mercedes,6,1:18.677,1:17.571,1:17.454
2023,19,Mexico City Grand Prix,rodriguez,Autódromo Hermanos Rodríguez,piastri,Oscar,Piastri,mclaren,McLaren,7,1:18.241,1:17.874,1:17.623
2023,19,Mexico City Grand Prix,rodriguez,Autódromo Hermanos Rodríguez,russell,George,Russell,mercedes,Mercedes,8,1:18.893,1:17.673,1:17.674
2023,19,Mexico City Grand Prix,rodriguez,Autódromo Hermanos Rodríguez,bottas,Valtteri,Bottas,alfa,Alfa Romeo,9,1:18.429,1:18.016,1:18.032
2023,19,Mexico City Grand Prix,rodriguez,Autódromo Hermanos Rodríguez,zhou,Guanyu,Zhou,alfa,Alfa Romeo,10,1:19.016,1:18.440,1:18.050
2023,19,Mexico City Grand Prix,rodriguez,Autódromo Hermanos Rodríguez,gasly,Pierre,Gasly,alpine,Alpine F1 Team,11,1:18.945,1:18.521,
2023,19,Mexico City Grand Prix,rodriguez,Autódromo Hermanos Rodríguez,hulkenberg,Nico,Hülkenberg,haas,Haas F1 Team,12,1:18.969,1:18.524,
2023,19,Mexico City Grand Prix,rodriguez,Autódromo Hermanos Rodríguez,alonso,Fernando,Alonso,aston_martin,Aston Martin,13,1:18.848,1:18.738,
2023,19,Mexico City Grand Prix,rodriguez,Autódromo Hermanos Rodríguez,albon,Alexander,Albon,williams,Williams,14,1:18.828,1:19.147,
2023,19,Mexico City Grand Prix,rodriguez,Autódromo Hermanos Rodríguez,tsunoda,Yuki,Tsunoda,alphatauri,AlphaTauri,15,1:18.890,,
2023,19,Mexico City Grand Prix,rodriguez,Autódromo Hermanos Rodríguez,ocon,Esteban,Ocon,alpine,Alpine F1 Team,16,1:19.080,,
2023,19,Mexico City Grand Prix,rodriguez,Autódromo Hermanos Rodríguez,kevin_magnussen,Kevin,Magnussen,haas,Haas F1 Team,17,1:19.163,,
2023,19,Mexico City Grand Prix,rodriguez,Autódromo Hermanos Rodríguez,stroll,Lance,Stroll,aston_martin,Aston Martin,18,1:19.227,,
2023,19,Mexico City Grand Prix,rodriguez,Autódromo Hermanos Rodríguez,norris,Lando,Norris,mclaren,McLaren,19,1:21.554,,
2023,19,Mexico City Grand Prix,rodriguez,Autódromo Hermanos Rodríguez,sargeant,Logan,Sargeant,williams,Williams,20,,,
2023,20,São Paulo Grand Prix,interlagos,Autódromo José Carlos Pace,max_verstappen,Max,Verstappen,red_bull,Red Bull,1,1:10.436,1:10.162,1:10.727
2023,20,São Paulo Grand Prix,interlagos,Autódromo José Carlos Pace,leclerc,Charles,Leclerc,ferrari,Ferrari,2,1:10.472,1:10.303,1:11.021
2023,20,São Paulo Grand Prix,interlagos,Autódromo José Carlos Pace,stroll,Lance,Stroll,aston_martin,Aston Martin,3,1:10.551,1:10.375,1:11.344
2023,20,São Paulo Grand Prix,interlagos,Autódromo José Carlos Pace,alonso,Fernando,Alonso,aston_martin,Aston Martin,4,1:10.557,1:10.237,1:11.387
2023,20,São Paulo Grand Prix,interlagos,Autódromo José Carlos Pace,hamilton,Lewis,Hamilton,mercedes,Mercedes,5,1:10.604,1:10.266,1:11.469
2023,20,São Paulo Grand Prix,interlagos,Autódromo José Carlos Pace,russell,George,Russell,mercedes,Mercedes,6,1:10.340,1:10.316,1:11.590
2023,20,São Paulo Grand Prix,interlagos,Autódromo José Carlos Pace,norris,Lando,Norris,mclaren,McLaren,7,1:10.623,1:10.021,1:11.987
2023,20,São Paulo Grand Prix,interlagos,Autódromo José Carlos Pace,sainz,Carlos,Sainz,ferrari,Ferrari,8,1:10.624,1:10.254,1:11.989
2023,20,São Paulo Grand Prix,interlagos,Autódromo José Carlos Pace,perez,Sergio,Pérez,red_bull,Red Bull,9,1:10.668,1:10.219,1:12.321
2023,20,São Paulo Grand Prix,interlagos,Autódromo José Carlos Pace,piastri,Oscar,Piastri,mclaren,McLaren,10,1:10.519,1:10.330,
2023,20,São Paulo Grand Prix,interlagos,Autódromo José Carlos Pace,hulkenberg,Nico,Hülkenberg,haas,Haas F1 Team,11,1:10.475,1:10.547,
2023,20,São Paulo Grand Prix,interlagos,Autódromo José Carlos Pace,ocon,Esteban,Ocon,alpine,Alpine F1 Team,12,1:10.763,1:10.562,
2023,20,São Paulo Grand Prix,interlagos,Autódromo José Carlos Pace,gasly,Pierre,Gasly,alpine,Alpine F1 Team,13,1:10.793,1:10.567,
2023,20,São Paulo Grand Prix,interlagos,Autódromo José Carlos Pace,kevin_magnussen,Kevin,Magnussen,haas,Haas F1 Team,14,1:10.602,1:10.723,
2023,20,São Paulo Grand Prix,interlagos,Autódromo José Carlos Pace,albon,Alexander,Albon,williams,Williams,15,1:10.621,1:10.840,
2023,20,São Paulo Grand Prix,interlagos,Autódromo José Carlos Pace,tsunoda,Yuki,Tsunoda,alphatauri,AlphaTauri,16,1:10.837,,
2023,20,São Paulo Grand Prix,interlagos,Autódromo José Carlos Pace,ricciardo,Daniel,Ricciardo,alphatauri,AlphaTauri,17,1:10.843,,
2023,20,São Paulo Grand Prix,interlagos,Autódromo José Carlos Pace,bottas,Valtteri,Bottas,alfa,Alfa Romeo,18,1:10.955,,
2023,20,São Paulo Grand Prix,interlagos,Autódromo José Carlos Pace,sargeant,Logan,Sargeant,williams,Williams,19,1:11.035,,
2023,20,São Paulo Grand Prix,interlagos,Autódromo José Carlos Pace,zhou,Guanyu,Zhou,alfa,Alfa Romeo,20,1:11.275,,
2023,21,Las Vegas Grand Prix,vegas,Las Vegas Strip Street Circuit,leclerc,Charles,Leclerc,ferrari,Ferrari,1,1:33.617,1:32.775,1:32.726
2023,21,Las Vegas Grand Prix,vegas,Las Vegas Strip Street Circuit,sainz,Carlos,Sainz,ferrari,Ferrari,2,1:33.851,1:33.338,1:32.770
2023,21,Las Vegas Grand Prix,vegas,Las Vegas Strip Street Circuit,max_verstappen,Max,Verstappen,red_bull,Red Bull,3,1:34.190,1:33.572,1:33.104
2023,21,Las Vegas Grand Prix,vegas,Las Vegas Strip Street Circuit,russell,George,Russell,mercedes,Mercedes,4,1:34.137,1:33.351,1:33.112
2023,21,Las Vegas Grand Prix,vegas,Las Vegas Strip Street Circuit,gasly,Pierre,Gasly,alpine,Alpine F1 Team,5,1:34.272,1:33.494,1:33.239
2023,21,Las Vegas Grand Prix,vegas,Las Vegas Strip Street Circuit,albon,Alexander,Albon,williams,Williams,6,1:34.634,1:33.588,1:33.323
2023,21,Las Vegas Grand Prix,vegas,Las Vegas Strip Street Circuit,sargeant,Logan,Sargeant,williams,Williams,7,1:34.525,1:33.733,1:33.513
2023,21,Las Vegas Grand Prix,vegas,Las Vegas Strip Street Circuit,bottas,Valtteri,Bottas,alfa,Alfa Romeo,8,1:34.305,1:33.809,1:33.525
2023,21,Las Vegas Grand Prix,vegas,Las Vegas Strip Street Circuit,kevin_magnussen,Kevin,Magnussen,haas,Haas F1 Team,9,1:34.337,1:33.664,1:33.537
2023,21,Las Vegas Grand Prix,vegas,Las Vegas Strip Street Circuit,alonso,Fernando,Alonso,aston_martin,Aston Martin,10,1:34.422,1:33.617,1:33.555
2023,21,Las Vegas Grand Prix,vegas,Las Vegas Strip Street Circuit,hamilton,Lewis,Hamilton,mercedes,Mercedes,11,1:34.307,1:33.837,
2023,21,Las Vegas Grand Prix,vegas,Las Vegas Strip Street Circuit,perez,Sergio,Pérez,red_bull,Red Bull,12,1:34.574,1:33.855,
2023,21,Las Vegas Grand Prix,vegas,Las Vegas Strip Street Circuit,hulkenberg,Nico,Hülkenberg,haas,Haas F1 Team,13,1:34.265,1:33.979,
2023,21,Las Vegas Grand Prix,vegas,Las Vegas Strip Street Circuit,stroll,Lance,Stroll,aston_martin,Aston Martin,14,1:34.504,1:34.199,
2023,21,Las Vegas Grand Prix,vegas,Las Vegas Strip Street Circuit,ricciardo,Daniel,Ricciardo,alphatauri,AlphaTauri,15,1:34.683,1:34.308,
2023,21,Las Vegas Grand Prix,vegas,Las Vegas Strip Street Circuit,norris,Lando,Norris,mclaren,McLaren,16,1:34.703,,
2023,21,Las Vegas Grand Prix,vegas,Las Vegas Strip Street Circuit,ocon,Esteban,Ocon,alpine,Alpine F1 Team,17,1:34.834,,
2023,21,Las Vegas Grand Prix,vegas,Las Vegas Strip Street Circuit,zhou,Guanyu,Zhou,alfa,Alfa Romeo,18,1:34.849,,
2023,21,Las Vegas Grand Prix,vegas,Las Vegas Strip Street Circuit,piastri,Oscar,Piastri,mclaren,McLaren,19,1:34.850,,
2023,21,Las Vegas Grand Prix,vegas,Las Vegas Strip Street Circuit,tsunoda,Yuki,Tsunoda,alphatauri,AlphaTauri,20,1:36.447,,
2023,22,Abu Dhabi Grand Prix,yas_marina,Yas Marina Circuit,max_verstappen,Max,Verstappen,red_bull,Red Bull,1,1:24.160,1:23.740,1:23.445
2023,22,Abu Dhabi Grand Prix,yas_marina,Yas Marina Circuit,leclerc,Charles,Leclerc,ferrari,Ferrari,2,1:24.459,1:23.969,1:23.584
2023,22,Abu Dhabi Grand Prix,yas_marina,Yas Marina Circuit,piastri,Oscar,Piastri,mclaren,McLaren,3,1:24.487,1:24.278,1:23.782
2023,22,Abu Dhabi Grand Prix,yas_marina,Yas Marina Circuit,russell,George,Russell,mercedes,Mercedes,4,1:24.337,1:24.013,1:23.788
2023,22,Abu Dhabi Grand Prix,yas_marina,Yas Marina Circuit,norris,Lando,Norris,mclaren,McLaren,5,1:24.368,1:23.920,1:23.816
2023,22,Abu Dhabi Grand Prix,yas_marina,Yas Marina Circuit,tsunoda,Yuki,Tsunoda,alphatauri,AlphaTauri,6,1:24.286,1:24.207,1:23.968
2023,22,Abu Dhabi Grand Prix,yas_marina,Yas Marina Circuit,alonso,Fernando,Alonso,aston_martin,Aston Martin,7,1:24.501,1:24.131,1:24.084
2023,22,Abu Dhabi Grand Prix,yas_marina,Yas Marina Circuit,hulkenberg,Nico,Hülkenberg,haas,Haas F1 Team,8,1:24.425,1:24.213,1:24.108
2023,22,Abu Dhabi Grand Prix,yas_marina,Yas Marina Circuit,perez,Sergio,Pérez,red_bull,Red Bull,9,1:24.209,1:24.116,1:24.171
2023,22,Abu Dhabi Grand Prix,yas_marina,Yas Marina Circuit,gasly,Pierre,Gasly,alpine,Alpine F1 Team,10,1:24.600,1:24.078,1:24.548
2023,22,Abu Dhabi Grand Prix,yas_marina,Yas Marina Circuit,hamilton,Lewis,Hamilton,mercedes,Mercedes,11,1:24.437,1:24.359,
2023,22,Abu Dhabi Grand Prix,yas_marina,Yas Marina Circuit,ocon,Esteban,Ocon,alpine,Alpine F1 Team,12,1:24.565,1:24.391,
2023,22,Abu Dhabi Grand Prix,yas_marina,Yas Marina Circuit,stroll,Lance,Stroll,aston_martin,Aston Martin,13,1:24.405,1:24.422,
2023,22,Abu Dhabi Grand Prix,yas_marina,Yas Marina Circuit,albon,Alexander,Albon,williams,Williams,14,1:24.298,1:24.439,
2023,22,Abu Dhabi Grand Prix,yas_marina,Yas Marina Circuit,ricciardo,Daniel,Ricciardo,alphatauri,AlphaTauri,15,1:24.461,1:24.442,
2023,22,Abu Dhabi Grand Prix,yas_marina,Yas Marina Circuit,sainz,Carlos,Sainz,ferrari,Ferrari,16,1:24.738,,
2023,22,Abu Dhabi Grand Prix,yas_marina,Yas Marina Circuit,kevin_magnussen,Kevin,Magnussen,haas,Haas F1 Team,17,1:24.764,,
2023,22,Abu Dhabi Grand Prix,yas_marina,Yas Marina Circuit,bottas,Valtteri,Bottas,alfa,Alfa Romeo,18,1:24.788,,
2023,22,Abu Dhabi Grand Prix,yas_marina,Yas Marina Circuit,zhou,Guanyu,Zhou,alfa,Alfa Romeo,19,1:25.159,,
2023,22,Abu Dhabi Grand Prix,yas_marina,Yas Marina Circuit,sargeant,Logan,Sargeant,williams,Williams,20,,,
2024,1,Bahrain Grand Prix,bahrain,Bahrain International Circuit,max_verstappen,Max,Verstappen,red_bull,Red Bull,1,1:30.031,1:29.374,1:29.179
2024,1,Bahrain Grand Prix,bahrain,Bahrain International Circuit,leclerc,Charles,Leclerc,ferrari,Ferrari,2,1:30.243,1:29.165,1:29.407
2024,1,Bahrain Grand Prix,bahrain,Bahrain International Circuit,russell,George,Russell,mercedes,Mercedes,3,1:30.350,1:29.922,1:29.485
2024,1,Bahrain Grand Prix,bahrain,Bahrain International Circuit,sainz,Carlos,Sainz,ferrari,Ferrari,4,1:29.909,1:29.573,1:29.507
2024,1,Bahrain Grand Prix,bahrain,Bahrain International Circuit,perez,Sergio,Pérez,red_bull,Red Bull,5,1:30.221,1:29.932,1:29.537
2024,1,Bahrain Grand Prix,bahrain,Bahrain International Circuit,alonso,Fernando,Alonso,aston_martin,Aston Martin,6,1:30.179,1:29.801,1:29.542
2024,1,Bahrain Grand Prix,bahrain,Bahrain International Circuit,norris,Lando,Norris,mclaren,McLaren,7,1:30.143,1:29.941,1:29.614
2024,1,Bahrain Grand Prix,bahrain,Bahrain International Circuit,piastri,Oscar,Piastri,mclaren,McLaren,8,1:30.531,1:30.122,1:29.683
2024,1,Bahrain Grand Prix,bahrain,Bahrain International Circuit,hamilton,Lewis,Hamilton,mercedes,Mercedes,9,1:30.451,1:29.718,1:29.710
2024,1,Bahrain Grand Prix,bahrain,Bahrain International Circuit,hulkenberg,Nico,Hülkenberg,haas,Haas F1 Team,10,1:30.566,1:29.851,1:30.502
2024,1,Bahrain Grand Prix,bahrain,Bahrain International Circuit,tsunoda,Yuki,Tsunoda,rb,RB F1 Team,11,1:30.481,1:30.129,
2024,1,Bahrain Grand Prix,bahrain,Bahrain International Circuit,stroll,Lance,Stroll,aston_martin,Aston Martin,12,1:29.965,1:30.200,
2024,1,Bahrain Grand Prix,bahrain,Bahrain International Circuit,albon,Alexander,Albon,williams,Williams,13,1:30.397,1:30.221,
2024,1,Bahrain Grand Prix,bahrain,Bahrain International Circuit,ricciardo,Daniel,Ricciardo,rb,RB F1 Team,14,1:30.562,1:30.278,
2024,1,Bahrain Grand Prix,bahrain,Bahrain International Circuit,kevin_magnussen,Kevin,Magnussen,haas,Haas F1 Team,15,1:30.646,1:30.529,
2024,1,Bahrain Grand Prix,bahrain,Bahrain International Circuit,bottas,Valtteri,Bottas,sauber,Sauber,16,1:30.756,,
2024,1,Bahrain Grand Prix,bahrain,Bahrain International Circuit,zhou,Guanyu,Zhou,sauber,Sauber,17,1:30.757,,
2024,1,Bahrain Grand Prix,bahrain,Bahrain International Circuit,sargeant,Logan,Sargeant,williams,Williams,18,1:30.770,,
2024,1,Bahrain Grand Prix,bahrain,Bahrain International Circuit,ocon,Esteban,Ocon,alpine,Alpine F1 Team,19,1:30.793,,
2024,1,Bahrain Grand Prix,bahrain,Bahrain International Circuit,gasly,Pierre,Gasly,alpine,Alpine F1 Team,20,1:30.948,,
2024,2,Saudi Arabian Grand Prix,jeddah,Jeddah Corniche Circuit,max_verstappen,Max,Verstappen,red_bull,Red Bull,1,1:28.171,1:28.033,1:27.472
2024,2,Saudi Arabian Grand Prix,jeddah,Jeddah Corniche Circuit,leclerc,Charles,Leclerc,ferrari,Ferrari,2,1:28.318,1:28.112,1:27.791
2024,2,Saudi Arabian Grand Prix,jeddah,Jeddah Corniche Circuit,perez,Sergio,Pérez,red_bull,Red Bull,3,1:28.638,1:28.467,1:27.807
2024,2,Saudi Arabian Grand Prix,jeddah,Jeddah Corniche Circuit,alonso,Fernando,Alonso,aston_martin,Aston Martin,4,1:28.706,1:28.122,1:27.846
2024,2,Saudi Arabian Grand Prix,jeddah,Jeddah Corniche Circuit,piastri,Oscar,Piastri,mclaren,McLaren,5,1:28.755,1:28.343,1:28.089
2024,2,Saudi Arabian Grand Prix,jeddah,Jeddah Corniche Circuit,norris,Lando,Norris,mclaren,McLaren,6,1:28.805,1:28.479,1:28.132
2024,2,Saudi Arabian Grand Prix,jeddah,Jeddah Corniche Circuit,russell,George,Russell,mercedes,Mercedes,7,1:28.749,1:28.448,1:28.316
2024,2,Saudi Arabian Grand Prix,jeddah,Jeddah Corniche Circuit,hamilton,Lewis,Hamilton,mercedes,Mercedes,8,1:28.994,1:28.606,1:28.460
2024,2,Saudi Arabian Grand Prix,jeddah,Jeddah Corniche Circuit,tsunoda,Yuki,Tsunoda,rb,RB F1 Team,9,1:28.988,1:28.564,1:28.547
2024,2,Saudi Arabian Grand Prix,jeddah,Jeddah Corniche Circuit,stroll,Lance,Stroll,aston_martin,Aston Martin,10,1:28.250,1:28.578,1:28.572
2024,2,Saudi Arabian Grand Prix,jeddah,Jeddah Corniche Circuit,bearman,Oliver,Bearman,ferrari,Ferrari,11,1:28.984,1:28.642,
2024,2,Saudi Arabian Grand Prix,jeddah,Jeddah Corniche Circuit,albon,Alexander,Albon,williams,Williams,12,1:29.107,1:28.980,
2024,2,Saudi Arabian Grand Prix,jeddah,Jeddah Corniche Circuit,kevin_magnussen,Kevin,Magnussen,haas,Haas F1 Team,13,1:29.069,1:29.020,
2024,2,Saudi Arabian Grand Prix,jeddah,Jeddah Corniche Circuit,ricciardo,Daniel,Ricciardo,rb,RB F1 Team,14,1:29.065,1:29.025,
2024,2,Saudi Arabian Grand Prix,jeddah,Jeddah Corniche Circuit,hulkenberg,Nico,Hülkenberg,haas,Haas F1 Team,15,1:29.055,,
2024,2,Saudi Arabian Grand Prix,jeddah,Jeddah Corniche Circuit,bottas,Valtteri,Bottas,sauber,Sauber,16,1:29.179,,
2024,2,Saudi Arabian Grand Prix,jeddah,Jeddah Corniche Circuit,ocon,Esteban,Ocon,alpine,Alpine F1 Team,17,1:29.475,,
2024,2,Saudi Arabian Grand Prix,jeddah,Jeddah Corniche Circuit,gasly,Pierre,Gasly,alpine,Alpine F1 Team,18,1:29.479,,
2024,2,Saudi Arabian Grand Prix,jeddah,Jeddah Corniche Circuit,sargeant,Logan,Sargeant,williams,Williams,19,1:29.526,,
2024,2,Saudi Arabian Grand Prix,jeddah,Jeddah Corniche Circuit,zhou,Guanyu,Zhou,sauber,Sauber,20,,,
2024,3,Australian Grand Prix,albert_park,Albert Park Grand Prix Circuit,max_verstappen,Max,Verstappen,red_bull,Red Bull,1,1:16.819,1:16.387,1:15.915
2024,3,Australian Grand Prix,albert_park,Albert Park Grand Prix Circuit,sainz,Carlos,Sainz,ferrari,Ferrari,2,1:16.731,1:16.189,1:16.185
2024,3,Australian Grand Prix,albert_park,Albert Park Grand Prix Circuit,perez,Sergio,Pérez,red_bull,Red Bull,3,1:16.805,1:16.631,1:16.274
2024,3,Australian Grand Prix,albert_park,Albert Park Grand Prix Circuit,norris,Lando,Norris,mclaren,McLaren,4,1:17.430,1:16.750,1:16.315
2024,3,Australian Grand Prix,albert_park,Albert Park Grand Prix Circuit,leclerc,Charles,Leclerc,ferrari,Ferrari,5,1:16.984,1:16.304,1:16.435
2024,3,Australian Grand Prix,albert_park,Albert Park Grand Prix Circuit,piastri,Oscar,Piastri,mclaren,McLaren,6,1:17.369,1:16.601,1:16.572
2024,3,Australian Grand Prix,albert_park,Albert Park Grand Prix Circuit,russell,George,Russell,mercedes,Mercedes,7,1:17.062,1:16.901,1:16.724
2024,3,Australian Grand Prix,albert_park,Albert Park Grand Prix Circuit,tsunoda,Yuki,Tsunoda,rb,RB F1 Team,8,1:17.356,1:16.791,1:16.788
2024,3,Australian Grand Prix,albert_park,Albert Park Grand Prix Circuit,stroll,Lance,Stroll,aston_martin,Aston Martin,9,1:17.376,1:16.780,1:17.072
2024,3,Australian Grand Prix,albert_park,Albert Park Grand Prix Circuit,alonso,Fernando,Alonso,aston_martin,Aston Martin,10,1:16.991,1:16.710,1:17.552
2024,3,Australian Grand Prix,albert_park,Albert Park Grand Prix Circuit,hamilton,Lewis,Hamilton,mercedes,Mercedes,11,1:17.499,1:16.960,
2024,3,Australian Grand Prix,albert_park,Albert Park Grand Prix Circuit,albon,Alexander,Albon,williams,Williams,12,1:17.130,1:17.167,
2024,3,Australian Grand Prix,albert_park,Albert Park Grand Prix Circuit,bottas,Valtteri,Bottas,sauber,Sauber,13,1:17.543,1:17.340,
2024,3,Australian Grand Prix,albert_park,Albert Park Grand Prix Circuit,kevin_magnussen,Kevin,Magnussen,haas,Haas F1 Team,14,1:17.709,1:17.427,
2024,3,Australian Grand Prix,albert_park,Albert Park Grand Prix Circuit,ocon,Esteban,Ocon,alpine,Alpine F1 Team,15,1:17.617,1:17.697,
2024,3,Australian Grand Prix,albert_park,Albert Park Grand Prix Circuit,hulkenberg,Nico,Hülkenberg,haas,Haas F1 Team,16,1:17.976,,
2024,3,Australian Grand Prix,albert_park,Albert Park Grand Prix Circuit,gasly,Pierre,Gasly,alpine,Alpine F1 Team,17,1:17.982,,
2024,3,Australian Grand Prix,albert_park,Albert Park Grand Prix Circuit,ricciardo,Daniel,Ricciardo,rb,RB F1 Team,18,1:18.085,,
2024,3,Australian Grand Prix,albert_park,Albert Park Grand Prix Circuit,zhou,Guanyu,Zhou,sauber,Sauber,19,1:18.188,,
2024,4,Japanese Grand Prix,suzuka,Suzuka Circuit,max_verstappen,Max,Verstappen,red_bull,Red Bull,1,1:28.866,1:28.740,1:28.197
2024,4,Japanese Grand Prix,suzuka,Suzuka Circuit,perez,Sergio,Pérez,red_bull,Red Bull,2,1:29.303,1:28.752,1:28.263
2024,4,Japanese Grand Prix,suzuka,Suzuka Circuit,norris,Lando,Norris,mclaren,McLaren,3,1:29.536,1:28.940,1:28.489
2024,4,Japanese Grand Prix,suzuka,Suzuka Circuit,sainz,Carlos,Sainz,ferrari,Ferrari,4,1:29.513,1:29.099,1:28.682
2024,4,Japanese Grand Prix,suzuka,Suzuka Circuit,alonso,Fernando,Alonso,aston_martin,Aston Martin,5,1:29.254,1:29.082,1:28.686
2024,4,Japanese Grand Prix,suzuka,Suzuka Circuit,piastri,Oscar,Piastri,mclaren,McLaren,6,1:29.425,1:29.148,1:28.760
2024,4,Japanese Grand Prix,suzuka,Suzuka Circuit,hamilton,Lewis,Hamilton,mercedes,Mercedes,7,1:29.661,1:28.887,1:28.766
2024,4,Japanese Grand Prix,suzuka,Suzuka Circuit,leclerc,Charles,Leclerc,ferrari,Ferrari,8,1:29.338,1:29.196,1:28.786
2024,4,Japanese Grand Prix,suzuka,Suzuka Circuit,russell,George,Russell,mercedes,Mercedes,9,1:29.799,1:29.140,1:29.008
2024,4,Japanese Grand Prix,suzuka,Suzuka Circuit,tsunoda,Yuki,Tsunoda,rb,RB F1 Team,10,1:29.775,1:29.417,1:29.413
2024,4,Japanese Grand Prix,suzuka,Suzuka Circuit,ricciardo,Daniel,Ricciardo,rb,RB F1 Team,11,1:29.727,1:29.472,
2024,4,Japanese Grand Prix,suzuka,Suzuka Circuit,hulkenberg,Nico,Hülkenberg,haas,Haas F1 Team,12,1:29.821,1:29.494,
2024,4,Japanese Grand Prix,suzuka,Suzuka Circuit,bottas,Valtteri,Bottas,sauber,Sauber,13,1:29.602,1:29.593,
2024,4,Japanese Grand Prix,suzuka,Suzuka Circuit,albon,Alexander,Albon,williams,Williams,14,1:29.963,1:29.714,
2024,4,Japanese Grand Prix,suzuka,Suzuka Circuit,ocon,Esteban,Ocon,alpine,Alpine F1 Team,15,1:29.811,1:29.816,
2024,4,Japanese Grand Prix,suzuka,Suzuka Circuit,stroll,Lance,Stroll,aston_martin,Aston Martin,16,1:30.024,,
2024,4,Japanese Grand Prix,suzuka,Suzuka Circuit,gasly,Pierre,Gasly,alpine,Alpine F1 Team,17,1:30.119,,
2024,4,Japanese Grand Prix,suzuka,Suzuka Circuit,kevin_magnussen,Kevin,Magnussen,haas,Haas F1 Team,18,1:30.131,,
2024,4,Japanese Grand Prix,suzuka,Suzuka Circuit,sargeant,Logan,Sargeant,williams,Williams,19,1:30.139,,
2024,4,Japanese Grand Prix,suzuka,Suzuka Circuit,zhou,Guanyu,Zhou,sauber,Sauber,20,1:30.143,,
2024,5,Chinese Grand Prix,shanghai,Shanghai International Circuit,max_verstappen,Max,Verstappen,red_bull,Red Bull,1,1:34.742,1:33.794,1:33.660
2024,5,Chinese Grand Prix,shanghai,Shanghai International Circuit,perez,Sergio,Pérez,red_bull,Red Bull,2,1:35.457,1:34.026,1:33.982
2024,5,Chinese Grand Prix,shanghai,Shanghai International Circuit,alonso,Fernando,Alonso,aston_martin,Aston Martin,3,1:35.116,1:34.652,1:34.148
2024,5,Chinese Grand Prix,shanghai,Shanghai International Circuit,norris,Lando,Norris,mclaren,McLaren,4,1:34.842,1:34.460,1:34.165
2024,5,Chinese Grand Prix,shanghai,Shanghai International Circuit,piastri,Oscar,Piastri,mclaren,McLaren,5,1:35.014,1:34.659,1:34.273
2024,5,Chinese Grand Prix,shanghai,Shanghai International Circuit,leclerc,Charles,Leclerc,ferrari,Ferrari,6,1:34.797,1:34.399,1:34.289
2024,5,Chinese Grand Prix,shanghai,Shanghai International Circuit,sainz,Carlos,Sainz,ferrari,Ferrari,7,1:34.970,1:34.368,1:34.297
2024,5,Chinese Grand Prix,shanghai,Shanghai International Circuit,russell,George,Russell,mercedes,Mercedes,8,1:35.084,1:34.609,1:34.433
2024,5,Chinese Grand Prix,shanghai,Shanghai International Circuit,hulkenberg,Nico,Hülkenberg,haas,Haas F1 Team,9,1:35.068,1:34.667,1:34.604
2024,5,Chinese Grand Prix,shanghai,Shanghai International Circuit,bottas,Valtteri,Bottas,sauber,Sauber,10,1:35.169,1:34.769,1:34.665
2024,5,Chinese Grand Prix,shanghai,Shanghai International Circuit,stroll,Lance,Stroll,aston_martin,Aston Martin,11,1:35.334,1:34.838,
2024,5,Chinese Grand Prix,shanghai,Shanghai International Circuit,ricciardo,Daniel,Ricciardo,rb,RB F1 Team,12,1:35.443,1:34.934,
2024,5,Chinese Grand Prix,shanghai,Shanghai International Circuit,ocon,Esteban,Ocon,alpine,Alpine F1 Team,13,1:35.356,1:35.223,
2024,5,Chinese Grand Prix,shanghai,Shanghai International Circuit,albon,Alexander,Albon,williams,Williams,14,1:35.384,1:35.241,
2024,5,Chinese Grand Prix,shanghai,Shanghai International Circuit,gasly,Pierre,Gasly,alpine,Alpine F1 Team,15,1:35.287,1:35.463,
2024,5,Chinese Grand Prix,shanghai,Shanghai International Circuit,zhou,Guanyu,Zhou,sauber,Sauber,16,1:35.505,,
2024,5,Chinese Grand Prix,shanghai,Shanghai International Circuit,kevin_magnussen,Kevin,Magnussen,haas,Haas F1 Team,17,1:35.516,,
2024,5,Chinese Grand Prix,shanghai,Shanghai International Circuit,hamilton,Lewis,Hamilton,mercedes,Mercedes,18,1:35.573,,
2024,5,Chinese Grand Prix,shanghai,Shanghai International Circuit,tsunoda,Yuki,Tsunoda,rb,RB F1 Team,19,1:35.746,,
2024,5,Chinese Grand Prix,shanghai,Shanghai International Circuit,sargeant,Logan,Sargeant,williams,Williams,20,1:36.358,,
2024,6,Miami Grand Prix,miami,Miami International Autodrome,max_verstappen,Max,Verstappen,red_bull,Red Bull,1,1:27.689,1:27.566,1:27.241
2024,6,Miami Grand Prix,miami,Miami International Autodrome,leclerc,Charles,Leclerc,ferrari,Ferrari,2,1:28.081,1:27.533,1:27.382
2024,6,Miami Grand Prix,miami,Miami International Autodrome,sainz,Carlos,Sainz,ferrari,Ferrari,3,1:27.937,1:27.941,1:27.455
2024,6,Miami Grand Prix,miami,Miami International Autodrome,perez,Sergio,Pérez,red_bull,Red Bull,4,1:27.772,1:27.839,1:27.460
2024,6,Miami Grand Prix,miami,Miami International Autodrome,norris,Lando,Norris,mclaren,McLaren,5,1:27.913,1:27.871,1:27.594
2024,6,Miami Grand Prix,miami,Miami International Autodrome,piastri,Oscar,Piastri,mclaren,McLaren,6,1:28.032,1:27.721,1:27.675
2024,6,Miami Grand Prix,miami,Miami International Autodrome,russell,George,Russell,mercedes,Mercedes,7,1:28.159,1:28.095,1:28.067
2024,6,Miami Grand Prix,miami,Miami International Autodrome,hamilton,Lewis,Hamilton,mercedes,Mercedes,8,1:28.167,1:27.697,1:28.107
2024,6,Miami Grand Prix,miami,Miami International Autodrome,hulkenberg,Nico,Hülkenberg,haas,Haas F1 Team,9,1:28.383,1:28.200,1:28.146
2024,6,Miami Grand Prix,miami,Miami International Autodrome,tsunoda,Yuki,Tsunoda,rb,RB F1 Team,10,1:28.324,1:28.167,1:28.192
2024,6,Miami Grand Prix,miami,Miami International Autodrome,stroll,Lance,Stroll,aston_martin,Aston Martin,11,1:28.177,1:28.222,
2024,6,Miami Grand Prix,miami,Miami International Autodrome,gasly,Pierre,Gasly,alpine,Alpine F1 Team,12,1:27.976,1:28.324,
2024,6,Miami Grand Prix,miami,Miami International Autodrome,ocon,Esteban,Ocon,alpine,Alpine F1 Team,13,1:28.209,1:28.371,
2024,6,Miami Grand Prix,miami,Miami International Autodrome,albon,Alexander,Albon,williams,Williams,14,1:28.343,1:28.413,
2024,6,Miami Grand Prix,miami,Miami International Autodrome,alonso,Fernando,Alonso,aston_martin,Aston Martin,15,1:28.453,1:28.427,
2024,6,Miami Grand Prix,miami,Miami International Autodrome,bottas,Valtteri,Bottas,sauber,Sauber,16,1:28.463,,
2024,6,Miami Grand Prix,miami,Miami International Autodrome,sargeant,Logan,Sargeant,williams,Williams,17,1:28.487,,
2024,6,Miami Grand Prix,miami,Miami International Autodrome,ricciardo,Daniel,Ricciardo,rb,RB F1 Team,18,1:28.617,,
2024,6,Miami Grand Prix,miami,Miami International Autodrome,kevin_magnussen,Kevin,Magnussen,haas,Haas F1 Team,19,1:28.619,,
2024,6,Miami Grand Prix,miami,Miami International Autodrome,zhou,Guanyu,Zhou,sauber,Sauber,20,1:28.824,,
2024,7,Emilia Romagna Grand Prix,imola,Autodromo Enzo e Dino Ferrari,max_verstappen,Max,Verstappen,red_bull,Red Bull,1,1:15.762,1:15.176,1:14.746
2024,7,Emilia Romagna Grand Prix,imola,Autodromo Enzo e Dino Ferrari,piastri,Oscar,Piastri,mclaren,McLaren,2,1:15.940,1:15.407,1:14.820
2024,7,Emilia Romagna Grand Prix,imola,Autodromo Enzo e Dino Ferrari,norris,Lando,Norris,mclaren,McLaren,3,1:15.915,1:15.371,1:14.837
2024,7,Emilia Romagna Grand Prix,imola,Autodromo Enzo e Dino Ferrari,leclerc,Charles,Leclerc,ferrari,Ferrari,4,1:15.823,1:15.328,1:14.970
2024,7,Emilia Romagna Grand Prix,imola,Autodromo Enzo e Dino Ferrari,sainz,Carlos,Sainz,ferrari,Ferrari,5,1:16.015,1:15.512,1:15.233
2024,7,Emilia Romagna Grand Prix,imola,Autodromo Enzo e Dino Ferrari,russell,George,Russell,mercedes,Mercedes,6,1:16.107,1:15.671,1:15.234
2024,7,Emilia Romagna Grand Prix,imola,Autodromo Enzo e Dino Ferrari,tsunoda,Yuki,Tsunoda,rb,RB F1 Team,7,1:15.894,1:15.358,1:15.465
2024,7,Emilia Romagna Grand Prix,imola,Autodromo Enzo e Dino Ferrari,hamilton,Lewis,Hamilton,mercedes,Mercedes,8,1:16.604,1:15.677,1:15.504
2024,7,Emilia Romagna Grand Prix,imola,Autodromo Enzo e Dino Ferrari,ricciardo,Daniel,Ricciardo,rb,RB F1 Team,9,1:16.060,1:15.691,1:15.674
2024,7,Emilia Romagna Grand Prix,imola,Autodromo Enzo e Dino Ferrari,hulkenberg,Nico,Hülkenberg,haas,Haas F1 Team,10,1:15.841,1:15.569,1:15.980
2024,7,Emilia Romagna Grand Prix,imola,Autodromo Enzo e Dino Ferrari,perez,Sergio,Pérez,red_bull,Red Bull,11,1:16.404,1:15.706,
2024,7,Emilia Romagna Grand Prix,imola,Autodromo Enzo e Dino Ferrari,ocon,Esteban,Ocon,alpine,Alpine F1 Team,12,1:16.361,1:15.906,
2024,7,Emilia Romagna Grand Prix,imola,Autodromo Enzo e Dino Ferrari,stroll,Lance,Stroll,aston_martin,Aston Martin,13,1:16.458,1:15.992,
2024,7,Emilia Romagna Grand Prix,imola,Autodromo Enzo e Dino Ferrari,albon,Alexander,Albon,williams,Williams,14,1:16.524,1:16.200,
2024,7,Emilia Romagna Grand Prix,imola,Autodromo Enzo e Dino Ferrari,gasly,Pierre,Gasly,alpine,Alpine F1 Team,15,1:16.015,1:16.381,
2024,7,Emilia Romagna Grand Prix,imola,Autodromo Enzo e Dino Ferrari,bottas,Valtteri,Bottas,sauber,Sauber,16,1:16.626,,
2024,7,Emilia Romagna Grand Prix,imola,Autodromo Enzo e Dino Ferrari,zhou,Guanyu,Zhou,sauber,Sauber,17,1:16.834,,
2024,7,Emilia Romagna Grand Prix,imola,Autodromo Enzo e Dino Ferrari,kevin_magnussen,Kevin,Magnussen,haas,Haas F1 Team,18,1:16.854,,
2024,7,Emilia Romagna Grand Prix,imola,Autodromo Enzo e Dino Ferrari,alonso,Fernando,Alonso,aston_martin,Aston Martin,19,1:16.917,,
2024,7,Emilia Romagna Grand Prix,imola,Autodromo Enzo e Dino Ferrari,sargeant,Logan,Sargeant,williams,Williams,20,,,
2024,8,Monaco Grand Prix,monaco,Circuit de Monaco,leclerc,Charles,Leclerc,ferrari,Ferrari,1,1:11.584,1:10.825,1:10.270
2024,8,Monaco Grand Prix,monaco,Circuit de Monaco,piastri,Oscar,Piastri,mclaren,McLaren,2,1:11.500,1:10.756,1:10.424
2024,8,Monaco Grand Prix,monaco,Circuit de Monaco,sainz,Carlos,Sainz,ferrari,Ferrari,3,1:11.543,1:11.075,1:10.518
2024,8,Monaco Grand Prix,monaco,Circuit de Monaco,norris,Lando,Norris,mclaren,McLaren,4,1:11.760,1:10.732,1:10.542
2024,8,Monaco Grand Prix,monaco,Circuit de Monaco,russell,George,Russell,mercedes,Mercedes,5,1:11.492,1:10.929,1:10.543
2024,8,Monaco Grand Prix,monaco,Circuit de Monaco,max_verstappen,Max,Verstappen,red_bull,Red Bull,6,1:11.711,1:10.745,1:10.567
2024,8,Monaco Grand Prix,monaco,Circuit de Monaco,hamilton,Lewis,Hamilton,mercedes,Mercedes,7,1:11.528,1:11.056,1:10.621
2024,8,Monaco Grand Prix,monaco,Circuit de Monaco,tsunoda,Yuki,Tsunoda,rb,RB F1 Team,8,1:11.852,1:11.106,1:10.858
2024,8,Monaco Grand Prix,monaco,Circuit de Monaco,albon,Alexander,Albon,williams,Williams,9,1:11.623,1:11.216,1:10.948
2024,8,Monaco Grand Prix,monaco,Circuit de Monaco,gasly,Pierre,Gasly,alpine,Alpine F1 Team,10,1:11.714,1:10.896,1:11.311
2024,8,Monaco Grand Prix,monaco,Circuit de Monaco,ocon,Esteban,Ocon,alpine,Alpine F1 Team,11,1:11.887,1:11.285,
2024,8,Monaco Grand Prix,monaco,Circuit de Monaco,ricciardo,Daniel,Ricciardo,rb,RB F1 Team,12,1:11.785,1:11.482,
2024,8,Monaco Grand Prix,monaco,Circuit de Monaco,stroll,Lance,Stroll,aston_martin,Aston Martin,13,1:11.728,1:11.563,
2024,8,Monaco Grand Prix,monaco,Circuit de Monaco,alonso,Fernando,Alonso,aston_martin,Aston Martin,14,1:12.019,,
2024,8,Monaco Grand Prix,monaco,Circuit de Monaco,hulkenberg,Nico,Hülkenberg,haas,Haas F1 Team,14,1:11.876,1:11.440,
2024,8,Monaco Grand Prix,monaco,Circuit de Monaco,sargeant,Logan,Sargeant,williams,Williams,15,1:12.020,,
2024,8,Monaco Grand Prix,monaco,Circuit de Monaco,kevin_magnussen,Kevin,Magnussen,haas,Haas F1 Team,15,1:11.832,1:11.725,
2024,8,Monaco Grand Prix,monaco,Circuit de Monaco,perez,Sergio,Pérez,red_bull,Red Bull,16,1:12.060,,
2024,8,Monaco Grand Prix,monaco,Circuit de Monaco,bottas,Valtteri,Bottas,sauber,Sauber,17,1:12.512,,
2024,8,Monaco Grand Prix,monaco,Circuit de Monaco,zhou,Guanyu,Zhou,sauber,Sauber,18,1:13.028,,
2024,9,Canadian Grand Prix,villeneuve,Circuit Gilles Villeneuve,russell,George,Russell,mercedes,Mercedes,1,1:13.013,1:11.742,1:12.000
2024,9,Canadian Grand Prix,villeneuve,Circuit Gilles Villeneuve,max_verstappen,Max,Verstappen,red_bull,Red Bull,2,1:12.360,1:12.549,1:12.000
2024,9,Canadian Grand Prix,villeneuve,Circuit Gilles Villeneuve,norris,Lando,Norris,mclaren,McLaren,3,1:12.959,1:12.201,1:12.021
2024,9,Canadian Grand Prix,villeneuve,Circuit Gilles Villeneuve,piastri,Oscar,Piastri,mclaren,McLaren,4,1:12.907,1:12.462,1:12.103
2024,9,Canadian Grand Prix,villeneuve,Circuit Gilles Villeneuve,ricciardo,Daniel,Ricciardo,rb,RB F1 Team,5,1:13.240,1:12.572,1:12.178
2024,9,Canadian Grand Prix,villeneuve,Circuit Gilles Villeneuve,alonso,Fernando,Alonso,aston_martin,Aston Martin,6,1:13.117,1:12.635,1:12.228
2024,9,Canadian Grand Prix,villeneuve,Circuit Gilles Villeneuve,hamilton,Lewis,Hamilton,mercedes,Mercedes,7,1:12.851,1:11.979,1:12.280
2024,9,Canadian Grand Prix,villeneuve,Circuit Gilles Villeneuve,tsunoda,Yuki,Tsunoda,rb,RB F1 Team,8,1:12.748,1:12.303,1:12.414
2024,9,Canadian Grand Prix,villeneuve,Circuit Gilles Villeneuve,stroll,Lance,Stroll,aston_martin,Aston Martin,9,1:13.088,1:12.659,1:12.701
2024,9,Canadian Grand Prix,villeneuve,Circuit Gilles Villeneuve,albon,Alexander,Albon,williams,Williams,10,1:12.896,1:12.485,1:12.796
2024,9,Canadian Grand Prix,villeneuve,Circuit Gilles Villeneuve,leclerc,Charles,Leclerc,ferrari,Ferrari,11,1:13.107,1:12.691,
2024,9,Canadian Grand Prix,villeneuve,Circuit Gilles Villeneuve,sainz,Carlos,Sainz,ferrari,Ferrari,12,1:13.038,1:12.728,
2024,9,Canadian Grand Prix,villeneuve,Circuit Gilles Villeneuve,sargeant,Logan,Sargeant,williams,Williams,13,1:13.063,1:12.736,
2024,9,Canadian Grand Prix,villeneuve,Circuit Gilles Villeneuve,kevin_magnussen,Kevin,Magnussen,haas,Haas F1 Team,14,1:13.217,1:12.916,
2024,9,Canadian Grand Prix,villeneuve,Circuit Gilles Villeneuve,gasly,Pierre,Gasly,alpine,Alpine F1 Team,15,1:13.289,1:12.940,
2024,9,Canadian Grand Prix,villeneuve,Circuit Gilles Villeneuve,perez,Sergio,Pérez,red_bull,Red Bull,16,1:13.326,,
2024,9,Canadian Grand Prix,villeneuve,Circuit Gilles Villeneuve,bottas,Valtteri,Bottas,sauber,Sauber,17,1:13.366,,
2024,9,Canadian Grand Prix,villeneuve,Circuit Gilles Villeneuve,ocon,Esteban,Ocon,alpine,Alpine F1 Team,18,1:13.435,,
2024,9,Canadian Grand Prix,villeneuve,Circuit Gilles Villeneuve,hulkenberg,Nico,Hülkenberg,haas,Haas F1 Team,19,1:13.978,,
2024,9,Canadian Grand Prix,villeneuve,Circuit Gilles Villeneuve,zhou,Guanyu,Zhou,sauber,Sauber,20,1:14.292,,
2024,10,Spanish Grand Prix,catalunya,Circuit de Barcelona-Catalunya,norris,Lando,Norris,mclaren,McLaren,1,1:12.386,1:11.872,1:11.383
2024,10,Spanish Grand Prix,catalunya,Circuit de Barcelona-Catalunya,max_verstappen,Max,Verstappen,red_bull,Red Bull,2,1:12.306,1:11.653,1:11.403
2024,10,Spanish Grand Prix,catalunya,Circuit de Barcelona-Catalunya,hamilton,Lewis,Hamilton,mercedes,Mercedes,3,1:12.143,1:11.792,1:11.701
2024,10,Spanish Grand Prix,catalunya,Circuit de Barcelona-Catalunya,russell,George,Russell,mercedes,Mercedes,4,1:12.456,1:11.812,1:11.703
2024,10,Spanish Grand Prix,catalunya,Circuit de Barcelona-Catalunya,leclerc,Charles,Leclerc,ferrari,Ferrari,5,1:12.257,1:12.038,1:11.731
2024,10,Spanish Grand Prix,catalunya,Circuit de Barcelona-Catalunya,sainz,Carlos,Sainz,ferrari,Ferrari,6,1:12.403,1:11.874,1:11.736
2024,10,Spanish Grand Prix,catalunya,Circuit de Barcelona-Catalunya,gasly,Pierre,Gasly,alpine,Alpine F1 Team,7,1:12.651,1:12.079,1:11.857
2024,10,Spanish Grand Prix,catalunya,Circuit de Barcelona-Catalunya,perez,Sergio,Pérez,red_bull,Red Bull,8,1:12.477,1:12.054,1:12.061
2024,10,Spanish Grand Prix,catalunya,Circuit de Barcelona-Catalunya,ocon,Esteban,Ocon,alpine,Alpine F1 Team,9,1:12.691,1:12.109,1:12.125
2024,10,Spanish Grand Prix,catalunya,Circuit de Barcelona-Catalunya,piastri,Oscar,Piastri,mclaren,McLaren,10,1:12.460,1:12.011,
2024,10,Spanish Grand Prix,catalunya,Circuit de Barcelona-Catalunya,alonso,Fernando,Alonso,aston_martin,Aston Martin,11,1:12.505,1:12.128,
2024,10,Spanish Grand Prix,catalunya,Circuit de Barcelona-Catalunya,bottas,Valtteri,Bottas,sauber,Sauber,12,1:12.758,1:12.227,
2024,10,Spanish Grand Prix,catalunya,Circuit de Barcelona-Catalunya,hulkenberg,Nico,Hülkenberg,haas,Haas F1 Team,13,1:12.708,1:12.310,
2024,10,Spanish Grand Prix,catalunya,Circuit de Barcelona-Catalunya,stroll,Lance,Stroll,aston_martin,Aston Martin,14,1:12.881,1:12.372,
2024,10,Spanish Grand Prix,catalunya,Circuit de Barcelona-Catalunya,zhou,Guanyu,Zhou,sauber,Sauber,15,1:12.880,1:12.738,
2024,10,Spanish Grand Prix,catalunya,Circuit de Barcelona-Catalunya,kevin_magnussen,Kevin,Magnussen,haas,Haas F1 Team,16,1:12.937,,
2024,10,Spanish Grand Prix,catalunya,Circuit de Barcelona-Catalunya,tsunoda,Yuki,Tsunoda,rb,RB F1 Team,17,1:12.985,,
2024,10,Spanish Grand Prix,catalunya,Circuit de Barcelona-Catalunya,ricciardo,Daniel,Ricciardo,rb,RB F1 Team,18,1:13.075,,
2024,10,Spanish Grand Prix,catalunya,Circuit de Barcelona-Catalunya,albon,Alexander,Albon,williams,Williams,19,1:13.153,,
2024,10,Spanish Grand Prix,catalunya,Circuit de Barcelona-Catalunya,sargeant,Logan,Sargeant,williams,Williams,20,1:13.509,,
2024,11,Austrian Grand Prix,red_bull_ring,Red Bull Ring,sainz,Carlos,Sainz,ferrari,Ferrari,4,1:05.263,1:05.016,1:04.851
2024,11,Austrian Grand Prix,red_bull_ring,Red Bull Ring,max_verstappen,Max,Verstappen,red_bull,Red Bull,1,1:05.336,1:04.469,1:04.314
2024,11,Austrian Grand Prix,red_bull_ring,Red Bull Ring,norris,Lando,Norris,mclaren,McLaren,2,1:05.450,1:05.103,1:04.718
2024,11,Austrian Grand Prix,red_bull_ring,Red Bull Ring,russell,George,Russell,mercedes,Mercedes,3,1:05.585,1:05.016,1:04.840
2024,11,Austrian Grand Prix,red_bull_ring,Red Bull Ring,hamilton,Lewis,Hamilton,mercedes,Mercedes,5,1:05.541,1:05.053,1:04.903
2024,11,Austrian Grand Prix,red_bull_ring,Red Bull Ring,leclerc,Charles,Leclerc,ferrari,Ferrari,6,1:05.509,1:05.104,1:05.044
2024,11,Austrian Grand Prix,red_bull_ring,Red Bull Ring,piastri,Oscar,Piastri,mclaren,McLaren,7,1:05.311,1:05.070,1:05.048
2024,11,Austrian Grand Prix,red_bull_ring,Red Bull Ring,perez,Sergio,Pérez,red_bull,Red Bull,8,1:05.587,1:05.144,1:05.202
2024,11,Austrian Grand Prix,red_bull_ring,Red Bull Ring,hulkenberg,Nico,Hülkenberg,haas,Haas F1 Team,9,1:05.596,1:05.262,1:05.385
2024,11,Austrian Grand Prix,red_bull_ring,Red Bull Ring,ocon,Esteban,Ocon,alpine,Alpine F1 Team,10,1:05.574,1:05.274,1:05.883
2024,11,Austrian Grand Prix,red_bull_ring,Red Bull Ring,ricciardo,Daniel,Ricciardo,rb,RB F1 Team,11,1:05.569,1:05.289,
2024,11,Austrian Grand Prix,red_bull_ring,Red Bull Ring,kevin_magnussen,Kevin,Magnussen,haas,Haas F1 Team,12,1:05.508,1:05.347,
2024,11,Austrian Grand Prix,red_bull_ring,Red Bull Ring,gasly,Pierre,Gasly,alpine,Alpine F1 Team,13,1:05.598,1:05.359,
2024,11,Austrian Grand Prix,red_bull_ring,Red Bull Ring,tsunoda,Yuki,Tsunoda,rb,RB F1 Team,14,1:05.563,1:05.412,
2024,11,Austrian Grand Prix,red_bull_ring,Red Bull Ring,alonso,Fernando,Alonso,aston_martin,Aston Martin,15,1:05.656,1:05.639,
2024,11,Austrian Grand Prix,red_bull_ring,Red Bull Ring,albon,Alexander,Albon,williams,Williams,16,1:05.736,,
2024,11,Austrian Grand Prix,red_bull_ring,Red Bull Ring,stroll,Lance,Stroll,aston_martin,Aston Martin,17,1:05.819,,
2024,11,Austrian Grand Prix,red_bull_ring,Red Bull Ring,bottas,Valtteri,Bottas,sauber,Sauber,18,1:05.847,,
2024,11,Austrian Grand Prix,red_bull_ring,Red Bull Ring,sargeant,Logan,Sargeant,williams,Williams,19,1:05.856,,
2024,11,Austrian Grand Prix,red_bull_ring,Red Bull Ring,zhou,Guanyu,Zhou,sauber,Sauber,20,1:06.061,,
2024,12,British Grand Prix,silverstone,Silverstone Circuit,russell,George,Russell,mercedes,Mercedes,1,1:30.106,1:26.723,1:25.819
2024,12,British Grand Prix,silverstone,Silverstone Circuit,hamilton,Lewis,Hamilton,mercedes,Mercedes,2,1:29.547,1:26.770,1:25.990
2024,12,British Grand Prix,silverstone,Silverstone Circuit,norris,Lando,Norris,mclaren,McLaren,3,1:31.596,1:26.559,1:26.030
2024,12,British Grand Prix,silverstone,Silverstone Circuit,max_verstappen,Max,Verstappen,red_bull,Red Bull,4,1:31.342,1:26.796,1:26.203
2024,12,British Grand Prix,silverstone,Silverstone Circuit,piastri,Oscar,Piastri,mclaren,McLaren,5,1:30.895,1:26.733,1:26.237
2024,12,British Grand Prix,silverstone,Silverstone Circuit,hulkenberg,Nico,Hülkenberg,haas,Haas F1 Team,6,1:31.929,1:26.847,1:26.338
2024,12,British Grand Prix,silverstone,Silverstone Circuit,sainz,Carlos,Sainz,ferrari,Ferrari,7,1:30.557,1:26.843,1:26.509
2024,12,British Grand Prix,silverstone,Silverstone Circuit,stroll,Lance,Stroll,aston_martin,Aston Martin,8,1:31.410,1:26.938,1:26.585
2024,12,British Grand Prix,silverstone,Silverstone Circuit,albon,Alexander,Albon,williams,Williams,9,1:31.135,1:26.933,1:26.640
2024,12,British Grand Prix,silverstone,Silverstone Circuit,alonso,Fernando,Alonso,aston_martin,Aston Martin,10,1:31.264,1:26.730,1:26.917
2024,12,British Grand Prix,silverstone,Silverstone Circuit,leclerc,Charles,Leclerc,ferrari,Ferrari,11,1:30.496,1:27.097,
2024,12,British Grand Prix,silverstone,Silverstone Circuit,sargeant,Logan,Sargeant,williams,Williams,12,1:31.608,1:27.175,
2024,12,British Grand Prix,silverstone,Silverstone Circuit,tsunoda,Yuki,Tsunoda,rb,RB F1 Team,13,1:30.994,1:27.269,
2024,12,British Grand Prix,silverstone,Silverstone Circuit,zhou,Guanyu,Zhou,sauber,Sauber,14,1:31.190,1:27.867,
2024,12,British Grand Prix,silverstone,Silverstone Circuit,ricciardo,Daniel,Ricciardo,rb,RB F1 Team,15,1:31.291,1:27.949,
2024,12,British Grand Prix,silverstone,Silverstone Circuit,bottas,Valtteri,Bottas,sauber,Sauber,16,1:32.431,,
2024,12,British Grand Prix,silverstone,Silverstone Circuit,kevin_magnussen,Kevin,Magnussen,haas,Haas F1 Team,17,1:32.905,,
2024,12,British Grand Prix,silverstone,Silverstone Circuit,ocon,Esteban,Ocon,alpine,Alpine F1 Team,18,1:34.557,,
2024,12,British Grand Prix,silverstone,Silverstone Circuit,perez,Sergio,Pérez,red_bull,Red Bull,19,1:38.348,,
2024,12,British Grand Prix,silverstone,Silverstone Circuit,gasly,Pierre,Gasly,alpine,Alpine F1 Team,20,1:39.804,,
2024,13,Hungarian Grand Prix,hungaroring,Hungaroring,norris,Lando,Norris,mclaren,McLaren,1,1:17.755,1:15.540,1:15.227
2024,13,Hungarian Grand Prix,hungaroring,Hungaroring,piastri,Oscar,Piastri,mclaren,McLaren,2,1:17.504,1:15.785,1:15.249
2024,13,Hungarian Grand Prix,hungaroring,Hungaroring,max_verstappen,Max,Verstappen,red_bull,Red Bull,3,1:17.087,1:15.770,1:15.273
2024,13,Hungarian Grand Prix,hungaroring,Hungaroring,sainz,Carlos,Sainz,ferrari,Ferrari,4,1:17.244,1:15.885,1:15.696
2024,13,Hungarian Grand Prix,hungaroring,Hungaroring,hamilton,Lewis,Hamilton,mercedes,Mercedes,5,1:17.087,1:16.307,1:15.854
2024,13,Hungarian Grand Prix,hungaroring,Hungaroring,leclerc,Charles,Leclerc,ferrari,Ferrari,6,1:17.437,1:15.891,1:15.905
2024,13,Hungarian Grand Prix,hungaroring,Hungaroring,alonso,Fernando,Alonso,aston_martin,Aston Martin,7,1:17.624,1:16.117,1:16.043
2024,13,Hungarian Grand Prix,hungaroring,Hungaroring,stroll,Lance,Stroll,aston_martin,Aston Martin,8,1:17.405,1:16.075,1:16.244
2024,13,Hungarian Grand Prix,hungaroring,Hungaroring,ricciardo,Daniel,Ricciardo,rb,RB F1 Team,9,1:17.050,1:16.202,1:16.447
2024,13,Hungarian Grand Prix,hungaroring,Hungaroring,tsunoda,Yuki,Tsunoda,rb,RB F1 Team,10,1:17.436,1:16.121,1:16.477
2024,13,Hungarian Grand Prix,hungaroring,Hungaroring,hulkenberg,Nico,Hülkenberg,haas,Haas F1 Team,11,1:17.362,1:16.317,
2024,13,Hungarian Grand Prix,hungaroring,Hungaroring,bottas,Valtteri,Bottas,sauber,Sauber,12,1:17.487,1:16.384,
2024,13,Hungarian Grand Prix,hungaroring,Hungaroring,albon,Alexander,Albon,williams,Williams,13,1:17.280,1:16.429,
2024,13,Hungarian Grand Prix,hungaroring,Hungaroring,sargeant,Logan,Sargeant,williams,Williams,14,1:17.770,1:16.543,
2024,13,Hungarian Grand Prix,hungaroring,Hungaroring,kevin_magnussen,Kevin,Magnussen,haas,Haas F1 Team,15,1:17.851,1:16.548,
2024,13,Hungarian Grand Prix,hungaroring,Hungaroring,perez,Sergio,Pérez,red_bull,Red Bull,16,1:17.886,,
2024,13,Hungarian Grand Prix,hungaroring,Hungaroring,russell,George,Russell,mercedes,Mercedes,17,1:17.968,,
2024,13,Hungarian Grand Prix,hungaroring,Hungaroring,zhou,Guanyu,Zhou,sauber,Sauber,18,1:18.037,,
2024,13,Hungarian Grand Prix,hungaroring,Hungaroring,ocon,Esteban,Ocon,alpine,Alpine F1 Team,19,1:18.049,,
2024,13,Hungarian Grand Prix,hungaroring,Hungaroring,gasly,Pierre,Gasly,alpine,Alpine F1 Team,20,1:18.166,,
2024,14,Belgian Grand Prix,spa,Circuit de Spa-Francorchamps,max_verstappen,Max,Verstappen,red_bull,Red Bull,1,1:54.938,1:53.837,1:53.159
2024,14,Belgian Grand Prix,spa,Circuit de Spa-Francorchamps,leclerc,Charles,Leclerc,ferrari,Ferrari,2,1:55.349,1:54.193,1:53.754
2024,14,Belgian Grand Prix,spa,Circuit de Spa-Francorchamps,perez,Sergio,Pérez,red_bull,Red Bull,3,1:55.139,1:54.470,1:53.765
2024,14,Belgian Grand Prix,spa,Circuit de Spa-Francorchamps,hamilton,Lewis,Hamilton,mercedes,Mercedes,4,1:55.692,1:54.037,1:53.835
2024,14,Belgian Grand Prix,spa,Circuit de Spa-Francorchamps,norris,Lando,Norris,mclaren,McLaren,5,1:55.582,1:54.358,1:53.981
2024,14,Belgian Grand Prix,spa,Circuit de Spa-Francorchamps,piastri,Oscar,Piastri,mclaren,McLaren,6,1:54.835,1:54.136,1:54.027
2024,14,Belgian Grand Prix,spa,Circuit de Spa-Francorchamps,russell,George,Russell,mercedes,Mercedes,7,1:55.353,1:54.095,1:54.184
2024,14,Belgian Grand Prix,spa,Circuit de Spa-Francorchamps,sainz,Carlos,Sainz,ferrari,Ferrari,8,1:55.169,1:54.112,1:54.477
2024,14,Belgian Grand Prix,spa,Circuit de Spa-Francorchamps,alonso,Fernando,Alonso,aston_martin,Aston Martin,9,1:55.489,1:54.258,1:54.765
2024,14,Belgian Grand Prix,spa,Circuit de Spa-Francorchamps,ocon,Esteban,Ocon,alpine,Alpine F1 Team,10,1:55.417,1:54.460,1:54.810
2024,14,Belgian Grand Prix,spa,Circuit de Spa-Francorchamps,albon,Alexander,Albon,williams,Williams,11,1:55.722,1:54.473,
2024,14,Belgian Grand Prix,spa,Circuit de Spa-Francorchamps,gasly,Pierre,Gasly,alpine,Alpine F1 Team,12,1:54.911,1:54.635,
2024,14,Belgian Grand Prix,spa,Circuit de Spa-Francorchamps,ricciardo,Daniel,Ricciardo,rb,RB F1 Team,13,1:55.451,1:54.682,
2024,14,Belgian Grand Prix,spa,Circuit de Spa-Francorchamps,bottas,Valtteri,Bottas,sauber,Sauber,14,1:55.531,1:54.764,
2024,14,Belgian Grand Prix,spa,Circuit de Spa-Francorchamps,stroll,Lance,Stroll,aston_martin,Aston Martin,15,1:56.072,1:55.716,
2024,14,Belgian Grand Prix,spa,Circuit de Spa-Francorchamps,hulkenberg,Nico,Hülkenberg,haas,Haas F1 Team,16,1:56.308,,
2024,14,Belgian Grand Prix,spa,Circuit de Spa-Francorchamps,kevin_magnussen,Kevin,Magnussen,haas,Haas F1 Team,17,1:56.500,,
2024,14,Belgian Grand Prix,spa,Circuit de Spa-Francorchamps,tsunoda,Yuki,Tsunoda,rb,RB F1 Team,18,1:56.593,,
2024,14,Belgian Grand Prix,spa,Circuit de Spa-Francorchamps,sargeant,Logan,Sargeant,williams,Williams,19,1:57.230,,
2024,14,Belgian Grand Prix,spa,Circuit de Spa-Francorchamps,zhou,Guanyu,Zhou,sauber,Sauber,20,1:57.775,,
2024,15,Dutch Grand Prix,zandvoort,Circuit Park Zandvoort,norris,Lando,Norris,mclaren,McLaren,1,1:11.377,1:10.496,1:09.673
2024,15,Dutch Grand Prix,zandvoort,Circuit Park Zandvoort,max_verstappen,Max,Verstappen,red_bull,Red Bull,2,1:11.393,1:10.811,1:10.029
2024,15,Dutch Grand Prix,zandvoort,Circuit Park Zandvoort,piastri,Oscar,Piastri,mclaren,McLaren,3,1:11.541,1:10.505,1:10.172
2024,15,Dutch Grand Prix,zandvoort,Circuit Park Zandvoort,russell,George,Russell,mercedes,Mercedes,4,1:11.049,1:10.552,1:10.244
2024,15,Dutch Grand Prix,zandvoort,Circuit Park Zandvoort,perez,Sergio,Pérez,red_bull,Red Bull,5,1:11.006,1:10.678,1:10.416
2024,15,Dutch Grand Prix,zandvoort,Circuit Park Zandvoort,leclerc,Charles,Leclerc,ferrari,Ferrari,6,1:11.370,1:10.689,1:10.582
2024,15,Dutch Grand Prix,zandvoort,Circuit Park Zandvoort,alonso,Fernando,Alonso,aston_martin,Aston Martin,7,1:11.493,1:10.845,1:10.633
2024,15,Dutch Grand Prix,zandvoort,Circuit Park Zandvoort,stroll,Lance,Stroll,aston_martin,Aston Martin,8,1:11.518,1:10.661,1:10.857
2024,15,Dutch Grand Prix,zandvoort,Circuit Park Zandvoort,gasly,Pierre,Gasly,alpine,Alpine F1 Team,9,1:11.718,1:10.815,1:10.977
2024,15,Dutch Grand Prix,zandvoort,Circuit Park Zandvoort,sainz,Carlos,Sainz,ferrari,Ferrari,10,1:11.327,1:10.914,
2024,15,Dutch Grand Prix,zandvoort,Circuit Park Zandvoort,albon,Alexander,Albon,williams,Williams,10,,1:10.768,1:10.653
2024,15,Dutch Grand Prix,zandvoort,Circuit Park Zandvoort,hamilton,Lewis,Hamilton,mercedes,Mercedes,11,1:11.375,1:10.948,
2024,15,Dutch Grand Prix,zandvoort,Circuit Park Zandvoort,tsunoda,Yuki,Tsunoda,rb,RB F1 Team,12,1:11.603,1:10.955,
2024,15,Dutch Grand Prix,zandvoort,Circuit Park Zandvoort,hulkenberg,Nico,Hülkenberg,haas,Haas F1 Team,13,1:11.832,1:11.215,
2024,15,Dutch Grand Prix,zandvoort,Circuit Park Zandvoort,kevin_magnussen,Kevin,Magnussen,haas,Haas F1 Team,14,1:11.630,1:11.295,
2024,15,Dutch Grand Prix,zandvoort,Circuit Park Zandvoort,ricciardo,Daniel,Ricciardo,rb,RB F1 Team,15,1:11.943,,
2024,15,Dutch Grand Prix,zandvoort,Circuit Park Zandvoort,ocon,Esteban,Ocon,alpine,Alpine F1 Team,16,1:11.995,,
2024,15,Dutch Grand Prix,zandvoort,Circuit Park Zandvoort,bottas,Valtteri,Bottas,sauber,Sauber,17,1:12.168,,
2024,15,Dutch Grand Prix,zandvoort,Circuit Park Zandvoort,zhou,Guanyu,Zhou,sauber,Sauber,18,1:13.261,,
2024,15,Dutch Grand Prix,zandvoort,Circuit Park Zandvoort,sargeant,Logan,Sargeant,williams,Williams,20,,,
2024,16,Italian Grand Prix,monza,Autodromo Nazionale di Monza,norris,Lando,Norris,mclaren,McLaren,1,1:19.911,1:19.727,1:19.327
2024,16,Italian Grand Prix,monza,Autodromo Nazionale di Monza,piastri,Oscar,Piastri,mclaren,McLaren,2,1:20.076,1:19.808,1:19.436
2024,16,Italian Grand Prix,monza,Autodromo Nazionale di Monza,russell,George,Russell,mercedes,Mercedes,3,1:20.169,1:19.877,1:19.440
2024,16,Italian Grand Prix,monza,Autodromo Nazionale di Monza,leclerc,Charles,Leclerc,ferrari,Ferrari,4,1:20.074,1:20.007,1:19.461
2024,16,Italian Grand Prix,monza,Autodromo Nazionale di Monza,sainz,Carlos,Sainz,ferrari,Ferrari,5,1:20.149,1:19.799,1:19.467
2024,16,Italian Grand Prix,monza,Autodromo Nazionale di Monza,hamilton,Lewis,Hamilton,mercedes,Mercedes,6,1:20.477,1:19.641,1:19.513
2024,16,Italian Grand Prix,monza,Autodromo Nazionale di Monza,max_verstappen,Max,Verstappen,red_bull,Red Bull,7,1:20.226,1:19.662,1:20.022
2024,16,Italian Grand Prix,monza,Autodromo Nazionale di Monza,perez,Sergio,Pérez,red_bull,Red Bull,8,1:20.598,1:20.216,1:20.062
2024,16,Italian Grand Prix,monza,Autodromo Nazionale di Monza,albon,Alexander,Albon,williams,Williams,9,1:20.542,1:20.314,1:20.299
2024,16,Italian Grand Prix,monza,Autodromo Nazionale di Monza,hulkenberg,Nico,Hülkenberg,haas,Haas F1 Team,10,1:20.781,1:20.411,1:20.339
2024,16,Italian Grand Prix,monza,Autodromo Nazionale di Monza,alonso,Fernando,Alonso,aston_martin,Aston Martin,11,1:20.617,1:20.421,
2024,16,Italian Grand Prix,monza,Autodromo Nazionale di Monza,ricciardo,Daniel,Ricciardo,rb,RB F1 Team,12,1:20.901,1:20.479,
2024,16,Italian Grand Prix,monza,Autodromo Nazionale di Monza,kevin_magnussen,Kevin,Magnussen,haas,Haas F1 Team,13,1:20.856,1:20.698,
2024,16,Italian Grand Prix,monza,Autodromo Nazionale di Monza,gasly,Pierre,Gasly,alpine,Alpine F1 Team,14,1:20.748,1:20.738,
2024,16,Italian Grand Prix,monza,Autodromo Nazionale di Monza,ocon,Esteban,Ocon,alpine,Alpine F1 Team,15,1:20.764,1:20.766,
2024,16,Italian Grand Prix,monza,Autodromo Nazionale di Monza,tsunoda,Yuki,Tsunoda,rb,RB F1 Team,16,1:20.945,,
2024,16,Italian Grand Prix,monza,Autodromo Nazionale di Monza,stroll,Lance,Stroll,aston_martin,Aston Martin,17,1:21.013,,
2024,16,Italian Grand Prix,monza,Autodromo Nazionale di Monza,colapinto,Franco,Colapinto,williams,Williams,18,1:21.061,,
2024,16,Italian Grand Prix,monza,Autodromo Nazionale di Monza,bottas,Valtteri,Bottas,sauber,Sauber,19,1:21.101,,
2024,16,Italian Grand Prix,monza,Autodromo Nazionale di Monza,zhou,Guanyu,Zhou,sauber,Sauber,20,1:21.445,,
2024,17,Azerbaijan Grand Prix,baku,Baku City Circuit,leclerc,Charles,Leclerc,ferrari,Ferrari,1,1:42.775,1:42.056,1:41.365
2024,17,Azerbaijan Grand Prix,baku,Baku City Circuit,piastri,Oscar,Piastri,mclaren,McLaren,2,1:43.033,1:42.598,1:41.686
2024,17,Azerbaijan Grand Prix,baku,Baku City Circuit,sainz,Carlos,Sainz,ferrari,Ferrari,3,1:43.357,1:42.503,1:41.805
2024,17,Azerbaijan Grand Prix,baku,Baku City Circuit,perez,Sergio,Pérez,red_bull,Red Bull,4,1:43.213,1:42.263,1:41.813
2024,17,Azerbaijan Grand Prix,baku,Baku City Circuit,russell,George,Russell,mercedes,Mercedes,5,1:43.139,1:42.329,1:41.874
2024,17,Azerbaijan Grand Prix,baku,Baku City Circuit,max_verstappen,Max,Verstappen,red_bull,Red Bull,6,1:43.097,1:42.042,1:42.023
2024,17,Azerbaijan Grand Prix,baku,Baku City Circuit,hamilton,Lewis,Hamilton,mercedes,Mercedes,7,1:43.089,1:42.765,1:42.289
2024,17,Azerbaijan Grand Prix,baku,Baku City Circuit,alonso,Fernando,Alonso,aston_martin,Aston Martin,8,1:43.472,1:42.426,1:42.369
2024,17,Azerbaijan Grand Prix,baku,Baku City Circuit,colapinto,Franco,Colapinto,williams,Williams,9,1:43.138,1:42.473,1:42.530
2024,17,Azerbaijan Grand Prix,baku,Baku City Circuit,albon,Alexander,Albon,williams,Williams,10,1:42.899,1:42.840,1:42.859
2024,17,Azerbaijan Grand Prix,baku,Baku City Circuit,bearman,Oliver,Bearman,haas,Haas F1 Team,11,1:43.471,1:42.968,
2024,17,Azerbaijan Grand Prix,baku,Baku City Circuit,tsunoda,Yuki,Tsunoda,rb,RB F1 Team,12,1:43.337,1:43.035,
2024,17,Azerbaijan Grand Prix,baku,Baku City Circuit,hulkenberg,Nico,Hülkenberg,haas,Haas F1 Team,13,1:43.101,1:43.191,
2024,17,Azerbaijan Grand Prix,baku,Baku City Circuit,stroll,Lance,Stroll,aston_martin,Aston Martin,14,1:43.370,1:43.404,
2024,17,Azerbaijan Grand Prix,baku,Baku City Circuit,gasly,Pierre,Gasly,alpine,Alpine F1 Team,15,,1:43.179,
2024,17,Azerbaijan Grand Prix,baku,Baku City Circuit,ricciardo,Daniel,Ricciardo,rb,RB F1 Team,15,1:43.547,,
2024,17,Azerbaijan Grand Prix,baku,Baku City Circuit,norris,Lando,Norris,mclaren,McLaren,16,1:43.609,,
2024,17,Azerbaijan Grand Prix,baku,Baku City Circuit,bottas,Valtteri,Bottas,sauber,Sauber,17,1:43.618,,
2024,17,Azerbaijan Grand Prix,baku,Baku City Circuit,zhou,Guanyu,Zhou,sauber,Sauber,18,1:44.246,,
2024,17,Azerbaijan Grand Prix,baku,Baku City Circuit,ocon,Esteban,Ocon,alpine,Alpine F1 Team,19,1:44.504,,
2024,18,Singapore Grand Prix,marina_bay,Marina Bay Street Circuit,norris,Lando,Norris,mclaren,McLaren,1,1:30.002,1:30.007,1:29.525
2024,18,Singapore Grand Prix,marina_bay,Marina Bay Street Circuit,max_verstappen,Max,Verstappen,red_bull,Red Bull,2,1:30.157,1:29.680,1:29.728
2024,18,Singapore Grand Prix,marina_bay,Marina Bay Street Circuit,hamilton,Lewis,Hamilton,mercedes,Mercedes,3,1:30.393,1:29.929,1:29.841
2024,18,Singapore Grand Prix,marina_bay,Marina Bay Street Circuit,russell,George,Russell,mercedes,Mercedes,4,1:30.811,1:30.153,1:29.867
2024,18,Singapore Grand Prix,marina_bay,Marina Bay Street Circuit,piastri,Oscar,Piastri,mclaren,McLaren,5,1:30.258,1:29.640,1:29.953
2024,18,Singapore Grand Prix,marina_bay,Marina Bay Street Circuit,hulkenberg,Nico,Hülkenberg,haas,Haas F1 Team,6,1:30.724,1:30.150,1:30.115
2024,18,Singapore Grand Prix,marina_bay,Marina Bay Street Circuit,alonso,Fernando,Alonso,aston_martin,Aston Martin,7,1:30.684,1:30.450,1:30.214
2024,18,Singapore Grand Prix,marina_bay,Marina Bay Street Circuit,tsunoda,Yuki,Tsunoda,rb,RB F1 Team,8,1:30.716,1:30.289,1:30.354
2024,18,Singapore Grand Prix,marina_bay,Marina Bay Street Circuit,leclerc,Charles,Leclerc,ferrari,Ferrari,9,1:30.786,1:29.747,
2024,18,Singapore Grand Prix,marina_bay,Marina Bay Street Circuit,sainz,Carlos,Sainz,ferrari,Ferrari,10,1:30.670,1:30.108,
2024,18,Singapore Grand Prix,marina_bay,Marina Bay Street Circuit,albon,Alexander,Albon,williams,Williams,11,1:30.679,1:30.474,
2024,18,Singapore Grand Prix,marina_bay,Marina Bay Street Circuit,colapinto,Franco,Colapinto,williams,Williams,12,1:30.704,1:30.481,
2024,18,Singapore Grand Prix,marina_bay,Marina Bay Street Circuit,perez,Sergio,Pérez,red_bull,Red Bull,13,1:30.624,1:30.579,
2024,18,Singapore Grand Prix,marina_bay,Marina Bay Street Circuit,kevin_magnussen,Kevin,Magnussen,haas,Haas F1 Team,14,1:30.829,1:30.653,
2024,18,Singapore Grand Prix,marina_bay,Marina Bay Street Circuit,ocon,Esteban,Ocon,alpine,Alpine F1 Team,15,1:30.958,1:30.769,
2024,18,Singapore Grand Prix,marina_bay,Marina Bay Street Circuit,ricciardo,Daniel,Ricciardo,rb,RB F1 Team,16,1:31.085,,
2024,18,Singapore Grand Prix,marina_bay,Marina Bay Street Circuit,stroll,Lance,Stroll,aston_martin,Aston Martin,17,1:31.094,,
2024,18,Singapore Grand Prix,marina_bay,Marina Bay Street Circuit,gasly,Pierre,Gasly,alpine,Alpine F1 Team,18,1:31.312,,
2024,18,Singapore Grand Prix,marina_bay,Marina Bay Street Circuit,bottas,Valtteri,Bottas,sauber,Sauber,19,1:31.572,,
2024,18,Singapore Grand Prix,marina_bay,Marina Bay Street Circuit,zhou,Guanyu,Zhou,sauber,Sauber,20,1:32.054,,
2024,19,United States Grand Prix,americas,Circuit of the Americas,norris,Lando,Norris,mclaren,McLaren,1,1:33.616,1:32.851,1:32.330
2024,19,United States Grand Prix,americas,Circuit of the Americas,max_verstappen,Max,Verstappen,red_bull,Red Bull,2,1:33.046,1:32.584,1:32.361
2024,19,United States Grand Prix,americas,Circuit of the Americas,sainz,Carlos,Sainz,ferrari,Ferrari,3,1:33.556,1:32.836,1:32.652
2024,19,United States Grand Prix,americas,Circuit of the Americas,leclerc,Charles,Leclerc,ferrari,Ferrari,4,1:33.241,1:32.962,1:32.740
2024,19,United States Grand Prix,americas,Circuit of the Americas,piastri,Oscar,Piastri,mclaren,McLaren,5,1:33.864,1:33.057,1:32.950
2024,19,United States Grand Prix,americas,Circuit of the Americas,russell,George,Russell,mercedes,Mercedes,6,1:33.536,1:33.142,1:32.974
2024,19,United States Grand Prix,americas,Circuit of the Americas,gasly,Pierre,Gasly,alpine,Alpine F1 Team,7,1:33.550,1:33.162,1:33.018
2024,19,United States Grand Prix,americas,Circuit of the Americas,alonso,Fernando,Alonso,aston_martin,Aston Martin,8,1:33.973,1:33.429,1:33.309
2024,19,United States Grand Prix,americas,Circuit of the Americas,kevin_magnussen,Kevin,Magnussen,haas,Haas F1 Team,9,1:33.564,1:33.474,1:33.481
2024,19,United States Grand Prix,americas,Circuit of the Americas,perez,Sergio,Pérez,red_bull,Red Bull,10,1:33.611,1:33.020,
2024,19,United States Grand Prix,americas,Circuit of the Americas,tsunoda,Yuki,Tsunoda,rb,RB F1 Team,11,1:33.795,1:33.506,
2024,19,United States Grand Prix,americas,Circuit of the Americas,hulkenberg,Nico,Hülkenberg,haas,Haas F1 Team,12,1:33.601,1:33.544,
2024,19,United States Grand Prix,americas,Circuit of the Americas,ocon,Esteban,Ocon,alpine,Alpine F1 Team,13,1:33.986,1:33.597,
2024,19,United States Grand Prix,americas,Circuit of the Americas,stroll,Lance,Stroll,aston_martin,Aston Martin,14,1:34.033,1:33.759,
2024,19,United States Grand Prix,americas,Circuit of the Americas,lawson,Liam,Lawson,rb,RB F1 Team,15,1:33.339,,
2024,19,United States Grand Prix,americas,Circuit of the Americas,albon,Alexander,Albon,williams,Williams,16,1:34.051,,
2024,19,United States Grand Prix,americas,Circuit of the Americas,colapinto,Franco,Colapinto,williams,Williams,17,1:34.062,,
2024,19,United States Grand Prix,americas,Circuit of the Americas,bottas,Valtteri,Bottas,sauber,Sauber,18,1:34.152,,
2024,19,United States Grand Prix,americas,Circuit of the Americas,hamilton,Lewis,Hamilton,mercedes,Mercedes,19,1:34.154,,
2024,19,United States Grand Prix,americas,Circuit of the Americas,zhou,Guanyu,Zhou,sauber,Sauber,20,1:34.228,,
2024,20,Mexico City Grand Prix,rodriguez,Autódromo Hermanos Rodríguez,sainz,Carlos,Sainz,ferrari,Ferrari,1,1:16.778,1:16.515,1:15.946
2024,20,Mexico City Grand Prix,rodriguez,Autódromo Hermanos Rodríguez,max_verstappen,Max,Verstappen,red_bull,Red Bull,2,1:16.803,1:16.514,1:16.171
2024,20,Mexico City Grand Prix,rodriguez,Autódromo Hermanos Rodríguez,norris,Lando,Norris,mclaren,McLaren,3,1:16.505,1:16.301,1:16.260
2024,20,Mexico City Grand Prix,rodriguez,Autódromo Hermanos Rodríguez,leclerc,Charles,Leclerc,ferrari,Ferrari,4,1:16.972,1:16.641,1:16.265
2024,20,Mexico City Grand Prix,rodriguez,Autódromo Hermanos Rodríguez,russell,George,Russell,mercedes,Mercedes,5,1:17.194,1:16.937,1:16.356
2024,20,Mexico City Grand Prix,rodriguez,Autódromo Hermanos Rodríguez,hamilton,Lewis,Hamilton,mercedes,Mercedes,6,1:17.306,1:16.973,1:16.651
2024,20,Mexico City Grand Prix,rodriguez,Autódromo Hermanos Rodríguez,kevin_magnussen,Kevin,Magnussen,haas,Haas F1 Team,7,1:17.125,1:17.003,1:16.886
2024,20,Mexico City Grand Prix,rodriguez,Autódromo Hermanos Rodríguez,gasly,Pierre,Gasly,alpine,Alpine F1 Team,8,1:17.149,1:17.048,1:16.892
2024,20,Mexico City Grand Prix,rodriguez,Autódromo Hermanos Rodríguez,albon,Alexander,Albon,williams,Williams,9,1:17.189,1:16.988,1:17.065
2024,20,Mexico City Grand Prix,rodriguez,Autódromo Hermanos Rodríguez,hulkenberg,Nico,Hülkenberg,haas,Haas F1 Team,10,1:17.186,1:16.995,1:17.365
2024,20,Mexico City Grand Prix,rodriguez,Autódromo Hermanos Rodríguez,tsunoda,Yuki,Tsunoda,rb,RB F1 Team,11,1:17.182,1:17.129,
2024,20,Mexico City Grand Prix,rodriguez,Autódromo Hermanos Rodríguez,lawson,Liam,Lawson,rb,RB F1 Team,12,1:17.380,1:17.162,
2024,20,Mexico City Grand Prix,rodriguez,Autódromo Hermanos Rodríguez,alonso,Fernando,Alonso,aston_martin,Aston Martin,13,1:17.307,1:17.168,
2024,20,Mexico City Grand Prix,rodriguez,Autódromo Hermanos Rodríguez,stroll,Lance,Stroll,aston_martin,Aston Martin,14,1:17.407,1:17.294,
2024,20,Mexico City Grand Prix,rodriguez,Autódromo Hermanos Rodríguez,bottas,Valtteri,Bottas,sauber,Sauber,15,1:17.393,1:17.817,
2024,20,Mexico City Grand Prix,rodriguez,Autódromo Hermanos Rodríguez,colapinto,Franco,Colapinto,williams,Williams,16,1:17.558,,
2024,20,Mexico City Grand Prix,rodriguez,Autódromo Hermanos Rodríguez,piastri,Oscar,Piastri,mclaren,McLaren,17,1:17.597,,
2024,20,Mexico City Grand Prix,rodriguez,Autódromo Hermanos Rodríguez,perez,Sergio,Pérez,red_bull,Red Bull,18,1:17.611,,
2024,20,Mexico City Grand Prix,rodriguez,Autódromo Hermanos Rodríguez,ocon,Esteban,Ocon,alpine,Alpine F1 Team,19,1:17.617,,
2024,20,Mexico City Grand Prix,rodriguez,Autódromo Hermanos Rodríguez,zhou,Guanyu,Zhou,sauber,Sauber,20,1:18.072,,
2024,21,São Paulo Grand Prix,interlagos,Autódromo José Carlos Pace,max_verstappen,Max,Verstappen,red_bull,Red Bull,12,1:28.522,1:27.771,
2024,21,São Paulo Grand Prix,interlagos,Autódromo José Carlos Pace,norris,Lando,Norris,mclaren,McLaren,1,1:30.944,1:24.844,1:23.405
2024,21,São Paulo Grand Prix,interlagos,Autódromo José Carlos Pace,russell,George,Russell,mercedes,Mercedes,2,1:29.121,1:26.307,1:23.578
2024,21,São Paulo Grand Prix,interlagos,Autódromo José Carlos Pace,tsunoda,Yuki,Tsunoda,rb,RB F1 Team,3,1:29.172,1:26.464,1:24.111
2024,21,São Paulo Grand Prix,interlagos,Autódromo José Carlos Pace,ocon,Esteban,Ocon,alpine,Alpine F1 Team,4,1:29.171,1:26.206,1:24.475
2024,21,São Paulo Grand Prix,interlagos,Autódromo José Carlos Pace,lawson,Liam,Lawson,rb,RB F1 Team,5,1:30.758,1:25.654,1:24.484
2024,21,São Paulo Grand Prix,interlagos,Autódromo José Carlos Pace,leclerc,Charles,Leclerc,ferrari,Ferrari,6,1:29.839,1:26.097,1:24.525
2024,21,São Paulo Grand Prix,interlagos,Autódromo José Carlos Pace,albon,Alexander,Albon,williams,Williams,7,1:29.072,1:24.657,1:24.657
2024,21,São Paulo Grand Prix,interlagos,Autódromo José Carlos Pace,piastri,Oscar,Piastri,mclaren,McLaren,8,1:30.114,1:24.686,1:24.686
2024,21,São Paulo Grand Prix,interlagos,Autódromo José Carlos Pace,alonso,Fernando,Alonso,aston_martin,Aston Martin,9,1:30.207,1:28.998,1:28.998
2024,21,São Paulo Grand Prix,interlagos,Autódromo José Carlos Pace,stroll,Lance,Stroll,aston_martin,Aston Martin,10,1:30.580,1:26.334,
2024,21,São Paulo Grand Prix,interlagos,Autódromo José Carlos Pace,bottas,Valtteri,Bottas,sauber,Sauber,11,1:30.633,1:26.472,
2024,21,São Paulo Grand Prix,interlagos,Autódromo José Carlos Pace,perez,Sergio,Pérez,red_bull,Red Bull,13,1:30.035,1:28.158,
2024,21,São Paulo Grand Prix,interlagos,Autódromo José Carlos Pace,sainz,Carlos,Sainz,ferrari,Ferrari,14,1:30.303,1:29.406,
2024,21,São Paulo Grand Prix,interlagos,Autódromo José Carlos Pace,gasly,Pierre,Gasly,alpine,Alpine F1 Team,15,1:29.420,1:29.614,
2024,21,São Paulo Grand Prix,interlagos,Autódromo José Carlos Pace,hamilton,Lewis,Hamilton,mercedes,Mercedes,16,1:31.150,,
2024,21,São Paulo Grand Prix,interlagos,Autódromo José Carlos Pace,bearman,Oliver,Bearman,haas,Haas F1 Team,17,1:31.229,,
2024,21,São Paulo Grand Prix,interlagos,Autódromo José Carlos Pace,colapinto,Franco,Colapinto,williams,Williams,18,1:31.270,,
2024,21,São Paulo Grand Prix,interlagos,Autódromo José Carlos Pace,hulkenberg,Nico,Hülkenberg,haas,Haas F1 Team,19,1:31.623,,
2024,21,São Paulo Grand Prix,interlagos,Autódromo José Carlos Pace,zhou,Guanyu,Zhou,sauber,Sauber,20,1:32.263,,
2024,22,Las Vegas Grand Prix,vegas,Las Vegas Strip Street Circuit,russell,George,Russell,mercedes,Mercedes,1,1:33.186,1:32.779,1:32.312
2024,22,Las Vegas Grand Prix,vegas,Las Vegas Strip Street Circuit,sainz,Carlos,Sainz,ferrari,Ferrari,2,1:33.484,1:32.711,1:32.410
2024,22,Las Vegas Grand Prix,vegas,Las Vegas Strip Street Circuit,gasly,Pierre,Gasly,alpine,Alpine F1 Team,3,1:33.691,1:32.879,1:32.664
2024,22,Las Vegas Grand Prix,vegas,Las Vegas Strip Street Circuit,leclerc,Charles,Leclerc,ferrari,Ferrari,4,1:33.446,1:33.016,1:32.783
2024,22,Las Vegas Grand Prix,vegas,Las Vegas Strip Street Circuit,max_verstappen,Max,Verstappen,red_bull,Red Bull,5,1:33.299,1:33.085,1:32.797
2024,22,Las Vegas Grand Prix,vegas,Las Vegas Strip Street Circuit,norris,Lando,Norris,mclaren,McLaren,6,1:33.592,1:33.099,1:33.008
2024,22,Las Vegas Grand Prix,vegas,Las Vegas Strip Street Circuit,tsunoda,Yuki,Tsunoda,rb,RB F1 Team,7,1:33.789,1:33.089,1:33.029
2024,22,Las Vegas Grand Prix,vegas,Las Vegas Strip Street Circuit,piastri,Oscar,Piastri,mclaren,McLaren,8,1:33.450,1:33.024,1:33.033
2024,22,Las Vegas Grand Prix,vegas,Las Vegas Strip Street Circuit,hulkenberg,Nico,Hülkenberg,haas,Haas F1 Team,9,1:33.920,1:33.114,1:33.062
2024,22,Las Vegas Grand Prix,vegas,Las Vegas Strip Street Circuit,hamilton,Lewis,Hamilton,mercedes,Mercedes,10,1:33.225,1:32.567,1:48.106
2024,22,Las Vegas Grand Prix,vegas,Las Vegas Strip Street Circuit,ocon,Esteban,Ocon,alpine,Alpine F1 Team,11,1:33.968,1:33.221,
2024,22,Las Vegas Grand Prix,vegas,Las Vegas Strip Street Circuit,kevin_magnussen,Kevin,Magnussen,haas,Haas F1 Team,12,1:33.991,1:33.297,
2024,22,Las Vegas Grand Prix,vegas,Las Vegas Strip Street Circuit,zhou,Guanyu,Zhou,sauber,Sauber,13,1:34.079,1:33.566,
2024,22,Las Vegas Grand Prix,vegas,Las Vegas Strip Street Circuit,colapinto,Franco,Colapinto,williams,Williams,14,1:33.746,1:33.749,
2024,22,Las Vegas Grand Prix,vegas,Las Vegas Strip Street Circuit,lawson,Liam,Lawson,rb,RB F1 Team,15,1:34.087,1:34.257,
2024,22,Las Vegas Grand Prix,vegas,Las Vegas Strip Street Circuit,perez,Sergio,Pérez,red_bull,Red Bull,16,1:34.155,,
2024,22,Las Vegas Grand Prix,vegas,Las Vegas Strip Street Circuit,alonso,Fernando,Alonso,aston_martin,Aston Martin,17,1:34.258,,
2024,22,Las Vegas Grand Prix,vegas,Las Vegas Strip Street Circuit,albon,Alexander,Albon,williams,Williams,18,1:34.425,,
2024,22,Las Vegas Grand Prix,vegas,Las Vegas Strip Street Circuit,bottas,Valtteri,Bottas,sauber,Sauber,19,1:34.430,,
2024,22,Las Vegas Grand Prix,vegas,Las Vegas Strip Street Circuit,stroll,Lance,Stroll,aston_martin,Aston Martin,20,1:34.484,,
2024,23,Qatar Grand Prix,losail,Losail International Circuit,max_verstappen,Max,Verstappen,red_bull,Red Bull,1,1:21.579,1:20.687,1:20.520
2024,23,Qatar Grand Prix,losail,Losail International Circuit,russell,George,Russell,mercedes,Mercedes,2,1:21.241,1:21.069,1:20.575
2024,23,Qatar Grand Prix,losail,Losail International Circuit,norris,Lando,Norris,mclaren,McLaren,3,1:21.578,1:20.983,1:20.772
2024,23,Qatar Grand Prix,losail,Losail International Circuit,piastri,Oscar,Piastri,mclaren,McLaren,4,1:21.821,1:21.121,1:20.829
2024,23,Qatar Grand Prix,losail,Losail International Circuit,leclerc,Charles,Leclerc,ferrari,Ferrari,5,1:21.278,1:21.000,1:20.852
2024,23,Qatar Grand Prix,losail,Losail International Circuit,hamilton,Lewis,Hamilton,mercedes,Mercedes,6,1:21.637,1:21.095,1:21.011
2024,23,Qatar Grand Prix,losail,Losail International Circuit,sainz,Carlos,Sainz,ferrari,Ferrari,7,1:21.447,1:21.199,1:21.041
2024,23,Qatar Grand Prix,losail,Losail International Circuit,alonso,Fernando,Alonso,aston_martin,Aston Martin,8,1:21.608,1:21.208,1:21.251
2024,23,Qatar Grand Prix,losail,Losail International Circuit,perez,Sergio,Pérez,red_bull,Red Bull,9,1:21.675,1:21.425,1:21.425
2024,23,Qatar Grand Prix,losail,Losail International Circuit,kevin_magnussen,Kevin,Magnussen,haas,Haas F1 Team,10,1:21.891,1:21.387,1:21.500
2024,23,Qatar Grand Prix,losail,Losail International Circuit,gasly,Pierre,Gasly,alpine,Alpine F1 Team,11,1:21.843,1:21.437,
2024,23,Qatar Grand Prix,losail,Losail International Circuit,zhou,Guanyu,Zhou,sauber,Sauber,12,1:22.103,1:21.501,
2024,23,Qatar Grand Prix,losail,Losail International Circuit,bottas,Valtteri,Bottas,sauber,Sauber,13,1:21.927,1:21.731,
2024,23,Qatar Grand Prix,losail,Losail International Circuit,tsunoda,Yuki,Tsunoda,rb,RB F1 Team,14,1:22.364,1:21.771,
2024,23,Qatar Grand Prix,losail,Losail International Circuit,stroll,Lance,Stroll,aston_martin,Aston Martin,15,1:22.011,1:21.911,
2024,23,Qatar Grand Prix,losail,Losail International Circuit,albon,Alexander,Albon,williams,Williams,16,1:22.390,,
2024,23,Qatar Grand Prix,losail,Losail International Circuit,lawson,Liam,Lawson,rb,RB F1 Team,17,1:22.411,,
2024,23,Qatar Grand Prix,losail,Losail International Circuit,hulkenberg,Nico,Hülkenberg,haas,Haas F1 Team,18,1:22.442,,
2024,23,Qatar Grand Prix,losail,Losail International Circuit,colapinto,Franco,Colapinto,williams,Williams,19,1:22.594,,
2024,23,Qatar Grand Prix,losail,Losail International Circuit,ocon,Esteban,Ocon,alpine,Alpine F1 Team,20,1:22.714,,
2024,24,Abu Dhabi Grand Prix,yas_marina,Yas Marina Circuit,norris,Lando,Norris,mclaren,McLaren,1,1:23.682,1:23.098,1:22.595
2024,24,Abu Dhabi Grand Prix,yas_marina,Yas Marina Circuit,piastri,Oscar,Piastri,mclaren,McLaren,2,1:23.640,1:23.199,1:22.804
2024,24,Abu Dhabi Grand Prix,yas_marina,Yas Marina Circuit,sainz,Carlos,Sainz,ferrari,Ferrari,3,1:23.487,1:22.985,1:22.824
2024,24,Abu Dhabi Grand Prix,yas_marina,Yas Marina Circuit,hulkenberg,Nico,Hülkenberg,haas,Haas F1 Team,4,1:23.722,1:23.040,1:22.886
2024,24,Abu Dhabi Grand Prix,yas_marina,Yas Marina Circuit,max_verstappen,Max,Verstappen,red_bull,Red Bull,5,1:23.516,1:22.998,1:22.945
2024,24,Abu Dhabi Grand Prix,yas_marina,Yas Marina Circuit,gasly,Pierre,Gasly,alpine,Alpine F1 Team,6,1:23.548,1:23.086,1:22.984
2024,24,Abu Dhabi Grand Prix,yas_marina,Yas Marina Circuit,russell,George,Russell,mercedes,Mercedes,7,1:23.678,1:23.283,1:23.132
2024,24,Abu Dhabi Grand Prix,yas_marina,Yas Marina Circuit,alonso,Fernando,Alonso,aston_martin,Aston Martin,8,1:23.794,1:23.268,1:23.196
2024,24,Abu Dhabi Grand Prix,yas_marina,Yas Marina Circuit,bottas,Valtteri,Bottas,sauber,Sauber,9,1:23.481,1:23.341,1:23.204
2024,24,Abu Dhabi Grand Prix,yas_marina,Yas Marina Circuit,perez,Sergio,Pérez,red_bull,Red Bull,10,1:23.559,1:23.379,1:23.264
2024,24,Abu Dhabi Grand Prix,yas_marina,Yas Marina Circuit,tsunoda,Yuki,Tsunoda,rb,RB F1 Team,11,1:23.735,1:23.419,
2024,24,Abu Dhabi Grand Prix,yas_marina,Yas Marina Circuit,lawson,Liam,Lawson,rb,RB F1 Team,12,1:23.733,1:23.472,
2024,24,Abu Dhabi Grand Prix,yas_marina,Yas Marina Circuit,stroll,Lance,Stroll,aston_martin,Aston Martin,13,1:23.729,1:23.784,
2024,24,Abu Dhabi Grand Prix,yas_marina,Yas Marina Circuit,leclerc,Charles,Leclerc,ferrari,Ferrari,14,1:23.302,1:23.833,
2024,24,Abu Dhabi Grand Prix,yas_marina,Yas Marina Circuit,kevin_magnussen,Kevin,Magnussen,haas,Haas F1 Team,15,1:23.632,1:23.877,
2024,24,Abu Dhabi Grand Prix,yas_marina,Yas Marina Circuit,albon,Alexander,Albon,williams,Williams,16,1:23.821,,
2024,24,Abu Dhabi Grand Prix,yas_marina,Yas Marina Circuit,zhou,Guanyu,Zhou,sauber,Sauber,17,1:23.880,,
2024,24,Abu Dhabi Grand Prix,yas_marina,Yas Marina Circuit,hamilton,Lewis,Hamilton,mercedes,Mercedes,18,1:23.887,,
2024,24,Abu Dhabi Grand Prix,yas_marina,Yas Marina Circuit,colapinto,Franco,Colapinto,williams,Williams,19,1:23.912,,
2024,24,Abu Dhabi Grand Prix,yas_marina,Yas Marina Circuit,doohan,Jack,Doohan,alpine,Alpine F1 Team,20,1:24.105,,
2025,1,Australian Grand Prix,albert_park,Albert Park Grand Prix Circuit,norris,Lando,Norris,mclaren,McLaren,1,1:15.912,1:15.415,1:15.096
2025,1,Australian Grand Prix,albert_park,Albert Park Grand Prix Circuit,piastri,Oscar,Piastri,mclaren,McLaren,2,1:16.062,1:15.468,1:15.180
2025,1,Australian Grand Prix,albert_park,Albert Park Grand Prix Circuit,max_verstappen,Max,Verstappen,red_bull,Red Bull,3,1:16.018,1:15.565,1:15.481
2025,1,Australian Grand Prix,albert_park,Albert Park Grand Prix Circuit,russell,George,Russell,mercedes,Mercedes,4,1:15.971,1:15.798,1:15.546
2025,1,Australian Grand Prix,albert_park,Albert Park Grand Prix Circuit,tsunoda,Yuki,Tsunoda,rb,RB F1 Team,5,1:16.225,1:16.009,1:15.670
2025,1,Australian Grand Prix,albert_park,Albert Park Grand Prix Circuit,albon,Alexander,Albon,williams,Williams,6,1:16.245,1:16.017,1:15.737
2025,1,Australian Grand Prix,albert_park,Albert Park Grand Prix Circuit,leclerc,Charles,Leclerc,ferrari,Ferrari,7,1:16.029,1:15.827,1:15.755
2025,1,Australian Grand Prix,albert_park,Albert Park Grand Prix Circuit,hamilton,Lewis,Hamilton,ferrari,Ferrari,8,1:16.213,1:15.919,1:15.973
2025,1,Australian Grand Prix,albert_park,Albert Park Grand Prix Circuit,gasly,Pierre,Gasly,alpine,Alpine F1 Team,9,1:16.328,1:16.112,1:15.980
2025,1,Australian Grand Prix,albert_park,Albert Park Grand Prix Circuit,sainz,Carlos,Sainz,williams,Williams,10,1:16.360,1:15.931,1:16.062
2025,1,Australian Grand Prix,albert_park,Albert Park Grand Prix Circuit,hadjar,Isack,Hadjar,rb,RB F1 Team,11,1:16.354,1:16.175,
2025,1,Australian Grand Prix,albert_park,Albert Park Grand Prix Circuit,alonso,Fernando,Alonso,aston_martin,Aston Martin,12,1:16.288,1:16.453,
2025,1,Australian Grand Prix,albert_park,Albert Park Grand Prix Circuit,stroll,Lance,Stroll,aston_martin,Aston Martin,13,1:16.369,1:16.483,
2025,1,Australian Grand Prix,albert_park,Albert Park Grand Prix Circuit,doohan,Jack,Doohan,alpine,Alpine F1 Team,14,1:16.315,1:16.863,
2025,1,Australian Grand Prix,albert_park,Albert Park Grand Prix Circuit,bortoleto,Gabriel,Bortoleto,sauber,Sauber,15,1:16.516,1:17.520,
2025,1,Australian Grand Prix,albert_park,Albert Park Grand Prix Circuit,antonelli,Andrea Kimi,Antonelli,mercedes,Mercedes,16,1:16.525,,
2025,1,Australian Grand Prix,albert_park,Albert Park Grand Prix Circuit,hulkenberg,Nico,Hülkenberg,sauber,Sauber,17,1:16.579,,
2025,1,Australian Grand Prix,albert_park,Albert Park Grand Prix Circuit,lawson,Liam,Lawson,red_bull,Red Bull,18,1:17.094,,
2025,1,Australian Grand Prix,albert_park,Albert Park Grand Prix Circuit,ocon,Esteban,Ocon,haas,Haas F1 Team,19,1:17.147,,
2025,1,Australian Grand Prix,albert_park,Albert Park Grand Prix Circuit,bearman,Oliver,Bearman,haas,Haas F1 Team,20,,,
2025,2,Chinese Grand Prix,shanghai,Shanghai International Circuit,piastri,Oscar,Piastri,mclaren,McLaren,1,1:31.591,1:31.200,1:30.641
2025,2,Chinese Grand Prix,shanghai,Shanghai International Circuit,russell,George,Russell,mercedes,Mercedes,2,1:31.295,1:31.307,1:30.723
2025,2,Chinese Grand Prix,shanghai,Shanghai International Circuit,norris,Lando,Norris,mclaren,McLaren,3,1:30.983,1:30.787,1:30.793
2025,2,Chinese Grand Prix,shanghai,Shanghai International Circuit,max_verstappen,Max,Verstappen,red_bull,Red Bull,4,1:31.424,1:31.142,1:30.817
2025,2,Chinese Grand Prix,shanghai,Shanghai International Circuit,hamilton,Lewis,Hamilton,ferrari,Ferrari,5,1:31.690,1:31.501,1:30.927
2025,2,Chinese Grand Prix,shanghai,Shanghai International Circuit,leclerc,Charles,Leclerc,ferrari,Ferrari,6,1:31.579,1:31.450,1:31.021
2025,2,Chinese Grand Prix,shanghai,Shanghai International Circuit,hadjar,Isack,Hadjar,rb,RB F1 Team,7,1:31.162,1:31.253,1:31.079
2025,2,Chinese Grand Prix,shanghai,Shanghai International Circuit,antonelli,Andrea Kimi,Antonelli,mercedes,Mercedes,8,1:31.676,1:31.590,1:31.103
2025,2,Chinese Grand Prix,shanghai,Shanghai International Circuit,tsunoda,Yuki,Tsunoda,rb,RB F1 Team,9,1:31.238,1:31.260,1:31.638
2025,2,Chinese Grand Prix,shanghai,Shanghai International Circuit,albon,Alexander,Albon,williams,Williams,10,1:31.503,1:31.595,1:31.706
2025,2,Chinese Grand Prix,shanghai,Shanghai International Circuit,ocon,Esteban,Ocon,haas,Haas F1 Team,11,1:31.876,1:31.625,
2025,2,Chinese Grand Prix,shanghai,Shanghai International Circuit,hulkenberg,Nico,Hülkenberg,sauber,Sauber,12,1:31.921,1:31.632,
2025,2,Chinese Grand Prix,shanghai,Shanghai International Circuit,alonso,Fernando,Alonso,aston_martin,Aston Martin,13,1:31.719,1:31.688,
2025,2,Chinese Grand Prix,shanghai,Shanghai International Circuit,stroll,Lance,Stroll,aston_martin,Aston Martin,14,1:31.923,1:31.773,
2025,2,Chinese Grand Prix,shanghai,Shanghai International Circuit,sainz,Carlos,Sainz,williams,Williams,15,1:31.628,1:31.840,
2025,2,Chinese Grand Prix,shanghai,Shanghai International Circuit,gasly,Pierre,Gasly,alpine,Alpine F1 Team,16,1:31.992,,
2025,2,Chinese Grand Prix,shanghai,Shanghai International Circuit,bearman,Oliver,Bearman,haas,Haas F1 Team,17,1:32.018,,
2025,2,Chinese Grand Prix,shanghai,Shanghai International Circuit,doohan,Jack,Doohan,alpine,Alpine F1 Team,18,1:32.092,,
2025,2,Chinese Grand Prix,shanghai,Shanghai International Circuit,bortoleto,Gabriel,Bortoleto,sauber,Sauber,19,1:32.141,,
2025,2,Chinese Grand Prix,shanghai,Shanghai International Circuit,lawson,Liam,Lawson,red_bull,Red Bull,20,1:32.174,,
2025,3,Japanese Grand Prix,suzuka,Suzuka Circuit,max_verstappen,Max,Verstappen,red_bull,Red Bull,1,1:27.943,1:27.502,1:26.983
2025,3,Japanese Grand Prix,suzuka,Suzuka Circuit,norris,Lando,Norris,mclaren,McLaren,2,1:27.845,1:27.146,1:26.995
2025,3,Japanese Grand Prix,suzuka,Suzuka Circuit,piastri,Oscar,Piastri,mclaren,McLaren,3,1:27.687,1:27.507,1:27.027
2025,3,Japanese Grand Prix,suzuka,Suzuka Circuit,leclerc,Charles,Leclerc,ferrari,Ferrari,4,1:27.920,1:27.555,1:27.299
2025,3,Japanese Grand Prix,suzuka,Suzuka Circuit,russell,George,Russell,mercedes,Mercedes,5,1:27.843,1:27.400,1:27.318
2025,3,Japanese Grand Prix,suzuka,Suzuka Circuit,antonelli,Andrea Kimi,Antonelli,mercedes,Mercedes,6,1:27.968,1:27.639,1:27.555
2025,3,Japanese Grand Prix,suzuka,Suzuka Circuit,hadjar,Isack,Hadjar,rb,RB F1 Team,7,1:28.278,1:27.775,1:27.569
2025,3,Japanese Grand Prix,suzuka,Suzuka Circuit,hamilton,Lewis,Hamilton,ferrari,Ferrari,8,1:27.942,1:27.610,1:27.610
2025,3,Japanese Grand Prix,suzuka,Suzuka Circuit,albon,Alexander,Albon,williams,Williams,9,1:28.218,1:27.783,1:27.615
2025,3,Japanese Grand Prix,suzuka,Suzuka Circuit,bearman,Oliver,Bearman,haas,Haas F1 Team,10,1:28.228,1:27.711,1:27.867
2025,3,Japanese Grand Prix,suzuka,Suzuka Circuit,gasly,Pierre,Gasly,alpine,Alpine F1 Team,11,1:28.186,1:27.822,
2025,3,Japanese Grand Prix,suzuka,Suzuka Circuit,sainz,Carlos,Sainz,williams,Williams,12,1:28.209,1:27.836,
2025,3,Japanese Grand Prix,suzuka,Suzuka Circuit,alonso,Fernando,Alonso,aston_martin,Aston Martin,13,1:28.337,1:27.897,
2025,3,Japanese Grand Prix,suzuka,Suzuka Circuit,lawson,Liam,Lawson,rb,RB F1 Team,14,1:28.554,1:27.906,
2025,3,Japanese Grand Prix,suzuka,Suzuka Circuit,tsunoda,Yuki,Tsunoda,red_bull,Red Bull,15,1:27.967,1:28.000,
2025,3,Japanese Grand Prix,suzuka,Suzuka Circuit,hulkenberg,Nico,Hülkenberg,sauber,Sauber,16,1:28.570,,
2025,3,Japanese Grand Prix,suzuka,Suzuka Circuit,bortoleto,Gabriel,Bortoleto,sauber,Sauber,17,1:28.622,,
2025,3,Japanese Grand Prix,suzuka,Suzuka Circuit,ocon,Esteban,Ocon,haas,Haas F1 Team,18,1:28.696,,
2025,3,Japanese Grand Prix,suzuka,Suzuka Circuit,doohan,Jack,Doohan,alpine,Alpine F1 Team,19,1:28.877,,
2025,3,Japanese Grand Prix,suzuka,Suzuka Circuit,stroll,Lance,Stroll,aston_martin,Aston Martin,20,1:29.271,,
2025,4,Bahrain Grand Prix,bahrain,Bahrain International Circuit,piastri,Oscar,Piastri,mclaren,McLaren,1,1:31.392,1:30.454,1:29.841
2025,4,Bahrain Grand Prix,bahrain,Bahrain International Circuit,russell,George,Russell,mercedes,Mercedes,2,1:31.494,1:30.664,1:30.009
2025,4,Bahrain Grand Prix,bahrain,Bahrain International Circuit,leclerc,Charles,Leclerc,ferrari,Ferrari,3,1:31.454,1:30.724,1:30.175
2025,4,Bahrain Grand Prix,bahrain,Bahrain International Circuit,antonelli,Andrea Kimi,Antonelli,mercedes,Mercedes,4,1:31.415,1:30.716,1:30.213
2025,4,Bahrain Grand Prix,bahrain,Bahrain International Circuit,gasly,Pierre,Gasly,alpine,Alpine F1 Team,5,1:31.462,1:30.643,1:30.216
2025,4,Bahrain Grand Prix,bahrain,Bahrain International Circuit,norris,Lando,Norris,mclaren,McLaren,6,1:31.107,1:30.560,1:30.267
2025,4,Bahrain Grand Prix,bahrain,Bahrain International Circuit,max_verstappen,Max,Verstappen,red_bull,Red Bull,7,1:31.303,1:31.019,1:30.423
2025,4,Bahrain Grand Prix,bahrain,Bahrain International Circuit,sainz,Carlos,Sainz,williams,Williams,8,1:31.591,1:30.844,1:30.680
2025,4,Bahrain Grand Prix,bahrain,Bahrain International Circuit,hamilton,Lewis,Hamilton,ferrari,Ferrari,9,1:31.219,1:31.009,1:30.772
2025,4,Bahrain Grand Prix,bahrain,Bahrain International Circuit,tsunoda,Yuki,Tsunoda,red_bull,Red Bull,10,1:31.751,1:31.228,1:31.303
2025,4,Bahrain Grand Prix,bahrain,Bahrain International Circuit,doohan,Jack,Doohan,alpine,Alpine F1 Team,11,1:31.414,1:31.245,
2025,4,Bahrain Grand Prix,bahrain,Bahrain International Circuit,hadjar,Isack,Hadjar,rb,RB F1 Team,12,1:31.591,1:31.271,
2025,4,Bahrain Grand Prix,bahrain,Bahrain International Circuit,alonso,Fernando,Alonso,aston_martin,Aston Martin,13,1:31.634,1:31.886,
2025,4,Bahrain Grand Prix,bahrain,Bahrain International Circuit,ocon,Esteban,Ocon,haas,Haas F1 Team,14,1:31.594,,
2025,4,Bahrain Grand Prix,bahrain,Bahrain International Circuit,albon,Alexander,Albon,williams,Williams,15,1:32.040,,
2025,4,Bahrain Grand Prix,bahrain,Bahrain International Circuit,hulkenberg,Nico,Hülkenberg,sauber,Sauber,16,1:32.067,,
2025,4,Bahrain Grand Prix,bahrain,Bahrain International Circuit,lawson,Liam,Lawson,rb,RB F1 Team,17,1:32.165,,
2025,4,Bahrain Grand Prix,bahrain,Bahrain International Circuit,bortoleto,Gabriel,Bortoleto,sauber,Sauber,18,1:32.186,,
2025,4,Bahrain Grand Prix,bahrain,Bahrain International Circuit,stroll,Lance,Stroll,aston_martin,Aston Martin,19,1:32.283,,
2025,4,Bahrain Grand Prix,bahrain,Bahrain International Circuit,bearman,Oliver,Bearman,haas,Haas F1 Team,20,1:32.373,,
2025,5,Saudi Arabian Grand Prix,jeddah,Jeddah Corniche Circuit,max_verstappen,Max,Verstappen,red_bull,Red Bull,1,1:27.778,1:27.529,1:27.294
2025,5,Saudi Arabian Grand Prix,jeddah,Jeddah Corniche Circuit,piastri,Oscar,Piastri,mclaren,McLaren,2,1:27.901,1:27.545,1:27.304
2025,5,Saudi Arabian Grand Prix,jeddah,Jeddah Corniche Circuit,russell,George,Russell,mercedes,Mercedes,3,1:28.282,1:27.599,1:27.407
2025,5,Saudi Arabian Grand Prix,jeddah,Jeddah Corniche Circuit,leclerc,Charles,Leclerc,ferrari,Ferrari,4,1:28.552,1:27.866,1:27.670
2025,5,Saudi Arabian Grand Prix,jeddah,Jeddah Corniche Circuit,antonelli,Andrea Kimi,Antonelli,mercedes,Mercedes,5,1:28.128,1:27.798,1:27.866
2025,5,Saudi Arabian Grand Prix,jeddah,Jeddah Corniche Circuit,sainz,Carlos,Sainz,williams,Williams,6,1:28.354,1:28.024,1:28.164
2025,5,Saudi Arabian Grand Prix,jeddah,Jeddah Corniche Circuit,hamilton,Lewis,Hamilton,ferrari,Ferrari,7,1:28.372,1:28.102,1:28.201
2025,5,Saudi Arabian Grand Prix,jeddah,Jeddah Corniche Circuit,tsunoda,Yuki,Tsunoda,red_bull,Red Bull,8,1:28.226,1:27.990,1:28.204
2025,5,Saudi Arabian Grand Prix,jeddah,Jeddah Corniche Circuit,gasly,Pierre,Gasly,alpine,Alpine F1 Team,9,1:28.421,1:28.025,1:28.367
2025,5,Saudi Arabian Grand Prix,jeddah,Jeddah Corniche Circuit,norris,Lando,Norris,mclaren,McLaren,10,1:27.805,1:27.481,
2025,5,Saudi Arabian Grand Prix,jeddah,Jeddah Corniche Circuit,albon,Alexander,Albon,williams,Williams,11,1:28.279,1:28.109,
2025,5,Saudi Arabian Grand Prix,jeddah,Jeddah Corniche Circuit,lawson,Liam,Lawson,rb,RB F1 Team,12,1:28.561,1:28.191,
2025,5,Saudi Arabian Grand Prix,jeddah,Jeddah Corniche Circuit,alonso,Fernando,Alonso,aston_martin,Aston Martin,13,1:28.548,1:28.303,
2025,5,Saudi Arabian Grand Prix,jeddah,Jeddah Corniche Circuit,hadjar,Isack,Hadjar,rb,RB F1 Team,14,1:28.571,1:28.418,
2025,5,Saudi Arabian Grand Prix,jeddah,Jeddah Corniche Circuit,bearman,Oliver,Bearman,haas,Haas F1 Team,15,1:28.536,1:28.648,
2025,5,Saudi Arabian Grand Prix,jeddah,Jeddah Corniche Circuit,stroll,Lance,Stroll,aston_martin,Aston Martin,16,1:28.645,,
2025,5,Saudi Arabian Grand Prix,jeddah,Jeddah Corniche Circuit,doohan,Jack,Doohan,alpine,Alpine F1 Team,17,1:28.739,,
2025,5,Saudi Arabian Grand Prix,jeddah,Jeddah Corniche Circuit,hulkenberg,Nico,Hülkenberg,sauber,Sauber,18,1:28.782,,
2025,5,Saudi Arabian Grand Prix,jeddah,Jeddah Corniche Circuit,ocon,Esteban,Ocon,haas,Haas F1 Team,19,1:29.092,,
2025,5,Saudi Arabian Grand Prix,jeddah,Jeddah Corniche Circuit,bortoleto,Gabriel,Bortoleto,sauber,Sauber,20,1:29.462,,
2025,6,Miami Grand Prix,miami,Miami International Autodrome,max_verstappen,Max,Verstappen,red_bull,Red Bull,1,1:26.870,1:26.643,1:26.204
2025,6,Miami Grand Prix,miami,Miami International Autodrome,norris,Lando,Norris,mclaren,McLaren,2,1:26.955,1:26.499,1:26.269
2025,6,Miami Grand Prix,miami,Miami International Autodrome,antonelli,Andrea Kimi,Antonelli,mercedes,Mercedes,3,1:27.077,1:26.606,1:26.271
2025,6,Miami Grand Prix,miami,Miami International Autodrome,piastri,Oscar,Piastri,mclaren,McLaren,4,1:27.006,1:26.269,1:26.375
2025,6,Miami Grand Prix,miami,Miami International Autodrome,russell,George,Russell,mercedes,Mercedes,5,1:27.014,1:26.575,1:26.385
2025,6,Miami Grand Prix,miami,Miami International Autodrome,sainz,Carlos,Sainz,williams,Williams,6,1:27.098,1:26.847,1:26.569
2025,6,Miami Grand Prix,miami,Miami International Autodrome,albon,Alexander,Albon,williams,Williams,7,1:27.042,1:26.855,1:26.682
2025,6,Miami Grand Prix,miami,Miami International Autodrome,leclerc,Charles,Leclerc,ferrari,Ferrari,8,1:27.417,1:26.948,1:26.754
2025,6,Miami Grand Prix,miami,Miami International Autodrome,ocon,Esteban,Ocon,haas,Haas F1 Team,9,1:27.450,1:26.967,1:26.824
2025,6,Miami Grand Prix,miami,Miami International Autodrome,tsunoda,Yuki,Tsunoda,red_bull,Red Bull,10,1:27.298,1:26.959,1:26.943
2025,6,Miami Grand Prix,miami,Miami International Autodrome,hadjar,Isack,Hadjar,rb,RB F1 Team,11,1:27.301,1:26.987,
2025,6,Miami Grand Prix,miami,Miami International Autodrome,hamilton,Lewis,Hamilton,ferrari,Ferrari,12,1:27.279,1:27.006,
2025,6,Miami Grand Prix,miami,Miami International Autodrome,bortoleto,Gabriel,Bortoleto,sauber,Sauber,13,1:27.343,1:27.151,
2025,6,Miami Grand Prix,miami,Miami International Autodrome,doohan,Jack,Doohan,alpine,Alpine F1 Team,14,1:27.422,1:27.186,
2025,6,Miami Grand Prix,miami,Miami International Autodrome,lawson,Liam,Lawson,rb,RB F1 Team,15,1:27.444,1:27.363,
2025,6,Miami Grand Prix,miami,Miami International Autodrome,hulkenberg,Nico,Hülkenberg,sauber,Sauber,16,1:27.473,,
2025,6,Miami Grand Prix,miami,Miami International Autodrome,alonso,Fernando,Alonso,aston_martin,Aston Martin,17,1:27.604,,
2025,6,Miami Grand Prix,miami,Miami International Autodrome,gasly,Pierre,Gasly,alpine,Alpine F1 Team,18,1:27.710,,
2025,6,Miami Grand Prix,miami,Miami International Autodrome,stroll,Lance,Stroll,aston_martin,Aston Martin,19,1:27.830,,
2025,6,Miami Grand Prix,miami,Miami International Autodrome,bearman,Oliver,Bearman,haas,Haas F1 Team,20,1:27.999,,
2025,7,Emilia Romagna Grand Prix,imola,Autodromo Enzo e Dino Ferrari,piastri,Oscar,Piastri,mclaren,McLaren,1,1:15.500,1:15.214,1:14.670
2025,7,Emilia Romagna Grand Prix,imola,Autodromo Enzo e Dino Ferrari,max_verstappen,Max,Verstappen,red_bull,Red Bull,2,1:15.175,1:15.394,1:14.704
2025,7,Emilia Romagna Grand Prix,imola,Autodromo Enzo e Dino Ferrari,russell,George,Russell,mercedes,Mercedes,3,1:15.852,1:15.334,1:14.807
2025,7,Emilia Romagna Grand Prix,imola,Autodromo Enzo e Dino Ferrari,norris,Lando,Norris,mclaren,McLaren,4,1:15.894,1:15.261,1:14.962
2025,7,Emilia Romagna Grand Prix,imola,Autodromo Enzo e Dino Ferrari,alonso,Fernando,Alonso,aston_martin,Aston Martin,5,1:15.695,1:15.442,1:15.431
2025,7,Emilia Romagna Grand Prix,imola,Autodromo Enzo e Dino Ferrari,sainz,Carlos,Sainz,williams,Williams,6,1:15.987,1:15.198,1:15.432
2025,7,Emilia Romagna Grand Prix,imola,Autodromo Enzo e Dino Ferrari,albon,Alexander,Albon,williams,Williams,7,1:16.123,1:15.521,1:15.473
2025,7,Emilia Romagna Grand Prix,imola,Autodromo Enzo e Dino Ferrari,stroll,Lance,Stroll,aston_martin,Aston Martin,8,1:15.817,1:15.497,1:15.581
2025,7,Emilia Romagna Grand Prix,imola,Autodromo Enzo e Dino Ferrari,hadjar,Isack,Hadjar,rb,RB F1 Team,9,1:16.253,1:15.510,1:15.746
2025,7,Emilia Romagna Grand Prix,imola,Autodromo Enzo e Dino Ferrari,gasly,Pierre,Gasly,alpine,Alpine F1 Team,10,1:15.937,1:15.505,1:15.787
2025,7,Emilia Romagna Grand Prix,imola,Autodromo Enzo e Dino Ferrari,leclerc,Charles,Leclerc,ferrari,Ferrari,11,1:16.108,1:15.604,
2025,7,Emilia Romagna Grand Prix,imola,Autodromo Enzo e Dino Ferrari,hamilton,Lewis,Hamilton,ferrari,Ferrari,12,1:16.163,1:15.765,
2025,7,Emilia Romagna Grand Prix,imola,Autodromo Enzo e Dino Ferrari,antonelli,Andrea Kimi,Antonelli,mercedes,Mercedes,13,1:15.943,1:15.772,
2025,7,Emilia Romagna Grand Prix,imola,Autodromo Enzo e Dino Ferrari,bortoleto,Gabriel,Bortoleto,sauber,Sauber,14,1:16.340,1:16.260,
2025,7,Emilia Romagna Grand Prix,imola,Autodromo Enzo e Dino Ferrari,colapinto,Franco,Colapinto,alpine,Alpine F1 Team,15,1:16.256,,
2025,7,Emilia Romagna Grand Prix,imola,Autodromo Enzo e Dino Ferrari,lawson,Liam,Lawson,rb,RB F1 Team,16,1:16.379,,
2025,7,Emilia Romagna Grand Prix,imola,Autodromo Enzo e Dino Ferrari,hulkenberg,Nico,Hülkenberg,sauber,Sauber,17,1:16.518,,
2025,7,Emilia Romagna Grand Prix,imola,Autodromo Enzo e Dino Ferrari,ocon,Esteban,Ocon,haas,Haas F1 Team,18,1:16.613,,
2025,7,Emilia Romagna Grand Prix,imola,Autodromo Enzo e Dino Ferrari,bearman,Oliver,Bearman,haas,Haas F1 Team,19,1:16.918,,
2025,7,Emilia Romagna Grand Prix,imola,Autodromo Enzo e Dino Ferrari,tsunoda,Yuki,Tsunoda,red_bull,Red Bull,20,,,
2025,8,Monaco Grand Prix,monaco,Circuit de Monaco,norris,Lando,Norris,mclaren,McLaren,1,1:11.285,1:10.570,1:09.954
2025,8,Monaco Grand Prix,monaco,Circuit de Monaco,leclerc,Charles,Leclerc,ferrari,Ferrari,2,1:11.229,1:10.581,1:10.063
2025,8,Monaco Grand Prix,monaco,Circuit de Monaco,piastri,Oscar,Piastri,mclaren,McLaren,3,1:11.308,1:10.858,1:10.129
2025,8,Monaco Grand Prix,monaco,Circuit de Monaco,hamilton,Lewis,Hamilton,ferrari,Ferrari,4,1:11.575,1:10.883,1:10.382
2025,8,Monaco Grand Prix,monaco,Circuit de Monaco,max_verstappen,Max,Verstappen,red_bull,Red Bull,5,1:11.431,1:10.875,1:10.669
2025,8,Monaco Grand Prix,monaco,Circuit de Monaco,hadjar,Isack,Hadjar,rb,RB F1 Team,6,1:11.811,1:11.040,1:10.923
2025,8,Monaco Grand Prix,monaco,Circuit de Monaco,alonso,Fernando,Alonso,aston_martin,Aston Martin,7,1:11.674,1:11.182,1:10.924
2025,8,Monaco Grand Prix,monaco,Circuit de Monaco,ocon,Esteban,Ocon,haas,Haas F1 Team,8,1:11.839,1:11.262,1:10.942
2025,8,Monaco Grand Prix,monaco,Circuit de Monaco,lawson,Liam,Lawson,rb,RB F1 Team,9,1:11.818,1:11.250,1:11.129
2025,8,Monaco Grand Prix,monaco,Circuit de Monaco,albon,Alexander,Albon,williams,Williams,10,1:11.629,1:10.732,1:11.213
2025,8,Monaco Grand Prix,monaco,Circuit de Monaco,sainz,Carlos,Sainz,williams,Williams,11,1:11.707,1:11.362,
2025,8,Monaco Grand Prix,monaco,Circuit de Monaco,tsunoda,Yuki,Tsunoda,red_bull,Red Bull,12,1:11.800,1:11.415,
2025,8,Monaco Grand Prix,monaco,Circuit de Monaco,hulkenberg,Nico,Hülkenberg,sauber,Sauber,13,1:11.871,1:11.596,
2025,8,Monaco Grand Prix,monaco,Circuit de Monaco,russell,George,Russell,mercedes,Mercedes,14,1:11.507,,
2025,8,Monaco Grand Prix,monaco,Circuit de Monaco,antonelli,Andrea Kimi,Antonelli,mercedes,Mercedes,15,1:11.880,,
2025,8,Monaco Grand Prix,monaco,Circuit de Monaco,bortoleto,Gabriel,Bortoleto,sauber,Sauber,16,1:11.902,,
2025,8,Monaco Grand Prix,monaco,Circuit de Monaco,bearman,Oliver,Bearman,haas,Haas F1 Team,17,1:11.979,,
2025,8,Monaco Grand Prix,monaco,Circuit de Monaco,gasly,Pierre,Gasly,alpine,Alpine F1 Team,18,1:11.994,,
2025,8,Monaco Grand Prix,monaco,Circuit de Monaco,stroll,Lance,Stroll,aston_martin,Aston Martin,19,1:12.563,,
2025,8,Monaco Grand Prix,monaco,Circuit de Monaco,colapinto,Franco,Colapinto,alpine,Alpine F1 Team,20,1:12.597,,
2025,9,Spanish Grand Prix,catalunya,Circuit de Barcelona-Catalunya,piastri,Oscar,Piastri,mclaren,McLaren,1,1:12.551,1:11.998,1:11.546
2025,9,Spanish Grand Prix,catalunya,Circuit de Barcelona-Catalunya,norris,Lando,Norris,mclaren,McLaren,2,1:12.799,1:12.056,1:11.755
2025,9,Spanish Grand Prix,catalunya,Circuit de Barcelona-Catalunya,max_verstappen,Max,Verstappen,red_bull,Red Bull,3,1:12.798,1:12.358,1:11.848
2025,9,Spanish Grand Prix,catalunya,Circuit de Barcelona-Catalunya,russell,George,Russell,mercedes,Mercedes,4,1:12.806,1:12.407,1:11.848
2025,9,Spanish Grand Prix,catalunya,Circuit de Barcelona-Catalunya,hamilton,Lewis,Hamilton,ferrari,Ferrari,5,1:13.058,1:12.447,1:12.045
2025,9,Spanish Grand Prix,catalunya,Circuit de Barcelona-Catalunya,antonelli,Andrea Kimi,Antonelli,mercedes,Mercedes,6,1:12.815,1:12.585,1:12.111
2025,9,Spanish Grand Prix,catalunya,Circuit de Barcelona-Catalunya,leclerc,Charles,Leclerc,ferrari,Ferrari,7,1:13.014,1:12.495,1:12.131
2025,9,Spanish Grand Prix,catalunya,Circuit de Barcelona-Catalunya,gasly,Pierre,Gasly,alpine,Alpine F1 Team,8,1:13.081,1:12.611,1:12.199
2025,9,Spanish Grand Prix,catalunya,Circuit de Barcelona-Catalunya,hadjar,Isack,Hadjar,rb,RB F1 Team,9,1:13.139,1:12.461,1:12.252
2025,9,Spanish Grand Prix,catalunya,Circuit de Barcelona-Catalunya,alonso,Fernando,Alonso,aston_martin,Aston Martin,10,1:13.102,1:12.523,1:12.284
2025,9,Spanish Grand Prix,catalunya,Circuit de Barcelona-Catalunya,albon,Alexander,Albon,williams,Williams,11,1:13.044,1:12.641,
2025,9,Spanish Grand Prix,catalunya,Circuit de Barcelona-Catalunya,bortoleto,Gabriel,Bortoleto,sauber,Sauber,12,1:13.045,1:12.756,
2025,9,Spanish Grand Prix,catalunya,Circuit de Barcelona-Catalunya,lawson,Liam,Lawson,rb,RB F1 Team,13,1:13.039,1:12.763,
2025,9,Spanish Grand Prix,catalunya,Circuit de Barcelona-Catalunya,stroll,Lance,Stroll,aston_martin,Aston Martin,14,1:13.038,1:13.058,
2025,9,Spanish Grand Prix,catalunya,Circuit de Barcelona-Catalunya,bearman,Oliver,Bearman,haas,Haas F1 Team,15,1:13.074,1:13.315,
2025,9,Spanish Grand Prix,catalunya,Circuit de Barcelona-Catalunya,hulkenberg,Nico,Hülkenberg,sauber,Sauber,16,1:13.190,,
2025,9,Spanish Grand Prix,catalunya,Circuit de Barcelona-Catalunya,ocon,Esteban,Ocon,haas,Haas F1 Team,17,1:13.201,,
2025,9,Spanish Grand Prix,catalunya,Circuit de Barcelona-Catalunya,sainz,Carlos,Sainz,williams,Williams,18,1:13.203,,
2025,9,Spanish Grand Prix,catalunya,Circuit de Barcelona-Catalunya,colapinto,Franco,Colapinto,alpine,Alpine F1 Team,19,1:13.334,,
2025,9,Spanish Grand Prix,catalunya,Circuit de Barcelona-Catalunya,tsunoda,Yuki,Tsunoda,red_bull,Red Bull,20,1:13.385,,
2025,10,Canadian Grand Prix,villeneuve,Circuit Gilles Villeneuve,russell,George,Russell,mercedes,Mercedes,1,1:12.075,1:11.570,1:10.899
2025,10,Canadian Grand Prix,villeneuve,Circuit Gilles Villeneuve,max_verstappen,Max,Verstappen,red_bull,Red Bull,2,1:12.054,1:11.638,1:11.059
2025,10,Canadian Grand Prix,villeneuve,Circuit Gilles Villeneuve,piastri,Oscar,Piastri,mclaren,McLaren,3,1:11.939,1:11.715,1:11.120
2025,10,Canadian Grand Prix,villeneuve,Circuit Gilles Villeneuve,antonelli,Andrea Kimi,Antonelli,mercedes,Mercedes,4,1:12.279,1:11.974,1:11.391
2025,10,Canadian Grand Prix,villeneuve,Circuit Gilles Villeneuve,hamilton,Lewis,Hamilton,ferrari,Ferrari,5,1:11.952,1:11.885,1:11.526
2025,10,Canadian Grand Prix,villeneuve,Circuit Gilles Villeneuve,alonso,Fernando,Alonso,aston_martin,Aston Martin,6,1:12.073,1:11.805,1:11.586
2025,10,Canadian Grand Prix,villeneuve,Circuit Gilles Villeneuve,norris,Lando,Norris,mclaren,McLaren,7,1:11.826,1:11.599,1:11.625
2025,10,Canadian Grand Prix,villeneuve,Circuit Gilles Villeneuve,leclerc,Charles,Leclerc,ferrari,Ferrari,8,1:12.038,1:11.626,1:11.682
2025,10,Canadian Grand Prix,villeneuve,Circuit Gilles Villeneuve,hadjar,Isack,Hadjar,rb,RB F1 Team,9,1:12.211,1:12.003,1:11.867
2025,10,Canadian Grand Prix,villeneuve,Circuit Gilles Villeneuve,albon,Alexander,Albon,williams,Williams,10,1:12.090,1:11.892,1:11.907
2025,10,Canadian Grand Prix,villeneuve,Circuit Gilles Villeneuve,tsunoda,Yuki,Tsunoda,red_bull,Red Bull,11,1:12.334,1:12.102,
2025,10,Canadian Grand Prix,villeneuve,Circuit Gilles Villeneuve,colapinto,Franco,Colapinto,alpine,Alpine F1 Team,12,1:12.234,1:12.142,
2025,10,Canadian Grand Prix,villeneuve,Circuit Gilles Villeneuve,hulkenberg,Nico,Hülkenberg,sauber,Sauber,13,1:12.323,1:12.183,
2025,10,Canadian Grand Prix,villeneuve,Circuit Gilles Villeneuve,bearman,Oliver,Bearman,haas,Haas F1 Team,14,1:12.306,1:12.340,
2025,10,Canadian Grand Prix,villeneuve,Circuit Gilles Villeneuve,ocon,Esteban,Ocon,haas,Haas F1 Team,15,1:12.378,1:12.634,
2025,10,Canadian Grand Prix,villeneuve,Circuit Gilles Villeneuve,bortoleto,Gabriel,Bortoleto,sauber,Sauber,16,1:12.385,,
2025,10,Canadian Grand Prix,villeneuve,Circuit Gilles Villeneuve,sainz,Carlos,Sainz,williams,Williams,17,1:12.398,,
2025,10,Canadian Grand Prix,villeneuve,Circuit Gilles Villeneuve,stroll,Lance,Stroll,aston_martin,Aston Martin,18,1:12.517,,
2025,10,Canadian Grand Prix,villeneuve,Circuit Gilles Villeneuve,lawson,Liam,Lawson,rb,RB F1 Team,19,1:12.525,,
2025,10,Canadian Grand Prix,villeneuve,Circuit Gilles Villeneuve,gasly,Pierre,Gasly,alpine,Alpine F1 Team,20,1:12.667,,
2025,11,Austrian Grand Prix,red_bull_ring,Red Bull Ring,norris,Lando,Norris,mclaren,McLaren,1,1:04.672,1:04.410,1:03.971
2025,11,Austrian Grand Prix,red_bull_ring,Red Bull Ring,leclerc,Charles,Leclerc,ferrari,Ferrari,2,1:05.197,1:04.734,1:04.492
2025,11,Austrian Grand Prix,red_bull_ring,Red Bull Ring,piastri,Oscar,Piastri,mclaren,McLaren,3,1:04.966,1:04.556,1:04.554
2025,11,Austrian Grand Prix,red_bull_ring,Red Bull Ring,hamilton,Lewis,Hamilton,ferrari,Ferrari,4,1:05.115,1:04.896,1:04.582
2025,11,Austrian Grand Prix,red_bull_ring,Red Bull Ring,russell,George,Russell,mercedes,Mercedes,5,1:05.189,1:04.860,1:04.763
2025,11,Austrian Grand Prix,red_bull_ring,Red Bull Ring,lawson,Liam,Lawson,rb,RB F1 Team,6,1:05.017,1:05.041,1:04.926
2025,11,Austrian Grand Prix,red_bull_ring,Red Bull Ring,max_verstappen,Max,Verstappen,red_bull,Red Bull,7,1:05.106,1:04.836,1:04.929
2025,11,Austrian Grand Prix,red_bull_ring,Red Bull Ring,bortoleto,Gabriel,Bortoleto,sauber,Sauber,8,1:05.123,1:04.846,1:05.132
2025,11,Austrian Grand Prix,red_bull_ring,Red Bull Ring,antonelli,Andrea Kimi,Antonelli,mercedes,Mercedes,9,1:05.178,1:05.052,1:05.276
2025,11,Austrian Grand Prix,red_bull_ring,Red Bull Ring,gasly,Pierre,Gasly,alpine,Alpine F1 Team,10,1:05.054,1:04.846,1:05.649
2025,11,Austrian Grand Prix,red_bull_ring,Red Bull Ring,alonso,Fernando,Alonso,aston_martin,Aston Martin,11,1:05.197,1:05.128,
2025,11,Austrian Grand Prix,red_bull_ring,Red Bull Ring,albon,Alexander,Albon,williams,Williams,12,1:05.143,1:05.205,
2025,11,Austrian Grand Prix,red_bull_ring,Red Bull Ring,hadjar,Isack,Hadjar,rb,RB F1 Team,13,1:05.063,1:05.226,
2025,11,Austrian Grand Prix,red_bull_ring,Red Bull Ring,colapinto,Franco,Colapinto,alpine,Alpine F1 Team,14,1:05.278,1:05.288,
2025,11,Austrian Grand Prix,red_bull_ring,Red Bull Ring,bearman,Oliver,Bearman,haas,Haas F1 Team,15,1:05.218,1:05.312,
2025,11,Austrian Grand Prix,red_bull_ring,Red Bull Ring,stroll,Lance,Stroll,aston_martin,Aston Martin,16,1:05.329,,
2025,11,Austrian Grand Prix,red_bull_ring,Red Bull Ring,ocon,Esteban,Ocon,haas,Haas F1 Team,17,1:05.364,,
2025,11,Austrian Grand Prix,red_bull_ring,Red Bull Ring,tsunoda,Yuki,Tsunoda,red_bull,Red Bull,18,1:05.369,,
2025,11,Austrian Grand Prix,red_bull_ring,Red Bull Ring,sainz,Carlos,Sainz,williams,Williams,19,1:05.582,,
2025,11,Austrian Grand Prix,red_bull_ring,Red Bull Ring,hulkenberg,Nico,Hülkenberg,sauber,Sauber,20,1:05.606,,
2025,12,British Grand Prix,silverstone,Silverstone Circuit,max_verstappen,Max,Verstappen,red_bull,Red Bull,1,1:25.886,1:25.316,1:24.892
2025,12,British Grand Prix,silverstone,Silverstone Circuit,piastri,Oscar,Piastri,mclaren,McLaren,2,1:25.963,1:25.316,1:24.995
2025,12,British Grand Prix,silverstone,Silverstone Circuit,norris,Lando,Norris,mclaren,McLaren,3,1:26.123,1:25.231,1:25.010
2025,12,British Grand Prix,silverstone,Silverstone Circuit,russell,George,Russell,mercedes,Mercedes,4,1:26.236,1:25.637,1:25.029
2025,12,British Grand Prix,silverstone,Silverstone Circuit,hamilton,Lewis,Hamilton,ferrari,Ferrari,5,1:26.296,1:25.084,1:25.095
2025,12,British Grand Prix,silverstone,Silverstone Circuit,leclerc,Charles,Leclerc,ferrari,Ferrari,6,1:26.186,1:25.133,1:25.121
2025,12,British Grand Prix,silverstone,Silverstone Circuit,antonelli,Andrea Kimi,Antonelli,mercedes,Mercedes,7,1:26.265,1:25.620,1:25.374
2025,12,British Grand Prix,silverstone,Silverstone Circuit,bearman,Oliver,Bearman,haas,Haas F1 Team,8,1:26.005,1:25.534,1:25.471
2025,12,British Grand Prix,silverstone,Silverstone Circuit,alonso,Fernando,Alonso,aston_martin,Aston Martin,9,1:26.108,1:25.593,1:25.621
2025,12,British Grand Prix,silverstone,Silverstone Circuit,gasly,Pierre,Gasly,alpine,Alpine F1 Team,10,1:26.328,1:25.711,1:25.785
2025,12,British Grand Prix,silverstone,Silverstone Circuit,sainz,Carlos,Sainz,williams,Williams,11,1:26.175,1:25.746,
2025,12,British Grand Prix,silverstone,Silverstone Circuit,tsunoda,Yuki,Tsunoda,red_bull,Red Bull,12,1:26.275,1:25.826,
2025,12,British Grand Prix,silverstone,Silverstone Circuit,hadjar,Isack,Hadjar,rb,RB F1 Team,13,1:26.177,1:25.864,
2025,12,British Grand Prix,silverstone,Silverstone Circuit,albon,Alexander,Albon,williams,Williams,14,1:26.093,1:25.889,
2025,12,British Grand Prix,silverstone,Silverstone Circuit,ocon,Esteban,Ocon,haas,Haas F1 Team,15,1:26.136,1:25.950,
2025,12,British Grand Prix,silverstone,Silverstone Circuit,lawson,Liam,Lawson,rb,RB F1 Team,16,1:26.440,,
2025,12,British Grand Prix,silverstone,Silverstone Circuit,bortoleto,Gabriel,Bortoleto,sauber,Sauber,17,1:26.446,,
2025,12,British Grand Prix,silverstone,Silverstone Circuit,stroll,Lance,Stroll,aston_martin,Aston Martin,18,1:26.504,,
2025,12,British Grand Prix,silverstone,Silverstone Circuit,hulkenberg,Nico,Hülkenberg,sauber,Sauber,19,1:26.574,,
2025,12,British Grand Prix,silverstone,Silverstone Circuit,colapinto,Franco,Colapinto,alpine,Alpine F1 Team,20,1:27.060,,
2025,13,Belgian Grand Prix,spa,Circuit de Spa-Francorchamps,norris,Lando,Norris,mclaren,McLaren,1,1:41.010,1:40.715,1:40.562
2025,13,Belgian Grand Prix,spa,Circuit de Spa-Francorchamps,piastri,Oscar,Piastri,mclaren,McLaren,2,1:41.201,1:40.626,1:40.647
2025,13,Belgian Grand Prix,spa,Circuit de Spa-Francorchamps,leclerc,Charles,Leclerc,ferrari,Ferrari,3,1:41.635,1:41.084,1:40.900
2025,13,Belgian Grand Prix,spa,Circuit de Spa-Francorchamps,max_verstappen,Max,Verstappen,red_bull,Red Bull,4,1:41.334,1:40.951,1:40.903
2025,13,Belgian Grand Prix,spa,Circuit de Spa-Francorchamps,albon,Alexander,Albon,williams,Williams,5,1:41.772,1:41.505,1:41.201
2025,13,Belgian Grand Prix,spa,Circuit de Spa-Francorchamps,russell,George,Russell,mercedes,Mercedes,6,1:41.784,1:41.254,1:41.260
2025,13,Belgian Grand Prix,spa,Circuit de Spa-Francorchamps,tsunoda,Yuki,Tsunoda,red_bull,Red Bull,7,1:41.840,1:41.245,1:41.284
2025,13,Belgian Grand Prix,spa,Circuit de Spa-Francorchamps,hadjar,Isack,Hadjar,rb,RB F1 Team,8,1:41.572,1:41.281,1:41.310
2025,13,Belgian Grand Prix,spa,Circuit de Spa-Francorchamps,lawson,Liam,Lawson,rb,RB F1 Team,9,1:41.748,1:41.297,1:41.328
2025,13,Belgian Grand Prix,spa,Circuit de Spa-Francorchamps,bortoleto,Gabriel,Bortoleto,sauber,Sauber,10,1:41.908,1:41.336,1:42.387
2025,13,Belgian Grand Prix,spa,Circuit de Spa-Francorchamps,ocon,Esteban,Ocon,haas,Haas F1 Team,11,1:41.884,1:41.525,
2025,13,Belgian Grand Prix,spa,Circuit de Spa-Francorchamps,bearman,Oliver,Bearman,haas,Haas F1 Team,12,1:41.617,1:41.617,
2025,13,Belgian Grand Prix,spa,Circuit de Spa-Francorchamps,gasly,Pierre,Gasly,alpine,Alpine F1 Team,13,1:41.800,1:41.633,
2025,13,Belgian Grand Prix,spa,Circuit de Spa-Francorchamps,hulkenberg,Nico,Hülkenberg,sauber,Sauber,14,1:41.844,1:41.707,
2025,13,Belgian Grand Prix,spa,Circuit de Spa-Francorchamps,sainz,Carlos,Sainz,williams,Williams,15,1:41.691,1:41.758,
2025,13,Belgian Grand Prix,spa,Circuit de Spa-Francorchamps,hamilton,Lewis,Hamilton,ferrari,Ferrari,16,1:41.939,,
2025,13,Belgian Grand Prix,spa,Circuit de Spa-Francorchamps,colapinto,Franco,Colapinto,alpine,Alpine F1 Team,17,1:42.022,,
2025,13,Belgian Grand Prix,spa,Circuit de Spa-Francorchamps,antonelli,Andrea Kimi,Antonelli,mercedes,Mercedes,18,1:42.139,,
2025,13,Belgian Grand Prix,spa,Circuit de Spa-Francorchamps,alonso,Fernando,Alonso,aston_martin,Aston Martin,19,1:42.385,,
2025,13,Belgian Grand Prix,spa,Circuit de Spa-Francorchamps,stroll,Lance,Stroll,aston_martin,Aston Martin,20,1:42.502,,
2025,14,Hungarian Grand Prix,hungaroring,Hungaroring,leclerc,Charles,Leclerc,ferrari,Ferrari,1,1:15.582,1:15.455,1:15.372
2025,14,Hungarian Grand Prix,hungaroring,Hungaroring,piastri,Oscar,Piastri,mclaren,McLaren,2,1:15.211,1:14.941,1:15.398
2025,14,Hungarian Grand Prix,hungaroring,Hungaroring,norris,Lando,Norris,mclaren,McLaren,3,1:15.523,1:14.890,1:15.413
2025,14,Hungarian Grand Prix,hungaroring,Hungaroring,russell,George,Russell,mercedes,Mercedes,4,1:15.627,1:15.201,1:15.425
2025,14,Hungarian Grand Prix,hungaroring,Hungaroring,alonso,Fernando,Alonso,aston_martin,Aston Martin,5,1:15.281,1:15.395,1:15.481
2025,14,Hungarian Grand Prix,hungaroring,Hungaroring,stroll,Lance,Stroll,aston_martin,Aston Martin,6,1:15.673,1:15.129,1:15.498
2025,14,Hungarian Grand Prix,hungaroring,Hungaroring,bortoleto,Gabriel,Bortoleto,sauber,Sauber,7,1:15.586,1:15.687,1:15.725
2025,14,Hungarian Grand Prix,hungaroring,Hungaroring,max_verstappen,Max,Verstappen,red_bull,Red Bull,8,1:15.736,1:15.547,1:15.728
2025,14,Hungarian Grand Prix,hungaroring,Hungaroring,lawson,Liam,Lawson,rb,RB F1 Team,9,1:15.849,1:15.630,1:15.821
2025,14,Hungarian Grand Prix,hungaroring,Hungaroring,hadjar,Isack,Hadjar,rb,RB F1 Team,10,1:15.516,1:15.469,1:15.915
2025,14,Hungarian Grand Prix,hungaroring,Hungaroring,bearman,Oliver,Bearman,haas,Haas F1 Team,11,1:15.750,1:15.694,
2025,14,Hungarian Grand Prix,hungaroring,Hungaroring,hamilton,Lewis,Hamilton,ferrari,Ferrari,12,1:15.733,1:15.702,
2025,14,Hungarian Grand Prix,hungaroring,Hungaroring,sainz,Carlos,Sainz,williams,Williams,13,1:15.652,1:15.781,
2025,14,Hungarian Grand Prix,hungaroring,Hungaroring,colapinto,Franco,Colapinto,alpine,Alpine F1 Team,14,1:15.875,1:16.159,
2025,14,Hungarian Grand Prix,hungaroring,Hungaroring,antonelli,Andrea Kimi,Antonelli,mercedes,Mercedes,15,1:15.782,1:16.386,
2025,14,Hungarian Grand Prix,hungaroring,Hungaroring,tsunoda,Yuki,Tsunoda,red_bull,Red Bull,16,1:15.899,,
2025,14,Hungarian Grand Prix,hungaroring,Hungaroring,gasly,Pierre,Gasly,alpine,Alpine F1 Team,17,1:15.966,,
2025,14,Hungarian Grand Prix,hungaroring,Hungaroring,ocon,Esteban,Ocon,haas,Haas F1 Team,18,1:16.023,,
2025,14,Hungarian Grand Prix,hungaroring,Hungaroring,hulkenberg,Nico,Hülkenberg,sauber,Sauber,19,1:16.081,,
2025,14,Hungarian Grand Prix,hungaroring,Hungaroring,albon,Alexander,Albon,williams,Williams,20,1:16.223,,
2025,15,Dutch Grand Prix,zandvoort,Circuit Park Zandvoort,piastri,Oscar,Piastri,mclaren,McLaren,1,1:09.338,1:08.964,1:08.662
2025,15,Dutch Grand Prix,zandvoort,Circuit Park Zandvoort,norris,Lando,Norris,mclaren,McLaren,2,1:09.469,1:08.874,1:08.674
2025,15,Dutch Grand Prix,zandvoort,Circuit Park Zandvoort,max_verstappen,Max,Verstappen,red_bull,Red Bull,3,1:09.696,1:09.122,1:08.925
2025,15,Dutch Grand Prix,zandvoort,Circuit Park Zandvoort,hadjar,Isack,Hadjar,rb,RB F1 Team,4,1:09.966,1:09.439,1:09.208
2025,15,Dutch Grand Prix,zandvoort,Circuit Park Zandvoort,russell,George,Russell,mercedes,Mercedes,5,1:09.676,1:09.313,1:09.255
2025,15,Dutch Grand Prix,zandvoort,Circuit Park Zandvoort,leclerc,Charles,Leclerc,ferrari,Ferrari,6,1:09.906,1:09.304,1:09.340
2025,15,Dutch Grand Prix,zandvoort,Circuit Park Zandvoort,hamilton,Lewis,Hamilton,ferrari,Ferrari,7,1:09.900,1:09.261,1:09.390
2025,15,Dutch Grand Prix,zandvoort,Circuit Park Zandvoort,lawson,Liam,Lawson,rb,RB F1 Team,8,1:09.779,1:09.383,1:09.500
2025,15,Dutch Grand Prix,zandvoort,Circuit Park Zandvoort,sainz,Carlos,Sainz,williams,Williams,9,1:09.980,1:09.472,1:09.505
2025,15,Dutch Grand Prix,zandvoort,Circuit Park Zandvoort,alonso,Fernando,Alonso,aston_martin,Aston Martin,10,1:09.950,1:09.366,1:09.630
2025,15,Dutch Grand Prix,zandvoort,Circuit Park Zandvoort,antonelli,Andrea Kimi,Antonelli,mercedes,Mercedes,11,1:09.845,1:09.493,
2025,15,Dutch Grand Prix,zandvoort,Circuit Park Zandvoort,tsunoda,Yuki,Tsunoda,red_bull,Red Bull,12,1:09.954,1:09.622,
2025,15,Dutch Grand Prix,zandvoort,Circuit Park Zandvoort,bortoleto,Gabriel,Bortoleto,sauber,Sauber,13,1:10.037,1:09.622,
2025,15,Dutch Grand Prix,zandvoort,Circuit Park Zandvoort,gasly,Pierre,Gasly,alpine,Alpine F1 Team,14,1:09.894,1:09.637,
2025,15,Dutch Grand Prix,zandvoort,Circuit Park Zandvoort,albon,Alexander,Albon,williams,Williams,15,1:09.792,1:09.652,
2025,15,Dutch Grand Prix,zandvoort,Circuit Park Zandvoort,colapinto,Franco,Colapinto,alpine,Alpine F1 Team,16,1:10.104,,
2025,15,Dutch Grand Prix,zandvoort,Circuit Park Zandvoort,hulkenberg,Nico,Hülkenberg,sauber,Sauber,17,1:10.195,,
2025,15,Dutch Grand Prix,zandvoort,Circuit Park Zandvoort,ocon,Esteban,Ocon,haas,Haas F1 Team,18,1:10.197,,
2025,15,Dutch Grand Prix,zandvoort,Circuit Park Zandvoort,bearman,Oliver,Bearman,haas,Haas F1 Team,19,1:10.262,,
2025,15,Dutch Grand Prix,zandvoort,Circuit Park Zandvoort,stroll,Lance,Stroll,aston_martin,Aston Martin,20,,,
2025,16,Italian Grand Prix,monza,Autodromo Nazionale di Monza,max_verstappen,Max,Verstappen,red_bull,Red Bull,1,1:19.455,1:19.140,1:18.792
2025,16,Italian Grand Prix,monza,Autodromo Nazionale di Monza,norris,Lando,Norris,mclaren,McLaren,2,1:19.517,1:19.293,1:18.869
2025,16,Italian Grand Prix,monza,Autodromo Nazionale di Monza,piastri,Oscar,Piastri,mclaren,McLaren,3,1:19.711,1:19.286,1:18.982
2025,16,Italian Grand Prix,monza,Autodromo Nazionale di Monza,leclerc,Charles,Leclerc,ferrari,Ferrari,4,1:19.689,1:19.310,1:19.007
2025,16,Italian Grand Prix,monza,Autodromo Nazionale di Monza,hamilton,Lewis,Hamilton,ferrari,Ferrari,5,1:19.765,1:19.371,1:19.124
2025,16,Italian Grand Prix,monza,Autodromo Nazionale di Monza,russell,George,Russell,mercedes,Mercedes,6,1:19.414,1:19.287,1:19.157
2025,16,Italian Grand Prix,monza,Autodromo Nazionale di Monza,antonelli,Andrea Kimi,Antonelli,mercedes,Mercedes,7,1:19.747,1:19.245,1:19.200
2025,16,Italian Grand Prix,monza,Autodromo Nazionale di Monza,bortoleto,Gabriel,Bortoleto,sauber,Sauber,8,1:19.688,1:19.323,1:19.390
2025,16,Italian Grand Prix,monza,Autodromo Nazionale di Monza,alonso,Fernando,Alonso,aston_martin,Aston Martin,9,1:19.658,1:19.362,1:19.424
2025,16,Italian Grand Prix,monza,Autodromo Nazionale di Monza,tsunoda,Yuki,Tsunoda,red_bull,Red Bull,10,1:19.619,1:19.433,1:19.519
2025,16,Italian Grand Prix,monza,Autodromo Nazionale di Monza,bearman,Oliver,Bearman,haas,Haas F1 Team,11,1:19.688,1:19.446,
2025,16,Italian Grand Prix,monza,Autodromo Nazionale di Monza,hulkenberg,Nico,Hülkenberg,sauber,Sauber,12,1:19.777,1:19.498,
2025,16,Italian Grand Prix,monza,Autodromo Nazionale di Monza,sainz,Carlos,Sainz,williams,Williams,13,1:19.644,1:19.528,
2025,16,Italian Grand Prix,monza,Autodromo Nazionale di Monza,albon,Alexander,Albon,williams,Williams,14,1:19.837,1:19.583,
2025,16,Italian Grand Prix,monza,Autodromo Nazionale di Monza,ocon,Esteban,Ocon,haas,Haas F1 Team,15,1:19.816,1:19.707,
2025,16,Italian Grand Prix,monza,Autodromo Nazionale di Monza,hadjar,Isack,Hadjar,rb,RB F1 Team,16,1:19.917,,
2025,16,Italian Grand Prix,monza,Autodromo Nazionale di Monza,stroll,Lance,Stroll,aston_martin,Aston Martin,17,1:19.948,,
2025,16,Italian Grand Prix,monza,Autodromo Nazionale di Monza,colapinto,Franco,Colapinto,alpine,Alpine F1 Team,18,1:19.992,,
2025,16,Italian Grand Prix,monza,Autodromo Nazionale di Monza,gasly,Pierre,Gasly,alpine,Alpine F1 Team,19,1:20.103,,
2025,16,Italian Grand Prix,monza,Autodromo Nazionale di Monza,lawson,Liam,Lawson,rb,RB F1 Team,20,1:20.279,,
2025,17,Azerbaijan Grand Prix,baku,Baku City Circuit,max_verstappen,Max,Verstappen,red_bull,Red Bull,1,1:41.331,1:41.255,1:41.117
2025,17,Azerbaijan Grand Prix,baku,Baku City Circuit,sainz,Carlos,Sainz,williams,Williams,2,1:42.635,1:41.675,1:41.595
2025,17,Azerbaijan Grand Prix,baku,Baku City Circuit,lawson,Liam,Lawson,rb,RB F1 Team,3,1:42.257,1:41.537,1:41.707
2025,17,Azerbaijan Grand Prix,baku,Baku City Circuit,antonelli,Andrea Kimi,Antonelli,mercedes,Mercedes,4,1:42.247,1:41.464,1:41.717
2025,17,Azerbaijan Grand Prix,baku,Baku City Circuit,russell,George,Russell,mercedes,Mercedes,5,1:41.646,1:41.455,1:42.070
2025,17,Azerbaijan Grand Prix,baku,Baku City Circuit,tsunoda,Yuki,Tsunoda,red_bull,Red Bull,6,1:42.347,1:41.788,1:42.143
2025,17,Azerbaijan Grand Prix,baku,Baku City Circuit,norris,Lando,Norris,mclaren,McLaren,7,1:41.322,1:41.396,1:42.239
2025,17,Azerbaijan Grand Prix,baku,Baku City Circuit,hadjar,Isack,Hadjar,rb,RB F1 Team,8,1:41.656,1:41.647,1:42.372
2025,17,Azerbaijan Grand Prix,baku,Baku City Circuit,piastri,Oscar,Piastri,mclaren,McLaren,9,1:41.839,1:41.414,
2025,17,Azerbaijan Grand Prix,baku,Baku City Circuit,leclerc,Charles,Leclerc,ferrari,Ferrari,10,1:41.458,1:41.519,
2025,17,Azerbaijan Grand Prix,baku,Baku City Circuit,alonso,Fernando,Alonso,aston_martin,Aston Martin,11,1:42.211,1:41.857,
2025,17,Azerbaijan Grand Prix,baku,Baku City Circuit,hamilton,Lewis,Hamilton,ferrari,Ferrari,12,1:41.821,1:42.183,
2025,17,Azerbaijan Grand Prix,baku,Baku City Circuit,bortoleto,Gabriel,Bortoleto,sauber,Sauber,13,1:42.511,1:42.277,
2025,17,Azerbaijan Grand Prix,baku,Baku City Circuit,stroll,Lance,Stroll,aston_martin,Aston Martin,14,1:42.101,1:43.061,
2025,17,Azerbaijan Grand Prix,baku,Baku City Circuit,bearman,Oliver,Bearman,haas,Haas F1 Team,15,1:42.666,,
2025,17,Azerbaijan Grand Prix,baku,Baku City Circuit,colapinto,Franco,Colapinto,alpine,Alpine F1 Team,16,1:42.779,,
2025,17,Azerbaijan Grand Prix,baku,Baku City Circuit,hulkenberg,Nico,Hülkenberg,sauber,Sauber,17,1:42.916,,
2025,17,Azerbaijan Grand Prix,baku,Baku City Circuit,gasly,Pierre,Gasly,alpine,Alpine F1 Team,18,1:43.139,,
2025,17,Azerbaijan Grand Prix,baku,Baku City Circuit,albon,Alexander,Albon,williams,Williams,19,1:43.778,,
2025,17,Azerbaijan Grand Prix,baku,Baku City Circuit,ocon,Esteban,Ocon,haas,Haas F1 Team,20,,,
2025,18,Singapore Grand Prix,marina_bay,Marina Bay Street Circuit,russell,George,Russell,mercedes,Mercedes,1,1:29.928,1:29.562,1:29.158
2025,18,Singapore Grand Prix,marina_bay,Marina Bay Street Circuit,max_verstappen,Max,Verstappen,red_bull,Red Bull,2,1:30.028,1:29.572,1:29.340
2025,18,Singapore Grand Prix,marina_bay,Marina Bay Street Circuit,piastri,Oscar,Piastri,mclaren,McLaren,3,1:30.313,1:29.813,1:29.524
2025,18,Singapore Grand Prix,marina_bay,Marina Bay Street Circuit,antonelli,Andrea Kimi,Antonelli,mercedes,Mercedes,4,1:30.036,1:29.649,1:29.537
2025,18,Singapore Grand Prix,marina_bay,Marina Bay Street Circuit,norris,Lando,Norris,mclaren,McLaren,5,1:29.932,1:29.809,1:29.586
2025,18,Singapore Grand Prix,marina_bay,Marina Bay Street Circuit,hamilton,Lewis,Hamilton,ferrari,Ferrari,6,1:29.765,1:29.936,1:29.688
2025,18,Singapore Grand Prix,marina_bay,Marina Bay Street Circuit,leclerc,Charles,Leclerc,ferrari,Ferrari,7,1:30.370,1:29.914,1:29.784
2025,18,Singapore Grand Prix,marina_bay,Marina Bay Street Circuit,hadjar,Isack,Hadjar,rb,RB F1 Team,8,1:30.214,1:30.016,1:29.846
2025,18,Singapore Grand Prix,marina_bay,Marina Bay Street Circuit,bearman,Oliver,Bearman,haas,Haas F1 Team,9,1:30.420,1:30.076,1:29.868
2025,18,Singapore Grand Prix,marina_bay,Marina Bay Street Circuit,alonso,Fernando,Alonso,aston_martin,Aston Martin,10,1:30.745,1:30.054,1:29.955
2025,18,Singapore Grand Prix,marina_bay,Marina Bay Street Circuit,hulkenberg,Nico,Hülkenberg,sauber,Sauber,11,1:30.715,1:30.141,
2025,18,Singapore Grand Prix,marina_bay,Marina Bay Street Circuit,lawson,Liam,Lawson,rb,RB F1 Team,12,1:30.681,1:30.320,
2025,18,Singapore Grand Prix,marina_bay,Marina Bay Street Circuit,tsunoda,Yuki,Tsunoda,red_bull,Red Bull,13,1:30.574,1:30.353,
2025,18,Singapore Grand Prix,marina_bay,Marina Bay Street Circuit,bortoleto,Gabriel,Bortoleto,sauber,Sauber,14,1:30.820,,
2025,18,Singapore Grand Prix,marina_bay,Marina Bay Street Circuit,stroll,Lance,Stroll,aston_martin,Aston Martin,15,1:30.949,,
2025,18,Singapore Grand Prix,marina_bay,Marina Bay Street Circuit,colapinto,Franco,Colapinto,alpine,Alpine F1 Team,16,1:30.982,,
2025,18,Singapore Grand Prix,marina_bay,Marina Bay Street Circuit,ocon,Esteban,Ocon,haas,Haas F1 Team,17,1:30.989,,
2025,18,Singapore Grand Prix,marina_bay,Marina Bay Street Circuit,gasly,Pierre,Gasly,alpine,Alpine F1 Team,18,1:31.261,,
2025,18,Singapore Grand Prix,marina_bay,Marina Bay Street Circuit,albon,Alexander,Albon,williams,Williams,19,,,
2025,18,Singapore Grand Prix,marina_bay,Marina Bay Street Circuit,sainz,Carlos,Sainz,williams,Williams,20,,,
2025,19,United States Grand Prix,americas,Circuit of the Americas,max_verstappen,Max,Verstappen,red_bull,Red Bull,1,1:33.207,1:32.701,1:32.510
2025,19,United States Grand Prix,americas,Circuit of the Americas,norris,Lando,Norris,mclaren,McLaren,2,1:33.843,1:32.876,1:32.801
2025,19,United States Grand Prix,americas,Circuit of the Americas,leclerc,Charles,Leclerc,ferrari,Ferrari,3,1:33.525,1:32.869,1:32.807
2025,19,United States Grand Prix,americas,Circuit of the Americas,russell,George,Russell,mercedes,Mercedes,4,1:33.311,1:33.058,1:32.826
2025,19,United States Grand Prix,americas,Circuit of the Americas,hamilton,Lewis,Hamilton,ferrari,Ferrari,5,1:33.685,1:32.914,1:32.912
2025,19,United States Grand Prix,americas,Circuit of the Americas,piastri,Oscar,Piastri,mclaren,McLaren,6,1:33.746,1:33.228,1:33.084
2025,19,United States Grand Prix,americas,Circuit of the Americas,antonelli,Andrea Kimi,Antonelli,mercedes,Mercedes,7,1:33.501,1:33.044,1:33.114
2025,19,United States Grand Prix,americas,Circuit of the Americas,bearman,Oliver,Bearman,haas,Haas F1 Team,8,1:33.921,1:33.238,1:33.139
2025,19,United States Grand Prix,americas,Circuit of the Americas,sainz,Carlos,Sainz,williams,Williams,9,1:33.739,1:33.124,1:33.150
2025,19,United States Grand Prix,americas,Circuit of the Americas,alonso,Fernando,Alonso,aston_martin,Aston Martin,10,1:33.741,1:33.237,1:33.160
2025,19,United States Grand Prix,americas,Circuit of the Americas,hulkenberg,Nico,Hülkenberg,sauber,Sauber,11,1:33.551,1:33.334,
2025,19,United States Grand Prix,americas,Circuit of the Americas,lawson,Liam,Lawson,rb,RB F1 Team,12,1:33.549,1:33.360,
2025,19,United States Grand Prix,americas,Circuit of the Americas,tsunoda,Yuki,Tsunoda,red_bull,Red Bull,13,1:33.935,1:33.466,
2025,19,United States Grand Prix,americas,Circuit of the Americas,gasly,Pierre,Gasly,alpine,Alpine F1 Team,14,1:33.599,1:33.651,
2025,19,United States Grand Prix,americas,Circuit of the Americas,colapinto,Franco,Colapinto,alpine,Alpine F1 Team,15,1:34.039,1:34.044,
2025,19,United States Grand Prix,americas,Circuit of the Americas,bortoleto,Gabriel,Bortoleto,sauber,Sauber,16,1:34.125,,
2025,19,United States Grand Prix,americas,Circuit of the Americas,ocon,Esteban,Ocon,haas,Haas F1 Team,17,1:34.136,,
2025,19,United States Grand Prix,americas,Circuit of the Americas,stroll,Lance,Stroll,aston_martin,Aston Martin,18,1:34.540,,
2025,19,United States Grand Prix,americas,Circuit of the Americas,albon,Alexander,Albon,williams,Williams,19,1:34.690,,
2025,19,United States Grand Prix,americas,Circuit of the Americas,hadjar,Isack,Hadjar,rb,RB F1 Team,20,,,
2025,20,Mexico City Grand Prix,rodriguez,Autódromo Hermanos Rodríguez,norris,Lando,Norris,mclaren,McLaren,1,1:16.899,1:16.252,1:15.586
2025,20,Mexico City Grand Prix,rodriguez,Autódromo Hermanos Rodríguez,leclerc,Charles,Leclerc,ferrari,Ferrari,2,1:17.024,1:16.658,1:15.848
2025,20,Mexico City Grand Prix,rodriguez,Autódromo Hermanos Rodríguez,hamilton,Lewis,Hamilton,ferrari,Ferrari,3,1:16.736,1:16.458,1:15.938
2025,20,Mexico City Grand Prix,rodriguez,Autódromo Hermanos Rodríguez,russell,George,Russell,mercedes,Mercedes,4,1:16.895,1:16.537,1:16.034
2025,20,Mexico City Grand Prix,rodriguez,Autódromo Hermanos Rodríguez,max_verstappen,Max,Verstappen,red_bull,Red Bull,5,1:17.076,1:16.605,1:16.070
2025,20,Mexico City Grand Prix,rodriguez,Autódromo Hermanos Rodríguez,antonelli,Andrea Kimi,Antonelli,mercedes,Mercedes,6,1:17.291,1:16.773,1:16.118
2025,20,Mexico City Grand Prix,rodriguez,Autódromo Hermanos Rodríguez,sainz,Carlos,Sainz,williams,Williams,7,1:17.171,1:16.607,1:16.172
2025,20,Mexico City Grand Prix,rodriguez,Autódromo Hermanos Rodríguez,piastri,Oscar,Piastri,mclaren,McLaren,8,1:17.158,1:16.737,1:16.174
2025,20,Mexico City Grand Prix,rodriguez,Autódromo Hermanos Rodríguez,hadjar,Isack,Hadjar,rb,RB F1 Team,9,1:16.733,1:16.804,1:16.252
2025,20,Mexico City Grand Prix,rodriguez,Autódromo Hermanos Rodríguez,bearman,Oliver,Bearman,haas,Haas F1 Team,10,1:17.040,1:16.787,1:16.460
2025,20,Mexico City Grand Prix,rodriguez,Autódromo Hermanos Rodríguez,tsunoda,Yuki,Tsunoda,red_bull,Red Bull,11,1:17.234,1:16.816,
2025,20,Mexico City Grand Prix,rodriguez,Autódromo Hermanos Rodríguez,ocon,Esteban,Ocon,haas,Haas F1 Team,12,1:16.948,1:16.837,
2025,20,Mexico City Grand Prix,rodriguez,Autódromo Hermanos Rodríguez,hulkenberg,Nico,Hülkenberg,sauber,Sauber,13,1:17.251,1:17.016,
2025,20,Mexico City Grand Prix,rodriguez,Autódromo Hermanos Rodríguez,alonso,Fernando,Alonso,aston_martin,Aston Martin,14,1:17.232,1:17.103,
2025,20,Mexico City Grand Prix,rodriguez,Autódromo Hermanos Rodríguez,lawson,Liam,Lawson,rb,RB F1 Team,15,1:16.961,1:18.072,
2025,20,Mexico City Grand Prix,rodriguez,Autódromo Hermanos Rodríguez,bortoleto,Gabriel,Bortoleto,sauber,Sauber,16,1:17.412,,
2025,20,Mexico City Grand Prix,rodriguez,Autódromo Hermanos Rodríguez,albon,Alexander,Albon,williams,Williams,17,1:17.490,,
2025,20,Mexico City Grand Prix,rodriguez,Autódromo Hermanos Rodríguez,gasly,Pierre,Gasly,alpine,Alpine F1 Team,18,1:17.546,,
2025,20,Mexico City Grand Prix,rodriguez,Autódromo Hermanos Rodríguez,stroll,Lance,Stroll,aston_martin,Aston Martin,19,1:17.606,,
2025,20,Mexico City Grand Prix,rodriguez,Autódromo Hermanos Rodríguez,colapinto,Franco,Colapinto,alpine,Alpine F1 Team,20,1:17.670,,
2025,21,São Paulo Grand Prix,interlagos,Autódromo José Carlos Pace,norris,Lando,Norris,mclaren,McLaren,1,1:09.656,1:09.616,1:09.511
2025,21,São Paulo Grand Prix,interlagos,Autódromo José Carlos Pace,antonelli,Andrea Kimi,Antonelli,mercedes,Mercedes,2,1:10.192,1:09.774,1:09.685
2025,21,São Paulo Grand Prix,interlagos,Autódromo José Carlos Pace,leclerc,Charles,Leclerc,ferrari,Ferrari,3,1:09.934,1:09.801,1:09.805
2025,21,São Paulo Grand Prix,interlagos,Autódromo José Carlos Pace,piastri,Oscar,Piastri,mclaren,McLaren,4,1:09.928,1:09.835,1:09.886
2025,21,São Paulo Grand Prix,interlagos,Autódromo José Carlos Pace,hadjar,Isack,Hadjar,rb,RB F1 Team,5,1:10.083,1:09.970,1:09.931
2025,21,São Paulo Grand Prix,interlagos,Autódromo José Carlos Pace,russell,George,Russell,mercedes,Mercedes,6,1:09.935,1:09.880,1:09.942
2025,21,São Paulo Grand Prix,interlagos,Autódromo José Carlos Pace,lawson,Liam,Lawson,rb,RB F1 Team,7,1:10.108,1:09.950,1:09.962
2025,21,São Paulo Grand Prix,interlagos,Autódromo José Carlos Pace,bearman,Oliver,Bearman,haas,Haas F1 Team,8,1:09.891,1:09.755,1:09.977
2025,21,São Paulo Grand Prix,interlagos,Autódromo José Carlos Pace,gasly,Pierre,Gasly,alpine,Alpine F1 Team,9,1:09.885,1:09.857,1:10.002
2025,21,São Paulo Grand Prix,interlagos,Autódromo José Carlos Pace,hulkenberg,Nico,Hülkenberg,sauber,Sauber,10,1:10.337,1:09.985,1:10.039
2025,21,São Paulo Grand Prix,interlagos,Autódromo José Carlos Pace,alonso,Fernando,Alonso,aston_martin,Aston Martin,11,1:10.181,1:10.001,
2025,21,São Paulo Grand Prix,interlagos,Autódromo José Carlos Pace,albon,Alexander,Albon,williams,Williams,12,1:10.115,1:10.053,
2025,21,São Paulo Grand Prix,interlagos,Autódromo José Carlos Pace,hamilton,Lewis,Hamilton,ferrari,Ferrari,13,1:10.016,1:10.100,
2025,21,São Paulo Grand Prix,interlagos,Autódromo José Carlos Pace,stroll,Lance,Stroll,aston_martin,Aston Martin,14,1:10.041,1:10.161,
2025,21,São Paulo Grand Prix,interlagos,Autódromo José Carlos Pace,sainz,Carlos,Sainz,williams,Williams,15,1:10.184,1:10.472,
2025,21,São Paulo Grand Prix,interlagos,Autódromo José Carlos Pace,max_verstappen,Max,Verstappen,red_bull,Red Bull,16,1:10.403,,
2025,21,São Paulo Grand Prix,interlagos,Autódromo José Carlos Pace,ocon,Esteban,Ocon,haas,Haas F1 Team,17,1:10.438,,
2025,21,São Paulo Grand Prix,interlagos,Autódromo José Carlos Pace,colapinto,Franco,Colapinto,alpine,Alpine F1 Team,18,1:10.632,,
2025,21,São Paulo Grand Prix,interlagos,Autódromo José Carlos Pace,tsunoda,Yuki,Tsunoda,red_bull,Red Bull,19,1:10.711,,
2025,22,Las Vegas Grand Prix,vegas,Las Vegas Strip Street Circuit,norris,Lando,Norris,mclaren,McLaren,1,1:55.473,1:51.379,1:47.934
2025,22,Las Vegas Grand Prix,vegas,Las Vegas Strip Street Circuit,max_verstappen,Max,Verstappen,red_bull,Red Bull,2,1:53.458,1:51.593,1:48.257
2025,22,Las Vegas Grand Prix,vegas,Las Vegas Strip Street Circuit,sainz,Carlos,Sainz,williams,Williams,3,1:54.873,1:51.144,1:48.296
2025,22,Las Vegas Grand Prix,vegas,Las Vegas Strip Street Circuit,russell,George,Russell,mercedes,Mercedes,4,1:53.144,1:50.935,1:48.803
2025,22,Las Vegas Grand Prix,vegas,Las Vegas Strip Street Circuit,piastri,Oscar,Piastri,mclaren,McLaren,5,1:54.544,1:52.126,1:48.961
2025,22,Las Vegas Grand Prix,vegas,Las Vegas Strip Street Circuit,lawson,Liam,Lawson,rb,RB F1 Team,6,1:54.828,1:51.621,1:49.062
2025,22,Las Vegas Grand Prix,vegas,Las Vegas Strip Street Circuit,alonso,Fernando,Alonso,aston_martin,Aston Martin,7,1:53.739,1:51.865,1:49.466
2025,22,Las Vegas Grand Prix,vegas,Las Vegas Strip Street Circuit,hadjar,Isack,Hadjar,rb,RB F1 Team,8,1:55.613,1:51.120,1:49.554
2025,22,Las Vegas Grand Prix,vegas,Las Vegas Strip Street Circuit,leclerc,Charles,Leclerc,ferrari,Ferrari,9,1:54.814,1:51.952,1:49.872
2025,22,Las Vegas Grand Prix,vegas,Las Vegas Strip Street Circuit,gasly,Pierre,Gasly,alpine,Alpine F1 Team,10,1:54.432,1:51.760,1:51.540
2025,22,Las Vegas Grand Prix,vegas,Las Vegas Strip Street Circuit,hulkenberg,Nico,Hülkenberg,sauber,Sauber,11,1:54.555,1:52.781,
2025,22,Las Vegas Grand Prix,vegas,Las Vegas Strip Street Circuit,stroll,Lance,Stroll,aston_martin,Aston Martin,12,1:54.416,1:52.850,
2025,22,Las Vegas Grand Prix,vegas,Las Vegas Strip Street Circuit,ocon,Esteban,Ocon,haas,Haas F1 Team,13,1:54.635,1:52.987,
2025,22,Las Vegas Grand Prix,vegas,Las Vegas Strip Street Circuit,bearman,Oliver,Bearman,haas,Haas F1 Team,14,1:56.016,1:53.094,
2025,22,Las Vegas Grand Prix,vegas,Las Vegas Strip Street Circuit,colapinto,Franco,Colapinto,alpine,Alpine F1 Team,15,1:54.847,1:53.683,
2025,22,Las Vegas Grand Prix,vegas,Las Vegas Strip Street Circuit,albon,Alexander,Albon,williams,Williams,16,1:56.220,,
2025,22,Las Vegas Grand Prix,vegas,Las Vegas Strip Street Circuit,antonelli,Andrea Kimi,Antonelli,mercedes,Mercedes,17,1:56.314,,
2025,22,Las Vegas Grand Prix,vegas,Las Vegas Strip Street Circuit,bortoleto,Gabriel,Bortoleto,sauber,Sauber,18,1:56.674,,
2025,22,Las Vegas Grand Prix,vegas,Las Vegas Strip Street Circuit,tsunoda,Yuki,Tsunoda,red_bull,Red Bull,19,1:56.798,,
2025,22,Las Vegas Grand Prix,vegas,Las Vegas Strip Street Circuit,hamilton,Lewis,Hamilton,ferrari,Ferrari,20,1:57.115,,
2025,23,Qatar Grand Prix,losail,Losail International Circuit,piastri,Oscar,Piastri,mclaren,McLaren,1,1:20.234,1:19.650,1:19.387
2025,23,Qatar Grand Prix,losail,Losail International Circuit,norris,Lando,Norris,mclaren,McLaren,2,1:20.157,1:19.861,1:19.495
2025,23,Qatar Grand Prix,losail,Losail International Circuit,max_verstappen,Max,Verstappen,red_bull,Red Bull,3,1:20.472,1:19.985,1:19.651
2025,23,Qatar Grand Prix,losail,Losail International Circuit,russell,George,Russell,mercedes,Mercedes,4,1:20.074,1:20.186,1:19.662
2025,23,Qatar Grand Prix,losail,Losail International Circuit,antonelli,Andrea Kimi,Antonelli,mercedes,Mercedes,5,1:20.576,1:20.084,1:19.846
2025,23,Qatar Grand Prix,losail,Losail International Circuit,hadjar,Isack,Hadjar,rb,RB F1 Team,6,1:20.603,1:20.350,1:20.114
2025,23,Qatar Grand Prix,losail,Losail International Circuit,sainz,Carlos,Sainz,williams,Williams,7,1:20.520,1:20.251,1:20.287
2025,23,Qatar Grand Prix,losail,Losail International Circuit,alonso,Fernando,Alonso,aston_martin,Aston Martin,8,1:20.598,1:20.219,1:20.418
2025,23,Qatar Grand Prix,losail,Losail International Circuit,gasly,Pierre,Gasly,alpine,Alpine F1 Team,9,1:20.681,1:20.324,1:20.477
2025,23,Qatar Grand Prix,losail,Losail International Circuit,leclerc,Charles,Leclerc,ferrari,Ferrari,10,1:20.564,1:20.343,1:20.561
2025,23,Qatar Grand Prix,losail,Losail International Circuit,hulkenberg,Nico,Hülkenberg,sauber,Sauber,11,1:20.630,1:20.353,
2025,23,Qatar Grand Prix,losail,Losail International Circuit,lawson,Liam,Lawson,rb,RB F1 Team,12,1:20.539,1:20.433,
2025,23,Qatar Grand Prix,losail,Losail International Circuit,bearman,Oliver,Bearman,haas,Haas F1 Team,13,1:20.548,1:20.438,
2025,23,Qatar Grand Prix,losail,Losail International Circuit,bortoleto,Gabriel,Bortoleto,sauber,Sauber,14,1:20.653,1:20.534,
2025,23,Qatar Grand Prix,losail,Losail International Circuit,albon,Alexander,Albon,williams,Williams,15,1:20.629,1:20.629,
2025,23,Qatar Grand Prix,losail,Losail International Circuit,tsunoda,Yuki,Tsunoda,red_bull,Red Bull,16,1:20.761,,
2025,23,Qatar Grand Prix,losail,Losail International Circuit,ocon,Esteban,Ocon,haas,Haas F1 Team,17,1:20.864,,
2025,23,Qatar Grand Prix,losail,Losail International Circuit,hamilton,Lewis,Hamilton,ferrari,Ferrari,18,1:20.907,,
2025,23,Qatar Grand Prix,losail,Losail International Circuit,stroll,Lance,Stroll,aston_martin,Aston Martin,19,1:21.058,,
2025,23,Qatar Grand Prix,losail,Losail International Circuit,colapinto,Franco,Colapinto,alpine,Alpine F1 Team,20,1:21.137,,
2025,24,Abu Dhabi Grand Prix,yas_marina,Yas Marina Circuit,max_verstappen,Max,Verstappen,red_bull,Red Bull,1,1:22.877,1:22.752,1:22.207
2025,24,Abu Dhabi Grand Prix,yas_marina,Yas Marina Circuit,norris,Lando,Norris,mclaren,McLaren,2,1:23.178,1:22.804,1:22.408
2025,24,Abu Dhabi Grand Prix,yas_marina,Yas Marina Circuit,piastri,Oscar,Piastri,mclaren,McLaren,3,1:22.605,1:23.021,1:22.437
2025,24,Abu Dhabi Grand Prix,yas_marina,Yas Marina Circuit,russell,George,Russell,mercedes,Mercedes,4,1:23.247,1:22.730,1:22.645
2025,24,Abu Dhabi Grand Prix,yas_marina,Yas Marina Circuit,leclerc,Charles,Leclerc,ferrari,Ferrari,5,1:23.163,1:22.948,1:22.730
2025,24,Abu Dhabi Grand Prix,yas_marina,Yas Marina Circuit,alonso,Fernando,Alonso,aston_martin,Aston Martin,6,1:23.071,1:22.861,1:22.902
2025,24,Abu Dhabi Grand Prix,yas_marina,Yas Marina Circuit,bortoleto,Gabriel,Bortoleto,sauber,Sauber,7,1:23.374,1:22.874,1:22.904
2025,24,Abu Dhabi Grand Prix,yas_marina,Yas Marina Circuit,ocon,Esteban,Ocon,haas,Haas F1 Team,8,1:23.334,1:23.023,1:22.913
2025,24,Abu Dhabi Grand Prix,yas_marina,Yas Marina Circuit,hadjar,Isack,Hadjar,rb,RB F1 Team,9,1:23.373,1:22.997,1:23.072
2025,24,Abu Dhabi Grand Prix,yas_marina,Yas Marina Circuit,tsunoda,Yuki,Tsunoda,red_bull,Red Bull,10,1:23.386,1:23.034,
2025,24,Abu Dhabi Grand Prix,yas_marina,Yas Marina Circuit,bearman,Oliver,Bearman,haas,Haas F1 Team,11,1:23.254,1:23.041,
2025,24,Abu Dhabi Grand Prix,yas_marina,Yas Marina Circuit,sainz,Carlos,Sainz,williams,Williams,12,1:23.187,1:23.042,
2025,24,Abu Dhabi Grand Prix,yas_marina,Yas Marina Circuit,lawson,Liam,Lawson,rb,RB F1 Team,13,1:23.265,1:23.077,
2025,24,Abu Dhabi Grand Prix,yas_marina,Yas Marina Circuit,antonelli,Andrea Kimi,Antonelli,mercedes,Mercedes,14,1:22.894,1:23.080,
2025,24,Abu Dhabi Grand Prix,yas_marina,Yas Marina Circuit,stroll,Lance,Stroll,aston_martin,Aston Martin,15,1:23.316,1:23.097,
2025,24,Abu Dhabi Grand Prix,yas_marina,Yas Marina Circuit,hamilton,Lewis,Hamilton,ferrari,Ferrari,16,1:23.394,,
2025,24,Abu Dhabi Grand Prix,yas_marina,Yas Marina Circuit,albon,Alexander,Albon,williams,Williams,17,1:23.416,,
2025,24,Abu Dhabi Grand Prix,yas_marina,Yas Marina Circuit,hulkenberg,Nico,Hülkenberg,sauber,Sauber,18,1:23.450,,
2025,24,Abu Dhabi Grand Prix,yas_marina,Yas Marina Circuit,gasly,Pierre,Gasly,alpine,Alpine F1 Team,19,1:23.468,,
2025,24,Abu Dhabi Grand Prix,yas_marina,Yas Marina Circuit,colapinto,Franco,Colapinto,alpine,Alpine F1 Team,20,1:23.890,,
